segment_type,climb_rate,descend_rate,start_altitude,end_altitude,climb_angle,descent_angle,speed,time_required
hover_climb,2.0567381402906255,,0.0,15.24,,,,
second_climb,2.54,,15.24,91.44,,,35.49507381390436,
departure_terminal_procedures,,,91.44,91.44,,,37.80292519447964,44.97524209266595
accel_climb,2.54,,91.44,457.20000000000005,,,40.16617826744854,
cruise_0,,,457.20000000000005,457.20000000000005,,,45.48632,812.8796137425079
decel_descend,,2.54,457.20000000000005,91.44,,,41.19745745207978,
arrival_terminal_procedure,,,91.44,91.44,,,36.63466963334196,50.1146416058465
second_descent,,2.54,91.44,15.24,,,39.781013431772244,
hover_descent,,1.4700559857848545,15.24,0.0,,,,
