eVTOL_type,mission_segment,altitude_ft,air_speed_mph,pitch_angle_deg,range_nmi,time_min,fesibility
multicopter,hover_climb,0.0,5.093957200142329,0.0,0.0,0.0,True
multicopter,hover_climb,74.27334907318564,5.093957200142329,0.0,0.0,0.16568952137122928,True
multicopter,hover_climb,282.3826486059498,5.093957200142329,0.0,0.0,0.6299412437287188,True
multicopter,hover_climb,583.1092995327641,5.093957200142329,0.0,0.0,1.3008044197858408,True
multicopter,hover_climb,916.8907004672358,5.093957200142329,0.0,0.0,2.045406369927564,True
multicopter,hover_climb,1217.61735139405,5.093957200142329,0.0,0.0,2.716269545984686,True
multicopter,hover_climb,1425.7266509268143,5.093957200142329,0.0,0.0,3.1805212683421757,True
multicopter,hover_climb,1500.0,5.093957200142329,0.0,0.0,3.346210789713405,True
multicopter,hover_descent,1500.0,3.270148318928195,0.0,0.0,3.346210789713405,True
multicopter,hover_descent,1425.7266509268143,3.270148318928195,0.0,0.0,3.6043077468122013,True
multicopter,hover_descent,1217.6173513940503,3.270148318928195,0.0,0.0,4.32747935040372,True
multicopter,hover_descent,916.890700467236,3.270148318928195,0.0,0.0,5.372492595278979,True
multicopter,hover_descent,583.1092995327642,3.270148318928195,0.0,0.0,6.532369792044052,True
multicopter,hover_descent,282.38264860594995,3.270148318928195,0.0,0.0,7.577383036919311,True
multicopter,hover_descent,74.27334907318571,3.270148318928195,0.0,0.0,8.300554640510828,True
multicopter,hover_descent,-0.0,3.270148318928195,0.0,0.0,8.558651597609625,True
