eVTOL_type,mission_segment,altitude_ft,air_speed_mph,pitch_angle_deg,range_nmi,time_min,fesibility
multicopter,hover_climb,0.0,4.249288979122861,0.0,0.0,0.0,True
multicopter,hover_climb,74.27334907318564,4.249288979122861,0.0,0.0,0.1986250722235727,True
multicopter,hover_climb,282.3826486059498,4.249288979122861,0.0,0.0,0.7551601573637624,True
multicopter,hover_climb,583.1092995327641,4.249288979122861,0.0,0.0,1.5593766563536562,True
multicopter,hover_climb,916.8907004672358,4.249288979122861,0.0,0.0,2.4519896285002094,True
multicopter,hover_climb,1217.61735139405,4.249288979122861,0.0,0.0,3.256206127490103,True
multicopter,hover_climb,1425.7266509268143,4.249288979122861,0.0,0.0,3.8127412126302933,True
multicopter,hover_climb,1500.0,4.249288979122861,0.0,0.0,4.0113662848538665,True
multicopter,hover_descent,1500.0,3.1470980369051813,0.0,0.0,4.0113662848538665,True
multicopter,hover_descent,1425.7266509268143,3.1470980369051813,0.0,0.0,4.279554730361304,True
multicopter,hover_descent,1217.6173513940503,3.1470980369051813,0.0,0.0,5.031002056135434,True
multicopter,hover_descent,916.890700467236,3.1470980369051813,0.0,0.0,6.116874903410032,True
multicopter,hover_descent,583.1092995327642,3.1470980369051813,0.0,0.0,7.322102837425844,True
multicopter,hover_descent,282.38264860594995,3.1470980369051813,0.0,0.0,8.40797568470044,True
multicopter,hover_descent,74.27334907318571,3.1470980369051813,0.0,0.0,9.159423010474573,True
multicopter,hover_descent,-0.0,3.1470980369051813,0.0,0.0,9.42761145598201,True
