segment_type,climb_rate,descend_rate,start_altitude,end_altitude,climb_angle,descent_angle,speed,time_required
hover_climb,2.26914971398603,,0.0,15.24,,,,
second_climb,2.54,,15.24,91.44,,,36.739790410689984,
departure_terminal_procedures,,,91.44,91.44,,,39.843688900298794,48.19676153055329
accel_climb,2.54,,91.44,457.20000000000005,,,36.77200754165616,
cruise_0,,,457.20000000000005,457.20000000000005,,,45.48632,474.70290409843665
decel_descend,,2.54,457.20000000000005,91.44,,,40.0183245333215,
arrival_terminal_procedure,,,91.44,91.44,,,35.328405361105574,46.651006497307364
second_descent,,2.54,91.44,15.24,,,34.950359143457526,
hover_descent,,1.0939640203065841,15.24,0.0,,,,
