eVTOL_type,mission_segment,altitude_ft,air_speed_mph,pitch_angle_deg,range_nmi,time_min,fesibility
multicopter,hover_climb,0.0,5.101034557018061,0.0,0.0,0.0,True
multicopter,hover_climb,74.27334907318564,5.101034557018061,0.0,0.0,0.1654596378328596,True
multicopter,hover_climb,282.3826486059498,5.101034557018061,0.0,0.0,0.6290672408293507,True
multicopter,hover_climb,583.1092995327641,5.101034557018061,0.0,0.0,1.2989996374418968,True
multicopter,hover_climb,916.8907004672358,5.101034557018061,0.0,0.0,2.042568500339726,True
multicopter,hover_climb,1217.61735139405,5.101034557018061,0.0,0.0,2.712500896952272,True
multicopter,hover_climb,1425.7266509268143,5.101034557018061,0.0,0.0,3.1761084999487634,True
multicopter,hover_climb,1500.0,5.101034557018061,0.0,0.0,3.341568137781623,True
multicopter,hover_descent,1500.0,3.2617027051305842,0.0,0.0,3.341568137781623,True
multicopter,hover_descent,1425.7266509268143,3.2617027051305842,0.0,0.0,3.6003333922143748,True
multicopter,hover_descent,1217.6173513940503,3.2617027051305842,0.0,0.0,4.325377523324642,True
multicopter,hover_descent,916.890700467236,3.2617027051305842,0.0,0.0,5.37309664886331,True
multicopter,hover_descent,583.1092995327642,3.2617027051305842,0.0,0.0,6.535977146585618,True
multicopter,hover_descent,282.38264860594995,3.2617027051305842,0.0,0.0,7.583696272124287,True
multicopter,hover_descent,74.27334907318571,3.2617027051305842,0.0,0.0,8.308740403234554,True
multicopter,hover_descent,-0.0,3.2617027051305842,0.0,0.0,8.567505657667306,True
