eVTOL_type,mission_segment,altitude_ft,air_speed_mph,pitch_angle_deg,range_nmi,time_min,fesibility
multicopter,hover_climb,0.0,4.8138056588852605,0.0,0.0,0.0,True
multicopter,hover_climb,74.27334907318564,4.8138056588852605,0.0,0.0,0.17533224026591873,True
multicopter,hover_climb,282.3826486059498,4.8138056588852605,0.0,0.0,0.666602260570197,True
multicopter,hover_climb,583.1092995327641,4.8138056588852605,0.0,0.0,1.3765080083601664,True
multicopter,hover_climb,916.8907004672358,4.8138056588852605,0.0,0.0,2.164443943863386,True
multicopter,hover_climb,1217.61735139405,4.8138056588852605,0.0,0.0,2.8743496916533555,True
multicopter,hover_climb,1425.7266509268143,4.8138056588852605,0.0,0.0,3.365619711957634,True
multicopter,hover_climb,1500.0,4.8138056588852605,0.0,0.0,3.5409519522235526,True
multicopter,hover_descent,1500.0,3.3837195007339234,0.0,0.0,3.5409519522235526,True
multicopter,hover_descent,1425.7266509268143,3.3837195007339234,0.0,0.0,3.790386141491914,True
multicopter,hover_descent,1217.6173513940503,3.3837195007339234,0.0,0.0,4.489285209002821,True
multicopter,hover_descent,916.890700467236,3.3837195007339234,0.0,0.0,5.499223623001177,True
multicopter,hover_descent,583.1092995327642,3.3837195007339234,0.0,0.0,6.6201706945127965,True
multicopter,hover_descent,282.38264860594995,3.3837195007339234,0.0,0.0,7.630109108511152,True
multicopter,hover_descent,74.27334907318571,3.3837195007339234,0.0,0.0,8.32900817602206,True
multicopter,hover_descent,-0.0,3.3837195007339234,0.0,0.0,8.578442365290421,True
