segment_type,climb_rate,descend_rate,start_altitude,end_altitude,climb_angle,descent_angle,speed,time_required
hover_climb,2.317244633817955,,0.0,15.24,,,,
second_climb,2.54,,15.24,91.44,,,39.17584559599894,
departure_terminal_procedures,,,91.44,91.44,,,39.85515533418049,55.17079379239385
accel_climb,2.54,,91.44,457.20000000000005,,,37.278700209356124,
cruise_0,,,457.20000000000005,457.20000000000005,,,45.48632,812.7765444976917
decel_descend,,2.54,457.20000000000005,91.44,,,41.6628051686652,
arrival_terminal_procedure,,,91.44,91.44,,,42.083967116736396,50.08833692770102
second_descent,,2.54,91.44,15.24,,,37.98754219401245,
hover_descent,,1.44366069625345,15.24,0.0,,,,
