eVTOL_type,mission_segment,altitude_ft,air_speed_mph,pitch_angle_deg,range_nmi,time_min,fesibility
multicopter,hover_climb,0.0,4.989048717593763,0.0,0.0,0.0,True
multicopter,hover_climb,74.27334907318564,4.989048717593763,0.0,0.0,0.16917359964850803,True
multicopter,hover_climb,282.3826486059498,4.989048717593763,0.0,0.0,0.6431874924056029,True
multicopter,hover_climb,583.1092995327641,4.989048717593763,0.0,0.0,1.3281574134118517,True
multicopter,hover_climb,916.8907004672358,4.989048717593763,0.0,0.0,2.088416669207176,True
multicopter,hover_climb,1217.61735139405,4.989048717593763,0.0,0.0,2.7733865902134247,True
multicopter,hover_climb,1425.7266509268143,4.989048717593763,0.0,0.0,3.2474004829705194,True
multicopter,hover_climb,1500.0,4.989048717593763,0.0,0.0,3.416574082619028,True
multicopter,hover_descent,1500.0,3.2156908196054923,0.0,0.0,3.416574082619028,True
multicopter,hover_descent,1425.7266509268143,3.2156908196054923,0.0,0.0,3.6790418936508904,True
multicopter,hover_descent,1217.6173513940503,3.2156908196054923,0.0,0.0,4.41446035781516,True
multicopter,hover_descent,916.890700467236,3.2156908196054923,0.0,0.0,5.477170828968532,True
multicopter,hover_descent,583.1092995327642,3.2156908196054923,0.0,0.0,6.656690465010463,True
multicopter,hover_descent,282.38264860594995,3.2156908196054923,0.0,0.0,7.719400936163836,True
multicopter,hover_descent,74.27334907318571,3.2156908196054923,0.0,0.0,8.454819400328105,True
multicopter,hover_descent,-0.0,3.2156908196054923,0.0,0.0,8.717287211359968,True
