eVTOL_type,mission_segment,altitude_ft,air_speed_mph,pitch_angle_deg,range_nmi,time_min,fesibility
multicopter,hover_climb,0.0,5.087966552157752,0.0,0.0,0.0,True
multicopter,hover_climb,74.27334907318564,5.087966552157752,0.0,0.0,0.1658846066940381,True
multicopter,hover_climb,282.3826486059498,5.087966552157752,0.0,0.0,0.6306829459792074,True
multicopter,hover_climb,583.1092995327641,5.087966552157752,0.0,0.0,1.3023360063825362,True
multicopter,hover_climb,916.8907004672358,5.087966552157752,0.0,0.0,2.0478146620069313,True
multicopter,hover_climb,1217.61735139405,5.087966552157752,0.0,0.0,2.71946772241026,True
multicopter,hover_climb,1425.7266509268143,5.087966552157752,0.0,0.0,3.1842660616954297,True
multicopter,hover_climb,1500.0,5.087966552157752,0.0,0.0,3.350150668389468,True
multicopter,hover_descent,1500.0,3.0737958291105727,0.0,0.0,3.350150668389468,True
multicopter,hover_descent,1425.7266509268143,3.0737958291105727,0.0,0.0,3.6247347257897062,True
multicopter,hover_descent,1217.6173513940503,3.0737958291105727,0.0,0.0,4.394102157869835,True
multicopter,hover_descent,916.890700467236,3.0737958291105727,0.0,0.0,5.505870309034047,True
multicopter,hover_descent,583.1092995327642,3.0737958291105727,0.0,0.0,6.739839862002689,True
multicopter,hover_descent,282.38264860594995,3.0737958291105727,0.0,0.0,7.8516080131669,True
multicopter,hover_descent,74.27334907318571,3.0737958291105727,0.0,0.0,8.62097544524703,True
multicopter,hover_descent,-0.0,3.0737958291105727,0.0,0.0,8.895559502647268,True
