eVTOL_type,mission_segment,altitude_ft,air_speed_mph,pitch_angle_deg,range_nmi,time_min,fesibility
multicopter,hover_climb,0.0,5.201942819474504,0.0,0.0,0.0,True
multicopter,hover_climb,74.27334907318564,5.201942819474504,0.0,0.0,0.1622500207455897,True
multicopter,hover_climb,282.3826486059498,5.201942819474504,0.0,0.0,0.6168644765077753,True
multicopter,hover_climb,583.1092995327641,5.201942819474504,0.0,0.0,1.2738013988424475,True
multicopter,hover_climb,916.8907004672358,5.201942819474504,0.0,0.0,2.0029463734785993,True
multicopter,hover_climb,1217.61735139405,5.201942819474504,0.0,0.0,2.6598832958132714,True
multicopter,hover_climb,1425.7266509268143,5.201942819474504,0.0,0.0,3.114497751575457,True
multicopter,hover_climb,1500.0,5.201942819474504,0.0,0.0,3.276747772321047,True
multicopter,hover_descent,1500.0,3.2141989785070244,0.0,0.0,3.276747772321047,True
multicopter,hover_descent,1425.7266509268143,3.2141989785070244,0.0,0.0,3.539337405390108,True
multicopter,hover_descent,1217.6173513940503,3.2141989785070244,0.0,0.0,4.275097207317455,True
multicopter,hover_descent,916.890700467236,3.2141989785070244,0.0,0.0,5.338300925829575,True
multicopter,hover_descent,583.1092995327642,3.2141989785070244,0.0,0.0,6.518368025137242,True
multicopter,hover_descent,282.38264860594995,3.2141989785070244,0.0,0.0,7.581571743649363,True
multicopter,hover_descent,74.27334907318571,3.2141989785070244,0.0,0.0,8.31733154557671,True
multicopter,hover_descent,-0.0,3.2141989785070244,0.0,0.0,8.579921178645773,True
