eVTOL_type,mission_segment,altitude_ft,air_speed_mph,pitch_angle_deg,range_nmi,time_min,fesibility
multicopter,hover_climb,0.0,5.603477529417737,0.0,0.0,0.0,True
multicopter,hover_climb,74.27334907318564,5.603477529417737,0.0,0.0,0.15062348799403721,True
multicopter,hover_climb,282.3826486059498,5.603477529417737,0.0,0.0,0.572661122903077,True
multicopter,hover_climb,583.1092995327641,5.603477529417737,0.0,0.0,1.1825231751814644,True
multicopter,hover_climb,916.8907004672358,5.603477529417737,0.0,0.0,1.859418985908233,True
multicopter,hover_climb,1217.61735139405,5.603477529417737,0.0,0.0,2.46928103818662,True
multicopter,hover_climb,1425.7266509268143,5.603477529417737,0.0,0.0,2.89131867309566,True
multicopter,hover_climb,1500.0,5.603477529417737,0.0,0.0,3.0419421610896977,True
multicopter,hover_descent,1500.0,3.139560415537401,0.0,0.0,3.0419421610896977,True
multicopter,hover_descent,1425.7266509268143,3.139560415537401,0.0,0.0,3.310774487488054,True
multicopter,hover_descent,1217.6173513940503,3.139560415537401,0.0,0.0,4.064025927427812,True
multicopter,hover_descent,916.890700467236,3.139560415537401,0.0,0.0,5.1525057952062365,True
multicopter,hover_descent,583.1092995327642,3.139560415537401,0.0,0.0,6.3606273036802845,True
multicopter,hover_descent,282.38264860594995,3.139560415537401,0.0,0.0,7.449107171458708,True
multicopter,hover_descent,74.27334907318571,3.139560415537401,0.0,0.0,8.202358611398466,True
multicopter,hover_descent,-0.0,3.139560415537401,0.0,0.0,8.471190937796823,True
