segment_type,climb_rate,descend_rate,start_altitude,end_altitude,climb_angle,descent_angle,speed,time_required
hover_climb,2.2065283045462327,,0.0,15.24,,,,
second_climb,2.54,,15.24,91.44,,,35.480814119643654,
departure_terminal_procedures,,,91.44,91.44,,,38.67039193817569,49.77534687979527
accel_climb,2.54,,91.44,457.20000000000005,,,36.818069523899474,
cruise_0,,,457.20000000000005,457.20000000000005,,,45.48632,812.7765444976912
decel_descend,,2.54,457.20000000000005,91.44,,,39.877145882563525,
arrival_terminal_procedure,,,91.44,91.44,,,36.59210843621091,54.16046771597718
second_descent,,2.54,91.44,15.24,,,36.59272088248675,
hover_descent,,1.4679599390810478,15.24,0.0,,,,
