segment_type,climb_rate,descend_rate,start_altitude,end_altitude,climb_angle,descent_angle,speed,time_required
hover_climb,1.8632410394873604,,0.0,15.24,,,,
second_climb,2.54,,15.24,91.44,,,38.50025097642786,
departure_terminal_procedures,,,91.44,91.44,,,36.45497331893903,59.38066702418154
accel_climb,2.54,,91.44,457.20000000000005,,,40.77842345034643,
cruise_0,,,457.20000000000005,457.20000000000005,,,45.48631999999999,812.7765444976908
decel_descend,,2.54,457.20000000000005,91.44,,,41.80784907491263,
arrival_terminal_procedure,,,91.44,91.44,,,37.28327960975512,47.290666453848964
second_descent,,2.54,91.44,15.24,,,34.400447154878385,
hover_descent,,1.4345795766429976,15.24,0.0,,,,
