eVTOL_type,mission_segment,altitude_ft,air_speed_mph,pitch_angle_deg,range_nmi,time_min,fesibility
multicopter,hover_climb,0.0,4.682560646084608,0.0,0.0,0.0,True
multicopter,hover_climb,74.27334907318564,4.682560646084608,0.0,0.0,0.1802465347849463,True
multicopter,hover_climb,282.3826486059498,4.682560646084608,0.0,0.0,0.6852861023469466,True
multicopter,hover_climb,583.1092995327641,4.682560646084608,0.0,0.0,1.4150894224265262,True
multicopter,hover_climb,916.8907004672358,4.682560646084608,0.0,0.0,2.2251099970315766,True
multicopter,hover_climb,1217.61735139405,4.682560646084608,0.0,0.0,2.954913317111156,True
multicopter,hover_climb,1425.7266509268143,4.682560646084608,0.0,0.0,3.459952884673157,True
multicopter,hover_climb,1500.0,4.682560646084608,0.0,0.0,3.640199419458103,True
multicopter,hover_descent,1500.0,3.3160568437353297,0.0,0.0,3.640199419458103,True
multicopter,hover_descent,1425.7266509268143,3.3160568437353297,0.0,0.0,3.8947232018147346,True
multicopter,hover_descent,1217.6173513940503,3.3160568437353297,0.0,0.0,4.607882992259559,True
multicopter,hover_descent,916.890700467236,3.3160568437353297,0.0,0.0,5.6384287479641255,True
multicopter,hover_descent,583.1092995327642,3.3160568437353297,0.0,0.0,6.782248243196875,True
multicopter,hover_descent,282.38264860594995,3.3160568437353297,0.0,0.0,7.8127939989014425,True
multicopter,hover_descent,74.27334907318571,3.3160568437353297,0.0,0.0,8.525953789346266,True
multicopter,hover_descent,-0.0,3.3160568437353297,0.0,0.0,8.780477571702898,True
