segment_type,climb_rate,descend_rate,start_altitude,end_altitude,climb_angle,descent_angle,speed,time_required
hover_climb,1.908878404179054,,0.0,15.24,,,,
second_climb,2.54,,15.24,91.44,,,38.627626957974734,
departure_terminal_procedures,,,91.44,91.44,,,43.67808038900954,51.73114046221162
accel_climb,2.54,,91.44,457.20000000000005,,,43.123053002118866,
cruise_0,,,457.20000000000005,457.20000000000005,,,45.486320000000006,938.5135135135097
decel_descend,,2.54,457.20000000000005,91.44,,,36.62837628029657,
arrival_terminal_procedure,,,91.44,91.44,,,36.63826221233564,48.18990241132344
second_descent,,2.54,91.44,15.24,,,39.394792952971756,
hover_descent,,1.1383679910581461,15.24,0.0,,,,
