segment_type,climb_rate,descend_rate,start_altitude,end_altitude,climb_angle,descent_angle,speed,time_required
hover_climb,2.1448549790295717,,0.0,15.24,,,,
second_climb,2.54,,15.24,91.44,,,36.72379314693512,
departure_terminal_procedures,,,91.44,91.44,,,38.84026206463567,52.7252718768121
accel_climb,2.54,,91.44,457.20000000000005,,,43.69427144789161,
cruise_0,,,457.20000000000005,457.20000000000005,,,45.48632,469.25675675675666
decel_descend,,2.54,457.20000000000005,91.44,,,40.27423766228223,
arrival_terminal_procedure,,,91.44,91.44,,,43.91171992174309,56.170370866709085
second_descent,,2.54,91.44,15.24,,,40.02623513038164,
hover_descent,,1.0850772044471575,15.24,0.0,,,,
