eVTOL_type,mission_segment,altitude_ft,air_speed_mph,pitch_angle_deg,range_nmi,time_min,fesibility
multicopter,hover_climb,0.0,5.600923859252587,0.0,0.0,0.0,True
multicopter,hover_climb,74.27334907318564,5.600923859252587,0.0,0.0,0.1506921628621709,True
multicopter,hover_climb,282.3826486059498,5.600923859252587,0.0,0.0,0.572922220475736,True
multicopter,hover_climb,583.1092995327641,5.600923859252587,0.0,0.0,1.1830623316184992,True
multicopter,hover_climb,916.8907004672358,5.600923859252587,0.0,0.0,1.8602667644012367,True
multicopter,hover_climb,1217.61735139405,5.600923859252587,0.0,0.0,2.470406875544,True
multicopter,hover_climb,1425.7266509268143,5.600923859252587,0.0,0.0,2.892636933157565,True
multicopter,hover_climb,1500.0,5.600923859252587,0.0,0.0,3.043329096019736,True
multicopter,hover_descent,1500.0,3.1491097598215343,0.0,0.0,3.043329096019736,True
multicopter,hover_descent,1425.7266509268143,3.1491097598215343,0.0,0.0,3.3113462166503433,True
multicopter,hover_descent,1217.6173513940503,3.1491097598215343,0.0,0.0,4.062313500786998,True
multicopter,hover_descent,916.890700467236,3.1491097598215343,0.0,0.0,5.1474926677971045,True
multicopter,hover_descent,583.1092995327642,3.1491097598215343,0.0,0.0,6.351950674805219,True
multicopter,hover_descent,282.38264860594995,3.1491097598215343,0.0,0.0,7.437129841815325,True
multicopter,hover_descent,74.27334907318571,3.1491097598215343,0.0,0.0,8.18809712595198,True
multicopter,hover_descent,-0.0,3.1491097598215343,0.0,0.0,8.456114246582587,True
