eVTOL_type,mission_segment,altitude_ft,air_speed_mph,pitch_angle_deg,range_nmi,time_min,fesibility
multicopter,hover_climb,0.0,4.065869813354699,0.0,0.0,0.0,True
multicopter,hover_climb,74.27334907318564,4.065869813354699,0.0,0.0,0.2075854292247304,True
multicopter,hover_climb,282.3826486059498,4.065869813354699,0.0,0.0,0.7892268767727469,True
multicopter,hover_climb,583.1092995327641,4.065869813354699,0.0,0.0,1.6297231205929383,True
multicopter,hover_climb,916.8907004672358,4.065869813354699,0.0,0.0,2.5626035715867483,True
multicopter,hover_climb,1217.61735139405,4.065869813354699,0.0,0.0,3.40309981540694,True
multicopter,hover_climb,1425.7266509268143,4.065869813354699,0.0,0.0,3.9847412629549566,True
multicopter,hover_climb,1500.0,4.065869813354699,0.0,0.0,4.192326692179687,True
multicopter,hover_descent,1500.0,3.0919538742221593,0.0,0.0,4.192326692179687,True
multicopter,hover_descent,1425.7266509268143,3.0919538742221593,0.0,0.0,4.465298206216079,True
multicopter,hover_descent,1217.6173513940503,3.0919538742221593,0.0,0.0,5.230147392194425,True
multicopter,hover_descent,916.890700467236,3.0919538742221593,0.0,0.0,6.335386488572027,True
multicopter,hover_descent,583.1092995327642,3.0919538742221593,0.0,0.0,7.5621093374433235,True
multicopter,hover_descent,282.38264860594995,3.0919538742221593,0.0,0.0,8.667348433820928,True
multicopter,hover_descent,74.27334907318571,3.0919538742221593,0.0,0.0,9.432197619799274,True
multicopter,hover_descent,-0.0,3.0919538742221593,0.0,0.0,9.705169133835664,True
