eVTOL_type,mission_segment,altitude_ft,air_speed_mph,pitch_angle_deg,range_nmi,time_min,fesibility
multicopter,hover_climb,0.0,5.531527619798644,0.0,0.0,0.0,True
multicopter,hover_climb,74.27334907318564,5.531527619798644,0.0,0.0,0.15258268391468924,True
multicopter,hover_climb,282.3826486059498,5.531527619798644,0.0,0.0,0.5801098638056389,True
multicopter,hover_climb,583.1092995327641,5.531527619798644,0.0,0.0,1.1979045384186755,True
multicopter,hover_climb,916.8907004672358,5.531527619798644,0.0,0.0,1.8836048956922273,True
multicopter,hover_climb,1217.61735139405,5.531527619798644,0.0,0.0,2.5013995703052636,True
multicopter,hover_climb,1425.7266509268143,5.531527619798644,0.0,0.0,2.9289267501962137,True
multicopter,hover_climb,1500.0,5.531527619798644,0.0,0.0,3.0815094341109033,True
multicopter,hover_descent,1500.0,3.1244776563453183,0.0,0.0,3.0815094341109033,True
multicopter,hover_descent,1425.7266509268143,3.1244776563453183,0.0,0.0,3.3516394920625254,True
multicopter,hover_descent,1217.6173513940503,3.1244776563453183,0.0,0.0,4.108527095012324,True
multicopter,hover_descent,916.890700467236,3.1244776563453183,0.0,0.0,5.202261370578812,True
multicopter,hover_descent,583.1092995327642,3.1244776563453183,0.0,0.0,6.416214831715437,True
multicopter,hover_descent,282.38264860594995,3.1244776563453183,0.0,0.0,7.509949107281926,True
multicopter,hover_descent,74.27334907318571,3.1244776563453183,0.0,0.0,8.266836710231726,True
multicopter,hover_descent,-0.0,3.1244776563453183,0.0,0.0,8.536966768183346,True
