segment_type,climb_rate,descend_rate,start_altitude,end_altitude,climb_angle,descent_angle,speed,time_required
hover_climb,2.114205991079633,,0.0,15.24,,,,
second_climb,2.54,,15.24,91.44,,,37.921334276615745,
departure_terminal_procedures,,,91.44,91.44,,,41.32711991618776,50.645204533791855
accel_climb,2.54,,91.44,457.20000000000005,,,42.444055188976066,
cruise_0,,,457.20000000000005,457.20000000000005,,,45.48632,1241.5366794151068
decel_descend,,2.54,457.20000000000005,91.44,,,42.86211141911559,
arrival_terminal_procedure,,,91.44,91.44,,,35.59873546696683,45.6758741615739
second_descent,,2.54,91.44,15.24,,,33.87252959590691,
hover_descent,,1.1097806998301623,15.24,0.0,,,,
