segment_type,climb_rate,descend_rate,start_altitude,end_altitude,climb_angle,descent_angle,speed,time_required
hover_climb,2.008217778515789,,0.0,15.24,,,,
second_climb,2.54,,15.24,91.44,,,38.693386649744205,
departure_terminal_procedures,,,91.44,91.44,,,37.009127477034,47.002500560196175
accel_climb,2.54,,91.44,457.20000000000005,,,39.09946694631397,
cruise_0,,,457.20000000000005,457.20000000000005,,,45.48632,1241.5366794151078
decel_descend,,2.54,457.20000000000005,91.44,,,35.63617030501774,
arrival_terminal_procedure,,,91.44,91.44,,,41.877951538364435,47.171527991221446
second_descent,,2.54,91.44,15.24,,,36.20403191901079,
hover_descent,,1.4362435903918904,15.24,0.0,,,,
