eVTOL_type,mission_segment,altitude_ft,air_speed_mph,pitch_angle_deg,range_nmi,time_min,fesibility
multicopter,hover_climb,0.0,5.595421411491147,0.0,0.0,0.0,True
multicopter,hover_climb,74.27334907318564,5.595421411491147,0.0,0.0,0.15084035112061103,True
multicopter,hover_climb,282.3826486059498,5.595421411491147,0.0,0.0,0.5734856230075028,True
multicopter,hover_climb,583.1092995327641,5.595421411491147,0.0,0.0,1.1842257361593778,True
multicopter,hover_climb,916.8907004672358,5.595421411491147,0.0,0.0,1.8620961209305662,True
multicopter,hover_climb,1217.61735139405,5.595421411491147,0.0,0.0,2.4728362340824415,True
multicopter,hover_climb,1425.7266509268143,5.595421411491147,0.0,0.0,2.8954815059693333,True
multicopter,hover_climb,1500.0,5.595421411491147,0.0,0.0,3.046321857089944,True
multicopter,hover_descent,1500.0,3.2861184593001576,0.0,0.0,3.046321857089944,True
multicopter,hover_descent,1425.7266509268143,3.2861184593001576,0.0,0.0,3.3031644940278895,True
multicopter,hover_descent,1217.6173513940503,3.2861184593001576,0.0,0.0,4.022821570627939,True
multicopter,hover_descent,916.890700467236,3.2861184593001576,0.0,0.0,5.062756176854617,True
multicopter,hover_descent,583.1092995327642,3.2861184593001576,0.0,0.0,6.216996509983763,True
multicopter,hover_descent,282.38264860594995,3.2861184593001576,0.0,0.0,7.256931116210441,True
multicopter,hover_descent,74.27334907318571,3.2861184593001576,0.0,0.0,7.976588192810492,True
multicopter,hover_descent,-0.0,3.2861184593001576,0.0,0.0,8.233430829748437,True
