segment_type,climb_rate,descend_rate,start_altitude,end_altitude,climb_angle,descent_angle,speed,time_required
hover_climb,1.7875998098260482,,0.0,15.24,,,,
second_climb,2.54,,15.24,91.44,,,38.23943166217588,
departure_terminal_procedures,,,91.44,91.44,,,41.54629950709048,59.8792662187466
accel_climb,2.54,,91.44,457.20000000000005,,,37.115419364795095,
cruise_0,,,457.20000000000005,457.20000000000005,,,45.48632,812.8378378378375
decel_descend,,2.54,457.20000000000005,91.44,,,41.15820104563529,
arrival_terminal_procedure,,,91.44,91.44,,,36.96887208183924,45.47080362248971
second_descent,,2.54,91.44,15.24,,,39.5611742164355,
hover_descent,,1.2408802523097335,15.24,0.0,,,,
