eVTOL_type,mission_segment,altitude_ft,air_speed_mph,pitch_angle_deg,range_nmi,time_min,fesibility
multicopter,hover_climb,0.0,4.010293051941931,0.0,0.0,0.0,True
multicopter,hover_climb,74.27334907318564,4.010293051941931,0.0,0.0,0.21046225785629472,True
multicopter,hover_climb,282.3826486059498,4.010293051941931,0.0,0.0,0.8001644001065351,True
multicopter,hover_climb,583.1092995327641,4.010293051941931,0.0,0.0,1.6523086852559015,True
multicopter,hover_climb,916.8907004672358,4.010293051941931,0.0,0.0,2.5981174867667423,True
multicopter,hover_climb,1217.61735139405,4.010293051941931,0.0,0.0,3.4502617719161086,True
multicopter,hover_climb,1425.7266509268143,4.010293051941931,0.0,0.0,4.039963914166349,True
multicopter,hover_climb,1500.0,4.010293051941931,0.0,0.0,4.250426172022644,True
multicopter,hover_descent,1500.0,3.095489902985523,0.0,0.0,4.250426172022644,True
multicopter,hover_descent,1425.7266509268143,3.095489902985523,0.0,0.0,4.523085866232299,True
multicopter,hover_descent,1217.6173513940503,3.095489902985523,0.0,0.0,5.287061352471342,True
multicopter,hover_descent,916.890700467236,3.095489902985523,0.0,0.0,6.391037916145668,True
multicopter,hover_descent,583.1092995327642,3.095489902985523,0.0,0.0,7.616359459435544,True
multicopter,hover_descent,282.38264860594995,3.095489902985523,0.0,0.0,8.720336023109867,True
multicopter,hover_descent,74.27334907318571,3.095489902985523,0.0,0.0,9.484311509348911,True
multicopter,hover_descent,-0.0,3.095489902985523,0.0,0.0,9.756971203558567,True
