eVTOL_type,mission_segment,altitude_ft,air_speed_mph,pitch_angle_deg,range_nmi,time_min,fesibility
multicopter,hover_climb,0.0,5.4078650260125904,0.0,0.0,0.0,True
multicopter,hover_climb,74.27334907318564,5.4078650260125904,0.0,0.0,0.1560718187893517,True
multicopter,hover_climb,282.3826486059498,5.4078650260125904,0.0,0.0,0.5933753373509308,True
multicopter,hover_climb,583.1092995327641,5.4078650260125904,0.0,0.0,1.2252972306579202,True
multicopter,hover_climb,916.8907004672358,5.4078650260125904,0.0,0.0,1.9266776177274438,True
multicopter,hover_climb,1217.61735139405,5.4078650260125904,0.0,0.0,2.558599511034433,True
multicopter,hover_climb,1425.7266509268143,5.4078650260125904,0.0,0.0,2.9959030295960125,True
multicopter,hover_climb,1500.0,5.4078650260125904,0.0,0.0,3.1519748483853642,True
multicopter,hover_descent,1500.0,3.331731864834926,0.0,0.0,3.1519748483853642,True
multicopter,hover_descent,1425.7266509268143,3.331731864834926,0.0,0.0,3.4053011557288055,True
multicopter,hover_descent,1217.6173513940503,3.331731864834926,0.0,0.0,4.115105695746489,True
multicopter,hover_descent,916.890700467236,3.331731864834926,0.0,0.0,5.1408029741065056,True
multicopter,hover_descent,583.1092995327642,3.331731864834926,0.0,0.0,6.279241065478057,True
multicopter,hover_descent,282.38264860594995,3.331731864834926,0.0,0.0,7.304938343838073,True
multicopter,hover_descent,74.27334907318571,3.331731864834926,0.0,0.0,8.014742883855755,True
multicopter,hover_descent,-0.0,3.331731864834926,0.0,0.0,8.268069191199197,True
