segment_type,climb_rate,descend_rate,start_altitude,end_altitude,climb_angle,descent_angle,speed,time_required
hover_climb,2.2351345730283536,,0.0,15.24,,,,
second_climb,2.54,,15.24,91.44,,,36.409931708033845,
departure_terminal_procedures,,,91.44,91.44,,,42.72595759530804,44.99987656484374
accel_climb,2.54,,91.44,457.20000000000005,,,43.922240629248954,
cruise_0,,,457.20000000000005,457.20000000000005,,,45.48632,1241.5366794151078
decel_descend,,2.54,457.20000000000005,91.44,,,40.707270278890064,
arrival_terminal_procedure,,,91.44,91.44,,,40.54241192461752,52.71364219862057
second_descent,,2.54,91.44,15.24,,,34.452515461129366,
hover_descent,,1.0893188207093574,15.24,0.0,,,,
