eVTOL_type,mission_segment,altitude_ft,air_speed_mph,pitch_angle_deg,range_nmi,time_min,fesibility
multicopter,hover_climb,0.0,5.1493315021661665,0.0,0.0,0.0,True
multicopter,hover_climb,74.27334907318564,5.1493315021661665,0.0,0.0,0.16390774802943997,True
multicopter,hover_climb,282.3826486059498,5.1493315021661665,0.0,0.0,0.623167052423919,True
multicopter,hover_climb,583.1092995327641,5.1493315021661665,0.0,0.0,1.2868159755023716,True
multicopter,hover_climb,916.8907004672358,5.1493315021661665,0.0,0.0,2.023410708929199,True
multicopter,hover_climb,1217.61735139405,5.1493315021661665,0.0,0.0,2.6870596320076516,True
multicopter,hover_climb,1425.7266509268143,5.1493315021661665,0.0,0.0,3.1463189364021305,True
multicopter,hover_climb,1500.0,5.1493315021661665,0.0,0.0,3.3102266844315706,True
multicopter,hover_descent,1500.0,3.2915887026123403,0.0,0.0,3.3102266844315706,True
multicopter,hover_descent,1425.7266509268143,3.2915887026123403,0.0,0.0,3.5666424783329367,True
multicopter,hover_descent,1217.6173513940503,3.2915887026123403,0.0,0.0,4.28510356732153,True
multicopter,hover_descent,916.890700467236,3.2915887026123403,0.0,0.0,5.323309921376148,True
multicopter,hover_descent,583.1092995327642,3.2915887026123403,0.0,0.0,6.475632039310928,True
multicopter,hover_descent,282.38264860594995,3.2915887026123403,0.0,0.0,7.513838393365546,True
multicopter,hover_descent,74.27334907318571,3.2915887026123403,0.0,0.0,8.232299482354138,True
multicopter,hover_descent,-0.0,3.2915887026123403,0.0,0.0,8.488715276255505,True
