segment_type,climb_rate,descend_rate,start_altitude,end_altitude,climb_angle,descent_angle,speed,time_required
hover_climb,2.4606264760125875,,0.0,15.24,,,,
second_climb,2.54,,15.24,91.44,,,39.91090480434556,
departure_terminal_procedures,,,91.44,91.44,,,38.97422545454177,50.74349521746035
accel_climb,2.54,,91.44,457.20000000000005,,,43.77215384470612,
cruise_0,,,457.20000000000005,457.20000000000005,,,45.48632,812.8378378378375
decel_descend,,2.54,457.20000000000005,91.44,,,43.510076785027444,
arrival_terminal_procedure,,,91.44,91.44,,,42.30471027184165,53.61715110769243
second_descent,,2.54,91.44,15.24,,,36.778978341664704,
hover_descent,,1.4646875887580528,15.24,0.0,,,,
