eVTOL_type,mission_segment,altitude_ft,air_speed_mph,pitch_angle_deg,range_nmi,time_min,fesibility
multicopter,hover_climb,0.0,4.570204893335449,0.0,0.0,0.0,True
multicopter,hover_climb,74.27334907318564,4.570204893335449,0.0,0.0,0.18467778799324824,True
multicopter,hover_climb,282.3826486059498,4.570204893335449,0.0,0.0,0.7021334511364963,True
multicopter,hover_climb,583.1092995327641,4.570204893335449,0.0,0.0,1.4498785491669834,True
multicopter,hover_climb,916.8907004672358,4.570204893335449,0.0,0.0,2.2798129949279584,True
multicopter,hover_climb,1217.61735139405,4.570204893335449,0.0,0.0,3.0275580929584454,True
multicopter,hover_climb,1425.7266509268143,4.570204893335449,0.0,0.0,3.5450137561016937,True
multicopter,hover_climb,1500.0,4.570204893335449,0.0,0.0,3.729691544094942,True
multicopter,hover_descent,1500.0,3.0783750633772455,0.0,0.0,3.729691544094942,True
multicopter,hover_descent,1425.7266509268143,3.0783750633772455,0.0,0.0,4.003867144208838,True
multicopter,hover_descent,1217.6173513940503,3.0783750633772455,0.0,0.0,4.772090104404901,True
multicopter,hover_descent,916.890700467236,3.0783750633772455,0.0,0.0,5.8822044457799905,True
multicopter,hover_descent,583.1092995327642,3.0783750633772455,0.0,0.0,7.114338408365832,True
multicopter,hover_descent,282.38264860594995,3.0783750633772455,0.0,0.0,8.22445274974092,True
multicopter,hover_descent,74.27334907318571,3.0783750633772455,0.0,0.0,8.992675709936984,True
multicopter,hover_descent,-0.0,3.0783750633772455,0.0,0.0,9.26685131005088,True
