eVTOL_type,mission_segment,altitude_ft,air_speed_mph,pitch_angle_deg,range_nmi,time_min,fesibility
multicopter,hover_climb,0.0,4.516791037948866,0.0,0.0,0.0,True
multicopter,hover_climb,74.27334907318564,4.516791037948866,0.0,0.0,0.18686171737543744,True
multicopter,hover_climb,282.3826486059498,4.516791037948866,0.0,0.0,0.7104366146669743,True
multicopter,hover_climb,583.1092995327641,4.516791037948866,0.0,0.0,1.4670242622412997,True
multicopter,hover_climb,916.8907004672358,4.516791037948866,0.0,0.0,2.3067731975577512,True
multicopter,hover_climb,1217.61735139405,4.516791037948866,0.0,0.0,3.063360845132076,True
multicopter,hover_climb,1425.7266509268143,4.516791037948866,0.0,0.0,3.5869357424236132,True
multicopter,hover_climb,1500.0,4.516791037948866,0.0,0.0,3.773797459799051,True
multicopter,hover_descent,1500.0,3.1018176805695554,0.0,0.0,3.773797459799051,True
multicopter,hover_descent,1425.7266509268143,3.1018176805695554,0.0,0.0,4.045900922121869,True
multicopter,hover_descent,1217.6173513940503,3.1018176805695554,0.0,0.0,4.808317881247324,True
multicopter,hover_descent,916.890700467236,3.1018176805695554,0.0,0.0,5.9100423079902376,True
multicopter,hover_descent,583.1092995327642,3.1018176805695554,0.0,0.0,7.1328641678707925,True
multicopter,hover_descent,282.38264860594995,3.1018176805695554,0.0,0.0,8.234588594613705,True
multicopter,hover_descent,74.27334907318571,3.1018176805695554,0.0,0.0,8.99700555373916,True
multicopter,hover_descent,-0.0,3.1018176805695554,0.0,0.0,9.269109016061979,True
