eVTOL_type,mission_segment,altitude_ft,air_speed_mph,pitch_angle_deg,range_nmi,time_min,fesibility
multicopter,hover_climb,0.0,5.00853274252255,0.0,0.0,0.0,True
multicopter,hover_climb,74.27334907318564,5.00853274252255,0.0,0.0,0.1685154862244189,True
multicopter,hover_climb,282.3826486059498,5.00853274252255,0.0,0.0,0.6406853861441186,True
multicopter,hover_climb,583.1092995327641,5.00853274252255,0.0,0.0,1.3229906602962005,True
multicopter,hover_climb,916.8907004672358,5.00853274252255,0.0,0.0,2.080292381209803,True
multicopter,hover_climb,1217.61735139405,5.00853274252255,0.0,0.0,2.7625976553618847,True
multicopter,hover_climb,1425.7266509268143,5.00853274252255,0.0,0.0,3.234767555281585,True
multicopter,hover_climb,1500.0,5.00853274252255,0.0,0.0,3.4032830415060036,True
multicopter,hover_descent,1500.0,3.3089333424117666,0.0,0.0,3.4032830415060036,True
multicopter,hover_descent,1425.7266509268143,3.3089333424117666,0.0,0.0,3.658354764939978,True
multicopter,hover_descent,1217.6173513940503,3.3089333424117666,0.0,0.0,4.373049852166405,True
multicopter,hover_descent,916.890700467236,3.3089333424117666,0.0,0.0,5.405814176000062,True
multicopter,hover_descent,583.1092995327642,3.3089333424117666,0.0,0.0,6.552096096082467,True
multicopter,hover_descent,282.38264860594995,3.3089333424117666,0.0,0.0,7.584860419916122,True
multicopter,hover_descent,74.27334907318571,3.3089333424117666,0.0,0.0,8.29955550714255,True
multicopter,hover_descent,-0.0,3.3089333424117666,0.0,0.0,8.554627230576525,True
