segment_type,climb_rate,descend_rate,start_altitude,end_altitude,climb_angle,descent_angle,speed,time_required
hover_climb,2.172358805115272,,0.0,15.24,,,,
second_climb,2.54,,15.24,91.44,,,39.42586352182481,
departure_terminal_procedures,,,91.44,91.44,,,40.125317235206026,42.73292967424628
accel_climb,2.54,,91.44,457.20000000000005,,,36.52143886750517,
cruise_0,,,457.20000000000005,457.20000000000005,,,45.486320000000006,469.2567567567571
decel_descend,,2.54,457.20000000000005,91.44,,,36.393473142667375,
arrival_terminal_procedure,,,91.44,91.44,,,36.9939183099756,57.92635501977421
second_descent,,2.54,91.44,15.24,,,33.409692273129664,
hover_descent,,1.2335673231030768,15.24,0.0,,,,
