segment_type,climb_rate,descend_rate,start_altitude,end_altitude,climb_angle,descent_angle,speed,time_required
hover_climb,1.9149178849753243,,0.0,15.24,,,,
second_climb,2.54,,15.24,91.44,,,39.42389913907052,
departure_terminal_procedures,,,91.44,91.44,,,40.24714224243768,51.35351582753901
accel_climb,2.54,,91.44,457.20000000000005,,,39.76891868217876,
cruise_0,,,457.20000000000005,457.20000000000005,,,45.48632,1213.414699176305
decel_descend,,2.54,457.20000000000005,91.44,,,43.41426485427272,
arrival_terminal_procedure,,,91.44,91.44,,,35.31456203953805,43.04482034521674
second_descent,,2.54,91.44,15.24,,,37.733751848623406,
hover_descent,,1.1008262362583177,15.24,0.0,,,,
