eVTOL_type,mission_segment,altitude_ft,air_speed_mph,pitch_angle_deg,range_nmi,time_min,fesibility
multicopter,hover_climb,0.0,5.51226613379239,0.0,0.0,0.0,True
multicopter,hover_climb,74.27334907318564,5.51226613379239,0.0,0.0,0.1531158528799905,True
multicopter,hover_climb,282.3826486059498,5.51226613379239,0.0,0.0,0.5821369390143778,True
multicopter,hover_climb,583.1092995327641,5.51226613379239,0.0,0.0,1.2020903706959178,True
multicopter,hover_climb,916.8907004672358,5.51226613379239,0.0,0.0,1.8901867675502042,True
multicopter,hover_climb,1217.61735139405,5.51226613379239,0.0,0.0,2.510140199231744,True
multicopter,hover_climb,1425.7266509268143,5.51226613379239,0.0,0.0,2.9391612853661315,True
multicopter,hover_climb,1500.0,5.51226613379239,0.0,0.0,3.0922771382461223,True
multicopter,hover_descent,1500.0,3.1497809918985236,0.0,0.0,3.0922771382461223,True
multicopter,hover_descent,1425.7266509268143,3.1497809918985236,0.0,0.0,3.3602371432585283,True
multicopter,hover_descent,1217.6173513940503,3.1497809918985236,0.0,0.0,4.111044392989242,True
multicopter,hover_descent,916.890700467236,3.1497809918985236,0.0,0.0,5.195992303582457,True
multicopter,hover_descent,583.1092995327642,3.1497809918985236,0.0,0.0,6.40019363533227,True
multicopter,hover_descent,282.38264860594995,3.1497809918985236,0.0,0.0,7.485141545925486,True
multicopter,hover_descent,74.27334907318571,3.1497809918985236,0.0,0.0,8.2359487956562,True
multicopter,hover_descent,-0.0,3.1497809918985236,0.0,0.0,8.503908800668606,True
