eVTOL_type,mission_segment,altitude_ft,air_speed_mph,pitch_angle_deg,range_nmi,time_min,fesibility
multicopter,hover_climb,0.0,5.360055565575128,0.0,0.0,0.0,True
multicopter,hover_climb,74.27334907318564,5.360055565575128,0.0,0.0,0.1574639143291321,True
multicopter,hover_climb,282.3826486059498,5.360055565575128,0.0,0.0,0.5986679979154677,True
multicopter,hover_climb,583.1092995327641,5.360055565575128,0.0,0.0,1.2362263709917456,True
multicopter,hover_climb,916.8907004672358,5.360055565575128,0.0,0.0,1.9438627786298948,True
multicopter,hover_climb,1217.61735139405,5.360055565575128,0.0,0.0,2.5814211517061727,True
multicopter,hover_climb,1425.7266509268143,5.360055565575128,0.0,0.0,3.0226252352925083,True
multicopter,hover_climb,1500.0,5.360055565575128,0.0,0.0,3.18008914962164,True
multicopter,hover_descent,1500.0,3.355425338935751,0.0,0.0,3.18008914962164,True
multicopter,hover_descent,1425.7266509268143,3.355425338935751,0.0,0.0,3.4316266583193626,True
multicopter,hover_descent,1217.6173513940503,3.355425338935751,0.0,0.0,4.136419095909849,True
multicopter,hover_descent,916.890700467236,3.355425338935751,0.0,0.0,5.1548736764163,True
multicopter,hover_descent,583.1092995327642,3.355425338935751,0.0,0.0,6.2852729796436755,True
multicopter,hover_descent,282.38264860594995,3.355425338935751,0.0,0.0,7.303727560150126,True
multicopter,hover_descent,74.27334907318571,3.355425338935751,0.0,0.0,8.008519997740613,True
multicopter,hover_descent,-0.0,3.355425338935751,0.0,0.0,8.260057506438336,True
