segment_type,climb_rate,descend_rate,start_altitude,end_altitude,climb_angle,descent_angle,speed,time_required
hover_climb,2.1396935537393458,,0.0,15.24,,,,
second_climb,2.54,,15.24,91.44,,,40.07782862029249,
departure_terminal_procedures,,,91.44,91.44,,,42.13946597658225,50.20491789590105
accel_climb,2.54,,91.44,457.20000000000005,,,36.66835366705012,
cruise_0,,,457.20000000000005,457.20000000000005,,,45.48632,938.5983197444202
decel_descend,,2.54,457.20000000000005,91.44,,,37.990620110756694,
arrival_terminal_procedure,,,91.44,91.44,,,38.93785249342795,54.0657579572407
second_descent,,2.54,91.44,15.24,,,34.351277019929746,
hover_descent,,1.45760681078742,15.24,0.0,,,,
