eVTOL_type,mission_segment,altitude_ft,air_speed_mph,pitch_angle_deg,range_nmi,time_min,fesibility
multicopter,hover_climb,0.0,4.8065236350660605,0.0,0.0,0.0,True
multicopter,hover_climb,74.27334907318564,4.8065236350660605,0.0,0.0,0.17559787373551727,True
multicopter,hover_climb,282.3826486059498,4.8065236350660605,0.0,0.0,0.6676121824821565,True
multicopter,hover_climb,583.1092995327641,4.8065236350660605,0.0,0.0,1.378593458233141,True
multicopter,hover_climb,916.8907004672358,4.8065236350660605,0.0,0.0,2.167723139712866,True
multicopter,hover_climb,1217.61735139405,4.8065236350660605,0.0,0.0,2.8787044154638504,True
multicopter,hover_climb,1425.7266509268143,4.8065236350660605,0.0,0.0,3.37071872421049,True
multicopter,hover_climb,1500.0,4.8065236350660605,0.0,0.0,3.546316597946007,True
multicopter,hover_descent,1500.0,3.140648714525488,0.0,0.0,3.546316597946007,True
multicopter,hover_descent,1425.7266509268143,3.140648714525488,0.0,0.0,3.815055768447166,True
multicopter,hover_descent,1217.6173513940503,3.140648714525488,0.0,0.0,4.568046191363252,True
multicopter,hover_descent,916.890700467236,3.140648714525488,0.0,0.0,5.656148878614235,True
multicopter,hover_descent,583.1092995327642,3.140648714525488,0.0,0.0,6.863851748286343,True
multicopter,hover_descent,282.38264860594995,3.140648714525488,0.0,0.0,7.951954435537327,True
multicopter,hover_descent,74.27334907318571,3.140648714525488,0.0,0.0,8.704944858453413,True
multicopter,hover_descent,-0.0,3.140648714525488,0.0,0.0,8.973684028954573,True
