eVTOL_type,mission_segment,altitude_ft,air_speed_mph,pitch_angle_deg,range_nmi,time_min,fesibility
multicopter,hover_climb,0.0,5.1156197267255905,0.0,0.0,0.0,True
multicopter,hover_climb,74.27334907318564,5.1156197267255905,0.0,0.0,0.16498789500863614,True
multicopter,hover_climb,282.3826486059498,5.1156197267255905,0.0,0.0,0.6272737039843405,True
multicopter,hover_climb,583.1092995327641,5.1156197267255905,0.0,0.0,1.295296052896093,True
multicopter,hover_climb,916.8907004672358,5.1156197267255905,0.0,0.0,2.036744922785462,True
multicopter,hover_climb,1217.61735139405,5.1156197267255905,0.0,0.0,2.7047672716972144,True
multicopter,hover_climb,1425.7266509268143,5.1156197267255905,0.0,0.0,3.167053080672919,True
multicopter,hover_climb,1500.0,5.1156197267255905,0.0,0.0,3.3320409756815548,True
multicopter,hover_descent,1500.0,3.1994734492237233,0.0,0.0,3.3320409756815548,True
multicopter,hover_descent,1425.7266509268143,3.1994734492237233,0.0,0.0,3.5958391736575033,True
multicopter,hover_descent,1217.6173513940503,3.1994734492237233,0.0,0.0,4.334985299203628,True
multicopter,hover_descent,916.890700467236,3.1994734492237233,0.0,0.0,5.403082397123183,True
multicopter,hover_descent,583.1092995327642,3.1994734492237233,0.0,0.0,6.58858073782194,True
multicopter,hover_descent,282.38264860594995,3.1994734492237233,0.0,0.0,7.656677835741493,True
multicopter,hover_descent,74.27334907318571,3.1994734492237233,0.0,0.0,8.395823961287618,True
multicopter,hover_descent,-0.0,3.1994734492237233,0.0,0.0,8.659622159263566,True
