segment_type,climb_rate,descend_rate,start_altitude,end_altitude,climb_angle,descent_angle,speed,time_required
hover_climb,1.8228102976825864,,0.0,15.24,,,,
second_climb,2.54,,15.24,91.44,,,33.73014091859888,
departure_terminal_procedures,,,91.44,91.44,,,43.959854618669304,50.06957032953481
accel_climb,2.54,,91.44,457.20000000000005,,,38.064551532006746,
cruise_0,,,457.20000000000005,457.20000000000005,,,45.48632,812.8378378378375
decel_descend,,2.54,457.20000000000005,91.44,,,38.70214200055296,
arrival_terminal_procedure,,,91.44,91.44,,,36.609278964261186,42.73147537234965
second_descent,,2.54,91.44,15.24,,,38.81252250297585,
hover_descent,,1.446759454808874,15.24,0.0,,,,
