segment_type,climb_rate,descend_rate,start_altitude,end_altitude,climb_angle,descent_angle,speed,time_required
hover_climb,2.3773421620378543,,0.0,15.24,,,,
second_climb,2.54,,15.24,91.44,,,40.25753760653795,
departure_terminal_procedures,,,91.44,91.44,,,36.11598475521466,55.364113524550405
accel_climb,2.54,,91.44,457.20000000000005,,,41.74619539941931,
cruise_0,,,457.20000000000005,457.20000000000005,,,45.48632,812.8378378378384
decel_descend,,2.54,457.20000000000005,91.44,,,38.23265330930909,
arrival_terminal_procedure,,,91.44,91.44,,,35.49060912704066,59.77363555477533
second_descent,,2.54,91.44,15.24,,,35.284520437183744,
hover_descent,,1.1535146792433046,15.24,0.0,,,,
