segment_type,climb_rate,descend_rate,start_altitude,end_altitude,climb_angle,descent_angle,speed,time_required
hover_climb,2.153208033409173,,0.0,15.24,,,,
second_climb,2.54,,15.24,91.44,,,36.61386464831801,
departure_terminal_procedures,,,91.44,91.44,,,40.87790676255845,45.23679270628253
accel_climb,2.54,,91.44,457.20000000000005,,,41.54591582107563,
cruise_0,,,457.20000000000005,457.20000000000005,,,45.48632,812.8378378378375
decel_descend,,2.54,457.20000000000005,91.44,,,36.03406257428231,
arrival_terminal_procedure,,,91.44,91.44,,,37.10410689068384,45.150102165159744
second_descent,,2.54,91.44,15.24,,,38.77447504181917,
hover_descent,,1.5005899586678935,15.24,0.0,,,,
