segment_type,climb_rate,descend_rate,start_altitude,end_altitude,climb_angle,descent_angle,speed,time_required
hover_climb,2.280625597209618,,0.0,15.24,,,,
second_climb,2.54,,15.24,91.44,,,36.70336114819304,
departure_terminal_procedures,,,91.44,91.44,,,36.72645645029805,45.54933308475592
accel_climb,2.54,,91.44,457.20000000000005,,,43.09656017057405,
cruise_0,,,457.20000000000005,457.20000000000005,,,45.48632,469.25675675675575
decel_descend,,2.54,457.20000000000005,91.44,,,35.038383183502454,
arrival_terminal_procedure,,,91.44,91.44,,,41.50609008125674,51.01429333206925
second_descent,,2.54,91.44,15.24,,,39.95907933556258,
hover_descent,,1.4122489004191574,15.24,0.0,,,,
