eVTOL_type,mission_segment,altitude_ft,air_speed_mph,pitch_angle_deg,range_nmi,time_min,fesibility
multicopter,hover_climb,0.0,4.417237073693063,0.0,0.0,0.0,True
multicopter,hover_climb,74.27334907318564,4.417237073693063,0.0,0.0,0.19107313379298985,True
multicopter,hover_climb,282.3826486059498,4.417237073693063,0.0,0.0,0.7264481576660548,True
multicopter,hover_climb,583.1092995327641,4.417237073693063,0.0,0.0,1.500087482197357,True
multicopter,hover_climb,916.8907004672358,4.417237073693063,0.0,0.0,2.358762351099811,True
multicopter,hover_climb,1217.61735139405,4.417237073693063,0.0,0.0,3.132401675631113,True
multicopter,hover_climb,1425.7266509268143,4.417237073693063,0.0,0.0,3.6677766995041776,True
multicopter,hover_climb,1500.0,4.417237073693063,0.0,0.0,3.858849833297168,True
multicopter,hover_descent,1500.0,3.1708987631781755,0.0,0.0,3.858849833297168,True
multicopter,hover_descent,1425.7266509268143,3.1708987631781755,0.0,0.0,4.1250252597025066,True
multicopter,hover_descent,1217.6173513940503,3.1708987631781755,0.0,0.0,4.8708322312915655,True
multicopter,hover_descent,916.890700467236,3.1708987631781755,0.0,0.0,5.948554530618883,True
multicopter,hover_descent,583.1092995327642,3.1708987631781755,0.0,0.0,7.144736038906071,True
multicopter,hover_descent,282.38264860594995,3.1708987631781755,0.0,0.0,8.222458338233388,True
multicopter,hover_descent,74.27334907318571,3.1708987631781755,0.0,0.0,8.968265309822447,True
multicopter,hover_descent,-0.0,3.1708987631781755,0.0,0.0,9.234440736227786,True
