eVTOL_type,mission_segment,altitude_ft,air_speed_mph,pitch_angle_deg,range_nmi,time_min,fesibility
multicopter,hover_climb,0.0,4.751278451802827,0.0,0.0,0.0,True
multicopter,hover_climb,74.27334907318564,4.751278451802827,0.0,0.0,0.1776396266686614,True
multicopter,hover_climb,282.3826486059498,4.751278451802827,0.0,0.0,0.6753748000058672,True
multicopter,hover_climb,583.1092995327641,4.751278451802827,0.0,0.0,1.3946229646108794,True
multicopter,hover_climb,916.8907004672358,4.751278451802827,0.0,0.0,2.1929282004838146,True
multicopter,hover_climb,1217.61735139405,4.751278451802827,0.0,0.0,2.9121763650888264,True
multicopter,hover_climb,1425.7266509268143,4.751278451802827,0.0,0.0,3.4099115384260323,True
multicopter,hover_climb,1500.0,4.751278451802827,0.0,0.0,3.5875511650946943,True
multicopter,hover_descent,1500.0,3.1524269948106016,0.0,0.0,3.5875511650946943,True
multicopter,hover_descent,1425.7266509268143,3.1524269948106016,0.0,0.0,3.8552862567451887,True
multicopter,hover_descent,1217.6173513940503,3.1524269948106016,0.0,0.0,4.605463313239877,True
multicopter,hover_descent,916.890700467236,3.1524269948106016,0.0,0.0,5.689500568222158,True
multicopter,hover_descent,583.1092995327642,3.1524269948106016,0.0,0.0,6.892691148498335,True
multicopter,hover_descent,282.38264860594995,3.1524269948106016,0.0,0.0,7.976728403480615,True
multicopter,hover_descent,74.27334907318571,3.1524269948106016,0.0,0.0,8.726905459975304,True
multicopter,hover_descent,-0.0,3.1524269948106016,0.0,0.0,8.994640551625798,True
