eVTOL_type,mission_segment,altitude_ft,air_speed_mph,pitch_angle_deg,range_nmi,time_min,fesibility
multicopter,hover_climb,0.0,5.196228083124675,0.0,0.0,0.0,True
multicopter,hover_climb,74.27334907318564,5.196228083124675,0.0,0.0,0.16242846096732028,True
multicopter,hover_climb,282.3826486059498,5.196228083124675,0.0,0.0,0.6175428951203582,True
multicopter,hover_climb,583.1092995327641,5.196228083124675,0.0,0.0,1.2752023071628635,True
multicopter,hover_climb,916.8907004672358,5.196228083124675,0.0,0.0,2.0051491848764385,True
multicopter,hover_climb,1217.61735139405,5.196228083124675,0.0,0.0,2.6628085969189432,True
multicopter,hover_climb,1425.7266509268143,5.196228083124675,0.0,0.0,3.117923031071981,True
multicopter,hover_climb,1500.0,5.196228083124675,0.0,0.0,3.2803514920393018,True
multicopter,hover_descent,1500.0,3.2515973282071258,0.0,0.0,3.2803514920393018,True
multicopter,hover_descent,1425.7266509268143,3.2515973282071258,0.0,0.0,3.5399209421232345,True
multicopter,hover_descent,1217.6173513940503,3.2515973282071258,0.0,0.0,4.267218379375517,True
multicopter,hover_descent,916.890700467236,3.2515973282071258,0.0,0.0,5.318193626630623,True
multicopter,hover_descent,583.1092995327642,3.2515973282071258,0.0,0.0,6.484688146804137,True
multicopter,hover_descent,282.38264860594995,3.2515973282071258,0.0,0.0,7.5356633940592435,True
multicopter,hover_descent,74.27334907318571,3.2515973282071258,0.0,0.0,8.262960831311526,True
multicopter,hover_descent,-0.0,3.2515973282071258,0.0,0.0,8.52253028139546,True
