eVTOL_type,mission_segment,altitude_ft,air_speed_mph,pitch_angle_deg,range_nmi,time_min,fesibility
multicopter,hover_climb,0.0,4.933421282679114,0.0,0.0,0.0,True
multicopter,hover_climb,74.27334907318564,4.933421282679114,0.0,0.0,0.17108113862896457,True
multicopter,hover_climb,282.3826486059498,4.933421282679114,0.0,0.0,0.6504398368379192,True
multicopter,hover_climb,583.1092995327641,4.933421282679114,0.0,0.0,1.3431332254979533,True
multicopter,hover_climb,916.8907004672358,4.933421282679114,0.0,0.0,2.1119648836580414,True
multicopter,hover_climb,1217.61735139405,4.933421282679114,0.0,0.0,2.804658272318075,True
multicopter,hover_climb,1425.7266509268143,4.933421282679114,0.0,0.0,3.2840169705270297,True
multicopter,hover_climb,1500.0,4.933421282679114,0.0,0.0,3.4550981091559945,True
multicopter,hover_descent,1500.0,3.1909861989958364,0.0,0.0,3.4550981091559945,True
multicopter,hover_descent,1425.7266509268143,3.1909861989958364,0.0,0.0,3.7195979464297224,True
multicopter,hover_descent,1217.6173513940503,3.1909861989958364,0.0,0.0,4.460710021601219,True
multicopter,hover_descent,916.890700467236,3.1909861989958364,0.0,0.0,5.531647999039644,True
multicopter,hover_descent,583.1092995327642,3.1909861989958364,0.0,0.0,6.720299478120954,True
multicopter,hover_descent,282.38264860594995,3.1909861989958364,0.0,0.0,7.791237455559379,True
multicopter,hover_descent,74.27334907318571,3.1909861989958364,0.0,0.0,8.532349530730876,True
multicopter,hover_descent,-0.0,3.1909861989958364,0.0,0.0,8.796849368004604,True
