eVTOL_type,mission_segment,altitude_ft,air_speed_mph,pitch_angle_deg,range_nmi,time_min,fesibility
multicopter,hover_climb,0.0,5.596706405858929,0.0,0.0,0.0,True
multicopter,hover_climb,74.27334907318564,5.596706405858929,0.0,0.0,0.15080571842995907,True
multicopter,hover_climb,282.3826486059498,5.596706405858929,0.0,0.0,0.5733539516740205,True
multicopter,hover_climb,583.1092995327641,5.596706405858929,0.0,0.0,1.1839538399242004,True
multicopter,hover_climb,916.8907004672358,5.596706405858929,0.0,0.0,1.8616685867963552,True
multicopter,hover_climb,1217.61735139405,5.596706405858929,0.0,0.0,2.4722684750465347,True
multicopter,hover_climb,1425.7266509268143,5.596706405858929,0.0,0.0,2.8948167082905965,True
multicopter,hover_climb,1500.0,5.596706405858929,0.0,0.0,3.0456224267205556,True
multicopter,hover_descent,1500.0,3.1087160250898744,0.0,0.0,3.0456224267205556,True
multicopter,hover_descent,1425.7266509268143,3.1087160250898744,0.0,0.0,3.317122082387145,True
multicopter,hover_descent,1217.6173513940503,3.1087160250898744,0.0,0.0,4.077847212857382,True
multicopter,hover_descent,916.890700467236,3.1087160250898744,0.0,0.0,5.177126876360171,True
multicopter,hover_descent,583.1092995327642,3.1087160250898744,0.0,0.0,6.397235253758455,True
multicopter,hover_descent,282.38264860594995,3.1087160250898744,0.0,0.0,7.496514917261244,True
multicopter,hover_descent,74.27334907318571,3.1087160250898744,0.0,0.0,8.257240047731482,True
multicopter,hover_descent,-0.0,3.1087160250898744,0.0,0.0,8.528739703398072,True
