eVTOL_type,mission_segment,velocity_kts,equivalent_airspeed_kts,Mach,time_min,fesibility
multicopter,hover_climb,3.9843086773742455,3.984308677700732,0.006023337235316506,0.0,True
multicopter,hover_climb,3.9843086773742455,3.979980267671985,0.0060248757963110335,0.18407942990526072,True
multicopter,hover_climb,3.9843086773742455,3.9678657779650743,0.006029192977887455,0.6998585309422524,True
multicopter,hover_climb,3.9843086773742455,3.950394836165936,0.006035447760758712,1.4451809265350435,True
multicopter,hover_climb,3.9843086773742455,3.9310519836763556,0.006042412679504072,2.2724263754571634,True
multicopter,hover_climb,3.9843086773742455,3.91366829389737,0.006048708355860081,3.017748771049954,True
multicopter,hover_climb,3.9843086773742455,3.9016626056617763,0.0060530765315283015,3.533527872086946,True
multicopter,hover_climb,3.9843086773742455,3.8973826168365617,0.006054637787296513,3.717607301992207,True
multicopter,hover_descent,2.7738244835368238,2.7133076776111005,0.004215160996114955,3.717607301992207,True
multicopter,hover_descent,2.7738244835368238,2.7162873508126424,0.00421407406991882,3.9820181449459255,True
multicopter,hover_descent,2.7738244835368238,2.7246455566310597,0.004211033002170805,4.722880863573916,True
multicopter,hover_descent,2.7738244835368238,2.7367478579906366,0.004206650033221665,5.7934585103669365,True
multicopter,hover_descent,2.7738244835368238,2.7502141032446055,0.004201801146324062,6.9817100526044324,True
multicopter,hover_descent,2.7738244835368238,2.762377148339002,0.004197446646893327,8.052287699397453,True
multicopter,hover_descent,2.7738244835368238,2.770811100343125,0.004194441080576501,8.793150418025444,True
multicopter,hover_descent,2.7738244835368238,2.773824483764119,0.004193369954190067,9.057561260979162,True
