eVTOL_type,mission_segment,velocity_kts,equivalent_airspeed_kts,Mach,time_min,fesibility
multicopter,hover_climb,3.8323281449709787,3.8323281452850106,0.005793578430466296,0.0,False
multicopter,hover_climb,3.8323281449709787,3.82816484145508,0.0057950583034077595,0.1913795588877446,False
multicopter,hover_climb,3.8323281449709787,3.816512456154362,0.0057992108070920815,0.7276131667970006,False
multicopter,hover_climb,3.8323281449709787,3.7997079393868227,0.005805227002718269,1.50249318120772,False
multicopter,hover_climb,3.8323281449709787,3.7811029155289093,0.005811926246249989,2.3625451119861363,False
multicopter,hover_climb,3.8323281449709787,3.764382322573407,0.005817981775488417,3.1374251263968556,False
multicopter,hover_climb,3.8323281449709787,3.7528345885370635,0.005822183328106708,3.6736587343061116,False
multicopter,hover_climb,3.8323281449709787,3.748717858895062,0.005823685030134964,3.8650382931938565,False
multicopter,hover_descent,2.895438081226858,2.8322680192883563,0.004399967531864694,3.8650382931938565,True
multicopter,hover_descent,2.895438081226858,2.8353783311731062,0.004398832951245606,4.118343406037736,True
multicopter,hover_descent,2.895438081226858,2.8441029882525335,0.004395658553075334,4.828088560387304,True
multicopter,hover_descent,2.895438081226858,2.856735894348424,0.004391083420337305,5.853700023970541,True
multicopter,hover_descent,2.895438081226858,2.870792544129583,0.0043860219422740005,6.992042868125638,True
multicopter,hover_descent,2.895438081226858,2.8834888571656156,0.004381476527251794,8.017654331708874,True
multicopter,hover_descent,2.895438081226858,2.8922925813929106,0.004378339187012337,8.727399486058442,True
multicopter,hover_descent,2.895438081226858,2.8954380814641185,0.004377221098918626,8.98070459890232,True
