eVTOL_type,mission_segment,velocity_kts,equivalent_airspeed_kts,Mach,time_min,fesibility
multicopter,hover_climb,4.934732065078557,4.934732065482923,0.0074601537683788395,0.0,True
multicopter,hover_climb,4.934732065078557,4.929371149577749,0.0074620593401827735,0.14862595582197202,True
multicopter,hover_climb,4.934732065078557,4.914366850049391,0.007467406349182582,0.5650666299596183,True
multicopter,hover_climb,4.934732065078557,4.892728361748292,0.007475153158000426,1.1668408395902774,True
multicopter,hover_climb,4.934732065078557,4.868771434175772,0.007483779499643726,1.8347598222202464,True
multicopter,hover_climb,4.934732065078557,4.847241011131774,0.0074915769567438185,2.436534031850905,True
multicopter,hover_climb,4.934732065078557,4.832371466752355,0.007496987124047942,2.8529747059885513,True
multicopter,hover_climb,4.934732065078557,4.827070522522331,0.007498920804273305,3.0016006618105235,True
multicopter,hover_descent,2.757665337139123,2.6975010769250263,0.004190605223379383,3.0016006618105235,True
multicopter,hover_descent,2.757665337139123,2.700463391791257,0.004189524629162661,3.2675608782371164,True
multicopter,hover_descent,2.757665337139123,2.7087729061830017,0.00418650127740902,4.012764844865609,True
multicopter,hover_descent,2.757665337139123,2.7208047045743555,0.004182143841811873,5.089615776778347,True
multicopter,hover_descent,2.757665337139123,2.7341925010909307,0.00417732320251022,6.284830140200021,True
multicopter,hover_descent,2.757665337139123,2.746284689349399,0.004172994070579918,7.361681072112759,True
multicopter,hover_descent,2.757665337139123,2.7546695086611135,0.004170006013440912,8.10688503874125,True
multicopter,hover_descent,2.757665337139123,2.757665337365095,0.004168941126990779,8.372845255167844,True
