eVTOL_type,mission_segment,velocity_kts,equivalent_airspeed_kts,Mach,time_min,fesibility
multicopter,hover_climb,4.08047672449684,4.080476724831206,0.006168720694778521,0.0,True
multicopter,hover_climb,4.08047672449684,4.076043841285642,0.006170296391551977,0.17974107424618946,True
multicopter,hover_climb,4.08047672449684,4.063636947824069,0.006174717775627476,0.6833643728506869,True
multicopter,hover_climb,4.08047672449684,4.045744315214739,0.0061811235282911384,1.4111211249904494,True
multicopter,hover_climb,4.08047672449684,4.025934590175783,0.006188256557162582,2.218870180553359,True
multicopter,hover_climb,4.08047672449684,4.008131315562088,0.006194704190344605,2.9466269326931216,True
multicopter,hover_climb,4.08047672449684,3.995835849679863,0.0061991777993407925,3.450250231297619,True
multicopter,hover_climb,4.08047672449684,3.991452556065699,0.006200776738664783,3.629991305543809,True
multicopter,hover_descent,2.8873447660064193,2.8243512767347885,0.004387668762836973,3.629991305543809,True
multicopter,hover_descent,2.8873447660064193,2.8274528946900506,0.004386537353592419,3.8840064403252588,True
multicopter,hover_descent,2.8873447660064193,2.836153164648098,0.004383371828485326,4.5957410319349545,True
multicopter,hover_descent,2.8873447660064193,2.8487507593029155,0.004378809484137305,5.624227315652663,True
multicopter,hover_descent,2.8873447660064193,2.8627681180011955,0.004373762153894225,6.765760969431586,True
multicopter,hover_descent,2.8873447660064193,2.8754289423613675,0.004369229444195204,7.794247253149294,True
multicopter,hover_descent,2.8873447660064193,2.8842080584591545,0.0043661008734347685,8.50598184475899,True
multicopter,hover_descent,2.8873447660064193,2.8873447662430167,0.004364985910615758,8.75999697954044,True
