eVTOL_type,mission_segment,altitude_ft,air_speed_mph,pitch_angle_deg,range_nmi,time_min,fesibility
multicopter,hover_climb,0.0,5.555194695950436,0.0,0.0,0.0,True
multicopter,hover_climb,74.27334907318564,5.555194695950436,0.0,0.0,0.1519326282105595,True
multicopter,hover_climb,282.3826486059498,5.555194695950436,0.0,0.0,0.5776383924937328,True
multicopter,hover_climb,583.1092995327641,5.555194695950436,0.0,0.0,1.1928010452946631,True
multicopter,hover_climb,916.8907004672358,5.555194695950436,0.0,0.0,1.8755800787512957,True
multicopter,hover_climb,1217.61735139405,5.555194695950436,0.0,0.0,2.490742731552226,True
multicopter,hover_climb,1425.7266509268143,5.555194695950436,0.0,0.0,2.9164484958353993,True
multicopter,hover_climb,1500.0,5.555194695950436,0.0,0.0,3.068381124045959,True
multicopter,hover_descent,1500.0,3.275468098746116,0.0,0.0,3.068381124045959,True
multicopter,hover_descent,1425.7266509268143,3.275468098746116,0.0,0.0,3.3260588986212047,True
multicopter,hover_descent,1217.6173513940503,3.275468098746116,0.0,0.0,4.048055978881798,True
multicopter,hover_descent,916.890700467236,3.275468098746116,0.0,0.0,5.091371988369029,True
multicopter,hover_descent,583.1092995327642,3.275468098746116,0.0,0.0,6.249365395972797,True
multicopter,hover_descent,282.38264860594995,3.275468098746116,0.0,0.0,7.292681405460028,True
multicopter,hover_descent,74.27334907318571,3.275468098746116,0.0,0.0,8.014678485720621,True
multicopter,hover_descent,-0.0,3.275468098746116,0.0,0.0,8.272356260295867,True
