eVTOL_type,mission_segment,velocity_kts,equivalent_airspeed_kts,Mach,time_min,fesibility
multicopter,hover_climb,3.919966700662242,3.9199667009834553,0.005926067305824324,0.0,True
multicopter,hover_climb,3.919966700662242,3.9157081897702435,0.005927581020838358,0.18710089291669965,True
multicopter,hover_climb,3.919966700662242,3.903789335059944,0.005931828484925764,0.7113459451827805,True
multicopter,hover_climb,3.919966700662242,3.8866005287631977,0.005937982260288208,1.468901994753312,True
multicopter,hover_climb,3.919966700662242,3.867570040968526,0.005944834703651764,2.309725775195612,True
multicopter,hover_climb,3.919966700662242,3.8504670776727266,0.00595102871211648,3.0672818247661433,True
multicopter,hover_climb,3.919966700662242,3.838655267415828,0.005955326346800085,3.591526877032224,True
multicopter,hover_climb,3.919966700662242,3.8344443954597165,0.005956862390093456,3.7786277699489244,True
multicopter,hover_descent,2.737782851952118,2.67805236990406,0.004160391388090411,3.7786277699489244,True
multicopter,hover_descent,2.737782851952118,2.6809933267829185,0.004159318584847531,4.04651945806242,True
multicopter,hover_descent,2.737782851952118,2.6892429304253134,0.004156317031150981,4.797135288096086,True
multicopter,hover_descent,2.737782851952118,2.7011879807801784,0.004151991012219064,5.8818065892127205,True
multicopter,hover_descent,2.737782851952118,2.714479252652395,0.004147205129234,7.085700907605655,True
multicopter,hover_descent,2.737782851952118,2.726484257469606,0.004142907209902385,8.170372208722291,True
multicopter,hover_descent,2.737782851952118,2.734808623091195,0.004139940696349906,8.920988038755956,True
multicopter,hover_descent,2.737782851952118,2.73778285217646,0.004138883487622223,9.188879726869452,True
