eVTOL_type,mission_segment,velocity_kts,equivalent_airspeed_kts,Mach,time_min,fesibility
multicopter,hover_climb,4.236729485115892,4.236729485463062,0.006404938103460316,0.0,True
multicopter,hover_climb,4.236729485115892,4.232126854523195,0.0064065741380294194,0.1731121310610588,True
multicopter,hover_climb,4.236729485115892,4.219244866731972,0.006411164829152648,0.6581615436066323,True
multicopter,hover_climb,4.236729485115892,4.2006670756402595,0.006417815875835888,1.3590782527414114,True
multicopter,hover_climb,4.236729485115892,4.180098781337605,0.006425222048148157,2.1370371080419397,True
multicopter,hover_climb,4.236729485115892,4.161613770006788,0.006431916579070853,2.8379538171767185,True
multicopter,hover_climb,4.236729485115892,4.148847476665688,0.006436561494951696,3.3230032297222922,True
multicopter,hover_climb,4.236729485115892,4.144296334593107,0.006438221662092999,3.4961153607833513,True
multicopter,hover_descent,2.847991563587817,2.7858566470656365,0.004327866823351747,3.4961153607833513,True
multicopter,hover_descent,2.847991563587817,2.788915991371885,0.004326750834703147,3.753640445925697,True
multicopter,hover_descent,2.847991563587817,2.797497680587935,0.004323628454270624,4.47520969990239,True
multicopter,hover_descent,2.847991563587817,2.8099235757289724,0.00431912829261126,5.517907482497191,True
multicopter,hover_descent,2.847991563587817,2.8237498841721105,0.004314149755195095,6.6752147100181,True
multicopter,hover_descent,2.847991563587817,2.836238147226235,0.004309678824277877,7.717912492612901,True
multicopter,hover_descent,2.847991563587817,2.844897607944824,0.004306592894520991,8.439481746589593,True
multicopter,hover_descent,2.847991563587817,2.8479915638211897,0.004305493128140599,8.697006831731938,True
