eVTOL_type,mission_segment,altitude_ft,air_speed_mph,pitch_angle_deg,range_nmi,time_min,fesibility
multicopter,hover_climb,0.0,4.564425354485541,0.0,0.0,0.0,True
multicopter,hover_climb,74.27334907318564,4.564425354485541,0.0,0.0,0.18491162957625779,True
multicopter,hover_climb,282.3826486059498,4.564425354485541,0.0,0.0,0.7030225022751406,True
multicopter,hover_climb,583.1092995327641,4.564425354485541,0.0,0.0,1.4517144055457765,True
multicopter,hover_climb,916.8907004672358,4.564425354485541,0.0,0.0,2.282699725841798,True
multicopter,hover_climb,1217.61735139405,4.564425354485541,0.0,0.0,3.031391629112434,True
multicopter,hover_climb,1425.7266509268143,4.564425354485541,0.0,0.0,3.549502501811317,True
multicopter,hover_climb,1500.0,4.564425354485541,0.0,0.0,3.7344141313875747,True
multicopter,hover_descent,1500.0,3.2845118439554395,0.0,0.0,3.7344141313875747,True
multicopter,hover_descent,1425.7266509268143,3.2845118439554395,0.0,0.0,3.9913824026180076,True
multicopter,hover_descent,1217.6173513940503,3.2845118439554395,0.0,0.0,4.711391498683089,True
multicopter,hover_descent,916.890700467236,3.2845118439554395,0.0,0.0,5.751834787775058,True
multicopter,hover_descent,583.1092995327642,3.2845118439554395,0.0,0.0,6.9066397162897,True
multicopter,hover_descent,282.38264860594995,3.2845118439554395,0.0,0.0,7.947083005381669,True
multicopter,hover_descent,74.27334907318571,3.2845118439554395,0.0,0.0,8.66709210144675,True
multicopter,hover_descent,-0.0,3.2845118439554395,0.0,0.0,8.924060372677184,True
