eVTOL_type,mission_segment,velocity_kts,equivalent_airspeed_kts,Mach,time_min,fesibility
multicopter,hover_climb,4.704573320440594,4.704573320826101,0.007112207901512629,0.0,True
multicopter,hover_climb,4.704573320440594,4.699462441125237,0.007114024596350513,0.15589708565301882,True
multicopter,hover_climb,4.704573320440594,4.685157950765458,0.0071191222177720845,0.5927110128462113,True
multicopter,hover_climb,4.704573320440594,4.664528694016865,0.007126507710966516,1.2239254261277135,True
multicopter,hover_climb,4.704573320440594,4.641689131339289,0.007134731715069042,1.92452056961037,True
multicopter,hover_climb,4.704573320440594,4.62116289962199,0.007142165494280679,2.5557349828918716,True
multicopter,hover_climb,4.704573320440594,4.6069868793534186,0.007147323328266888,2.9925489100850644,True
multicopter,hover_climb,4.704573320440594,4.601933174214248,0.007149166820533243,3.1484459957380837,True
multicopter,hover_descent,2.8037429723391023,2.7425734317536397,0.004260625749854985,3.1484459957380837,True
multicopter,hover_descent,2.8037429723391023,2.745585243729586,0.004259527100065876,3.4100353343948115,True
multicopter,hover_descent,2.8037429723391023,2.754033601209967,0.00425645323134148,4.142992373661329,True
multicopter,hover_descent,2.8037429723391023,2.7662664380702062,0.004252022987660934,5.202145982782728,True
multicopter,hover_descent,2.8037429723391023,2.779877930332496,0.0042471218006379235,6.3777177998059456,True
multicopter,hover_descent,2.8037429723391023,2.7921721661098706,0.004242720333548193,7.4368714089273436,True
multicopter,hover_descent,2.8037429723391023,2.8006970867748056,0.004239682349173653,8.169828448193861,True
multicopter,hover_descent,2.8037429723391023,2.8037429725688487,0.004238599669611093,8.43141778685059,True
