eVTOL_type,mission_segment,altitude_ft,air_speed_mph,pitch_angle_deg,range_nmi,time_min,fesibility
multicopter,hover_climb,0.0,4.318623483706408,0.0,0.0,0.0,True
multicopter,hover_climb,74.27334907318564,4.318623483706408,0.0,0.0,0.19543619247231608,True
multicopter,hover_climb,282.3826486059498,4.318623483706408,0.0,0.0,0.7430362351025159,True
multicopter,hover_climb,583.1092995327641,4.318623483706408,0.0,0.0,1.5343412235738954,True
multicopter,hover_climb,916.8907004672358,4.318623483706408,0.0,0.0,2.412623500200886,True
multicopter,hover_climb,1217.61735139405,4.318623483706408,0.0,0.0,3.203928488672265,True
multicopter,hover_climb,1425.7266509268143,4.318623483706408,0.0,0.0,3.751528531302465,True
multicopter,hover_climb,1500.0,4.318623483706408,0.0,0.0,3.946964723774782,True
multicopter,hover_descent,1500.0,3.2931213170837403,0.0,0.0,3.946964723774782,True
multicopter,hover_descent,1425.7266509268143,3.2931213170837403,0.0,0.0,4.203261182091882,True
multicopter,hover_descent,1217.6173513940503,3.2931213170837403,0.0,0.0,4.921387900203699,True
multicopter,hover_descent,916.890700467236,3.2931213170837403,0.0,0.0,5.9591110743419655,True
multicopter,hover_descent,583.1092995327642,3.2931213170837403,0.0,0.0,7.110896903029066,True
multicopter,hover_descent,282.38264860594995,3.2931213170837403,0.0,0.0,8.148620077167331,True
multicopter,hover_descent,74.27334907318571,3.2931213170837403,0.0,0.0,8.866746795279148,True
multicopter,hover_descent,-0.0,3.2931213170837403,0.0,0.0,9.12304325359625,True
