eVTOL_type,mission_segment,altitude_ft,air_speed_mph,pitch_angle_deg,range_nmi,time_min,fesibility
multicopter,hover_climb,0.0,4.254188189417133,0.0,0.0,0.0,True
multicopter,hover_climb,74.27334907318564,4.254188189417133,0.0,0.0,0.19839633152024438,True
multicopter,hover_climb,282.3826486059498,4.254188189417133,0.0,0.0,0.7542904994520641,True
multicopter,hover_climb,583.1092995327641,4.254188189417133,0.0,0.0,1.5575808462419976,True
multicopter,hover_climb,916.8907004672358,4.254188189417133,0.0,0.0,2.4491658669987135,True
multicopter,hover_climb,1217.61735139405,4.254188189417133,0.0,0.0,3.252456213788647,True
multicopter,hover_climb,1425.7266509268143,4.254188189417133,0.0,0.0,3.8083503817204667,True
multicopter,hover_climb,1500.0,4.254188189417133,0.0,0.0,4.0067467132407115,True
multicopter,hover_descent,1500.0,3.104495506755523,0.0,0.0,4.0067467132407115,True
multicopter,hover_descent,1425.7266509268143,3.104495506755523,0.0,0.0,4.2786154689018145,True
multicopter,hover_descent,1217.6173513940503,3.104495506755523,0.0,0.0,5.040374794574964,True
multicopter,hover_descent,916.890700467236,3.104495506755523,0.0,0.0,6.141148913445559,True
multicopter,hover_descent,583.1092995327642,3.104495506755523,0.0,0.0,7.362916011162651,True
multicopter,hover_descent,282.38264860594995,3.104495506755523,0.0,0.0,8.463690130033243,True
multicopter,hover_descent,74.27334907318571,3.104495506755523,0.0,0.0,9.225449455706393,True
multicopter,hover_descent,-0.0,3.104495506755523,0.0,0.0,9.497318211367496,True
