eVTOL_type,mission_segment,altitude_ft,air_speed_mph,pitch_angle_deg,range_nmi,time_min,fesibility
multicopter,hover_climb,0.0,5.1455587029069525,0.0,0.0,0.0,True
multicopter,hover_climb,74.27334907318564,5.1455587029069525,0.0,0.0,0.16402792759905516,True
multicopter,hover_climb,282.3826486059498,5.1455587029069525,0.0,0.0,0.6236239676647116,True
multicopter,hover_climb,583.1092995327641,5.1455587029069525,0.0,0.0,1.2877594878864356,True
multicopter,hover_climb,916.8907004672358,5.1455587029069525,0.0,0.0,2.02489430339668,True
multicopter,hover_climb,1217.61735139405,5.1455587029069525,0.0,0.0,2.689029823618404,True
multicopter,hover_climb,1425.7266509268143,5.1455587029069525,0.0,0.0,3.1486258636840607,True
multicopter,hover_climb,1500.0,5.1455587029069525,0.0,0.0,3.312653791283116,True
multicopter,hover_descent,1500.0,3.397328995843642,0.0,0.0,3.312653791283116,True
multicopter,hover_descent,1425.7266509268143,3.397328995843642,0.0,0.0,3.561088762229319,True
multicopter,hover_descent,1217.6173513940503,3.397328995843642,0.0,0.0,4.257188082217065,True
multicopter,hover_descent,916.890700467236,3.397328995843642,0.0,0.0,5.263080743824869,True
multicopter,hover_descent,583.1092995327642,3.397328995843642,0.0,0.0,6.37953736895739,True
multicopter,hover_descent,282.38264860594995,3.397328995843642,0.0,0.0,7.385430030565193,True
multicopter,hover_descent,74.27334907318571,3.397328995843642,0.0,0.0,8.08152935055294,True
multicopter,hover_descent,-0.0,3.397328995843642,0.0,0.0,8.329964321499144,True
