eVTOL_type,mission_segment,altitude_ft,air_speed_mph,pitch_angle_deg,range_nmi,time_min,fesibility
multicopter,hover_climb,0.0,5.067333923959769,0.0,0.0,0.0,True
multicopter,hover_climb,74.27334907318564,5.067333923959769,0.0,0.0,0.16656003789021473,True
multicopter,hover_climb,282.3826486059498,5.067333923959769,0.0,0.0,0.6332508933318911,True
multicopter,hover_climb,583.1092995327641,5.067333923959769,0.0,0.0,1.307638718817074,True
multicopter,hover_climb,916.8907004672358,5.067333923959769,0.0,0.0,2.0561527346845163,True
multicopter,hover_climb,1217.61735139405,5.067333923959769,0.0,0.0,2.730540560169699,True
multicopter,hover_climb,1425.7266509268143,5.067333923959769,0.0,0.0,3.1972314156113755,True
multicopter,hover_climb,1500.0,5.067333923959769,0.0,0.0,3.3637914535015905,True
multicopter,hover_descent,1500.0,3.2870782297875563,0.0,0.0,3.3637914535015905,True
multicopter,hover_descent,1425.7266509268143,3.2870782297875563,0.0,0.0,3.620559096793018,True
multicopter,hover_descent,1217.6173513940503,3.2870782297875563,0.0,0.0,4.340006045864945,True
multicopter,hover_descent,916.890700467236,3.2870782297875563,0.0,0.0,5.379637009015887,True
multicopter,hover_descent,583.1092995327642,3.2870782297875563,0.0,0.0,6.533540323756769,True
multicopter,hover_descent,282.38264860594995,3.2870782297875563,0.0,0.0,7.5731712869077095,True
multicopter,hover_descent,74.27334907318571,3.2870782297875563,0.0,0.0,8.292618235979637,True
multicopter,hover_descent,-0.0,3.2870782297875563,0.0,0.0,8.549385879271066,True
