eVTOL_type,mission_segment,velocity_kts,equivalent_airspeed_kts,Mach,time_min,fesibility
multicopter,hover_climb,4.411240434859944,4.411240435221414,0.006668757598052417,0.0,True
multicopter,hover_climb,4.411240434859944,4.4064482218455066,0.006670461020909461,0.16626372575425505,True
multicopter,hover_climb,4.411240434859944,4.39303562478788,0.006675240802667509,0.632124333040609,True
multicopter,hover_climb,4.411240434859944,4.37369261420813,0.006682165806061357,1.3053124151805937,True
multicopter,hover_climb,4.411240434859944,4.35227711156093,0.006689877038719991,2.052494816396365,True
multicopter,hover_climb,4.411240434859944,4.333030702341788,0.0066968473174697585,2.7256828985363493,True
multicopter,hover_climb,4.411240434859944,4.319738565190388,0.006701683557503984,3.1915435058227035,True
multicopter,hover_climb,4.411240434859944,4.314999961508964,0.006703412106954231,3.3578072315769587,True
multicopter,hover_descent,2.9497211491542,2.8853667880986094,0.0044824572034480375,3.3578072315769587,True
multicopter,hover_descent,2.9497211491542,2.8885354114604413,0.004481301351948659,3.6064508262801183,True
multicopter,hover_descent,2.9497211491542,2.89742363658712,0.00447806744082502,4.303134697045065,True
multicopter,hover_descent,2.9497211491542,2.910293381765901,0.004473406534454737,5.309872058999844,True
multicopter,hover_descent,2.9497211491542,2.9246135626789633,0.004468250164858677,6.427266230785826,True
multicopter,hover_descent,2.9497211491542,2.937547903537946,0.004463619533345741,7.434003592740606,True
multicopter,hover_descent,2.9497211491542,2.946516678146854,0.004460423374907258,8.130687463505552,True
multicopter,hover_descent,2.9497211491542,2.9497211493959083,0.004459284325131673,8.379331058208711,True
