eVTOL_type,mission_segment,altitude_ft,air_speed_mph,pitch_angle_deg,range_nmi,time_min,fesibility
multicopter,hover_climb,0.0,4.064955981782717,0.0,0.0,0.0,True
multicopter,hover_climb,74.27334907318564,4.064955981782717,0.0,0.0,0.2076320959340279,True
multicopter,hover_climb,282.3826486059498,4.064955981782717,0.0,0.0,0.789404300695831,True
multicopter,hover_climb,583.1092995327641,4.064955981782717,0.0,0.0,1.6300894941644757,True
multicopter,hover_climb,916.8907004672358,4.064955981782717,0.0,0.0,2.563179663446214,True
multicopter,hover_climb,1217.61735139405,4.064955981782717,0.0,0.0,3.403864856914858,True
multicopter,hover_climb,1425.7266509268143,4.064955981782717,0.0,0.0,3.985637061676662,True
multicopter,hover_climb,1500.0,4.064955981782717,0.0,0.0,4.19326915761069,True
multicopter,hover_descent,1500.0,3.2831808965063143,0.0,0.0,4.19326915761069,True
multicopter,hover_descent,1425.7266509268143,3.2831808965063143,0.0,0.0,4.450341599545046,True
multicopter,hover_descent,1217.6173513940503,3.2831808965063143,0.0,0.0,5.17064257543642,True
multicopter,hover_descent,916.890700467236,3.2831808965063143,0.0,0.0,6.211507643097779,True
multicopter,hover_descent,583.1092995327642,3.2831808965063143,0.0,0.0,7.3667807105064655,True
multicopter,hover_descent,282.38264860594995,3.2831808965063143,0.0,0.0,8.407645778167824,True
multicopter,hover_descent,74.27334907318571,3.2831808965063143,0.0,0.0,9.127946754059197,True
multicopter,hover_descent,-0.0,3.2831808965063143,0.0,0.0,9.385019195993555,True
