eVTOL_type,mission_segment,altitude_ft,air_speed_mph,pitch_angle_deg,range_nmi,time_min,fesibility
multicopter,hover_climb,0.0,5.368567559645587,0.0,0.0,0.0,True
multicopter,hover_climb,74.27334907318564,5.368567559645587,0.0,0.0,0.15721425147396834,True
multicopter,hover_climb,282.3826486059498,5.368567559645587,0.0,0.0,0.5977187952851916,True
multicopter,hover_climb,583.1092995327641,5.368567559645587,0.0,0.0,1.2342663040981623,True
multicopter,hover_climb,916.8907004672358,5.368567559645587,0.0,0.0,1.9407807370495935,True
multicopter,hover_climb,1217.61735139405,5.368567559645587,0.0,0.0,2.5773282458625637,True
multicopter,hover_climb,1425.7266509268143,5.368567559645587,0.0,0.0,3.0178327896737875,True
multicopter,hover_climb,1500.0,5.368567559645587,0.0,0.0,3.175047041147756,True
multicopter,hover_descent,1500.0,3.2621289806203886,0.0,0.0,3.175047041147756,True
multicopter,hover_descent,1425.7266509268143,3.2621289806203886,0.0,0.0,3.4337784816858905,True
multicopter,hover_descent,1217.6173513940503,3.2621289806203886,0.0,0.0,4.158727868368835,True
multicopter,hover_descent,916.890700467236,3.2621289806203886,0.0,0.0,5.206310084243273,True
multicopter,hover_descent,583.1092995327642,3.2621289806203886,0.0,0.0,6.369038623702528,True
multicopter,hover_descent,282.38264860594995,3.2621289806203886,0.0,0.0,7.416620839576965,True
multicopter,hover_descent,74.27334907318571,3.2621289806203886,0.0,0.0,8.14157022625991,True
multicopter,hover_descent,-0.0,3.2621289806203886,0.0,0.0,8.400301666798047,True
