eVTOL_type,mission_segment,velocity_kts,equivalent_airspeed_kts,Mach,time_min,fesibility
multicopter,hover_climb,4.53061469452327,4.530614694894522,0.006849223390587927,0.0,True
multicopter,hover_climb,4.53061469452327,4.525692797604907,0.006850972910420517,0.16188294952210872,True
multicopter,hover_climb,4.53061469452327,4.511917237143323,0.0068558820396755205,0.6154688945714949,True
multicopter,hover_climb,4.53061469452327,4.492050777977688,0.006862994443227106,1.270919575864575,True
multicopter,hover_climb,4.53061469452327,4.47005574224641,0.006870914352493445,1.9984149473961803,True
multicopter,hover_climb,4.53061469452327,4.4502884986076445,0.006878073256614621,2.6538656286892603,True
multicopter,hover_climb,4.53061469452327,4.436636657863746,0.006883040371984744,3.1074515737386466,True
multicopter,hover_climb,4.53061469452327,4.4317698210210015,0.006884815698370858,3.2693345232607554,True
multicopter,hover_descent,2.805358026175262,2.7441532497988748,0.0042630800190335905,3.2693345232607554,True
multicopter,hover_descent,2.805358026175262,2.747166796683668,0.0042619807363838465,3.530773264075442,True
multicopter,hover_descent,2.805358026175262,2.755620020712906,0.004258905097003752,4.263308337565412,True
multicopter,hover_descent,2.805358026175262,2.767859904114249,0.004254472301348178,5.321852188472874,True
multicopter,hover_descent,2.805358026175262,2.781479237071285,0.0042495682910703315,6.496747224937229,True
multicopter,hover_descent,2.805358026175262,2.793780554757683,0.004245164288581893,7.555291075844691,True
multicopter,hover_descent,2.805358026175262,2.8023103860745424,0.004242124554222291,8.287826149334661,True
multicopter,hover_descent,2.805358026175262,2.805358026405141,0.004241041250998506,8.549264890149349,True
