eVTOL_type,mission_segment,altitude_ft,air_speed_mph,pitch_angle_deg,range_nmi,time_min,fesibility
multicopter,hover_climb,0.0,5.051063101153775,0.0,0.0,0.0,True
multicopter,hover_climb,74.27334907318564,5.051063101153775,0.0,0.0,0.16709657224126098,True
multicopter,hover_climb,282.3826486059498,5.051063101153775,0.0,0.0,0.6352907635276894,True
multicopter,hover_climb,583.1092995327641,5.051063101153775,0.0,0.0,1.3118509722500729,True
multicopter,hover_climb,916.8907004672358,5.051063101153775,0.0,0.0,2.0627761516045044,True
multicopter,hover_climb,1217.61735139405,5.051063101153775,0.0,0.0,2.7393363603268877,True
multicopter,hover_climb,1425.7266509268143,5.051063101153775,0.0,0.0,3.207530551613316,True
multicopter,hover_climb,1500.0,5.051063101153775,0.0,0.0,3.374627123854577,True
multicopter,hover_descent,1500.0,3.1589048414452563,0.0,0.0,3.374627123854577,True
multicopter,hover_descent,1425.7266509268143,3.1589048414452563,0.0,0.0,3.6418131812829353,True
multicopter,hover_descent,1217.6173513940503,3.1589048414452563,0.0,0.0,4.390451878072369,True
multicopter,hover_descent,916.890700467236,3.1589048414452563,0.0,0.0,5.472266138872651,True
multicopter,hover_descent,583.1092995327642,3.1589048414452563,0.0,0.0,6.672989381751058,True
multicopter,hover_descent,282.38264860594995,3.1589048414452563,0.0,0.0,7.754803642551338,True
multicopter,hover_descent,74.27334907318571,3.1589048414452563,0.0,0.0,8.503442339340772,True
multicopter,hover_descent,-0.0,3.1589048414452563,0.0,0.0,8.770628396769132,True
