eVTOL_type,mission_segment,velocity_kts,equivalent_airspeed_kts,Mach,time_min,fesibility
multicopter,hover_climb,4.714305667768068,4.714305668154371,0.0071269209207065224,0.0,True
multicopter,hover_climb,4.714305667768068,4.709184215580473,0.007128741373739667,0.15557524725478142,True
multicopter,hover_climb,4.714305667768068,4.69485013353213,0.007133849540606879,0.5914874032951215,True
multicopter,hover_climb,4.714305667768068,4.674178201055452,0.007141250312165587,1.221398719505476,True
multicopter,hover_climb,4.714305667768068,4.651291390191559,0.007149491329259281,1.9205475343550675,True
multicopter,hover_climb,4.714305667768068,4.6307226958739784,0.007156940486724441,2.550458850565422,True
multicopter,hover_climb,4.714305667768068,4.616517349682826,0.00716210899071798,2.9863710066057627,True
multicopter,hover_climb,4.714305667768068,4.611453189947594,0.0071639562966154145,3.141946253860544,True
multicopter,hover_descent,2.954332328755836,2.8898773651341143,0.004489464447243836,3.141946253860544,True
multicopter,hover_descent,2.954332328755836,2.8930509418765107,0.004488306788848623,3.390201760784677,True
multicopter,hover_descent,2.954332328755836,2.9019530616055356,0.004485067822282705,4.085798233756765,True
multicopter,hover_descent,2.954332328755836,2.914842925535698,0.004480399629706272,5.090964260373787,True
multicopter,hover_descent,2.954332328755836,2.9291854926075804,0.004475235199366468,6.206614381511922,True
multicopter,hover_descent,2.954332328755836,2.9421400531977557,0.004470597328974839,7.211780408128944,True
multicopter,hover_descent,2.954332328755836,2.951122848328753,0.004467396174111322,7.907376881101032,True
multicopter,hover_descent,2.954332328755836,2.954332328997922,0.004466255343705357,8.155632388025165,True
