eVTOL_type,mission_segment,altitude_ft,air_speed_mph,pitch_angle_deg,range_nmi,time_min,fesibility
multicopter,hover_climb,0.0,5.564744619133547,0.0,0.0,0.0,True
multicopter,hover_climb,74.27334907318564,5.564744619133547,0.0,0.0,0.15167188939364593,True
multicopter,hover_climb,282.3826486059498,5.564744619133547,0.0,0.0,0.5766470797465201,True
multicopter,hover_climb,583.1092995327641,5.564744619133547,0.0,0.0,1.1907540226305624,True
multicopter,hover_climb,916.8907004672358,5.564744619133547,0.0,0.0,1.8723613064801905,True
multicopter,hover_climb,1217.61735139405,5.564744619133547,0.0,0.0,2.4864682493642327,True
multicopter,hover_climb,1425.7266509268143,5.564744619133547,0.0,0.0,2.911443439717107,True
multicopter,hover_climb,1500.0,5.564744619133547,0.0,0.0,3.063115329110753,True
multicopter,hover_descent,1500.0,3.314012713762387,0.0,0.0,3.063115329110753,True
multicopter,hover_descent,1425.7266509268143,3.314012713762387,0.0,0.0,3.317796105340758,True
multicopter,hover_descent,1217.6173513940503,3.314012713762387,0.0,0.0,4.031395782843677,True
multicopter,hover_descent,916.890700467236,3.314012713762387,0.0,0.0,5.062577193764343,True
multicopter,hover_descent,583.1092995327642,3.314012713762387,0.0,0.0,6.2071022130598505,True
multicopter,hover_descent,282.38264860594995,3.314012713762387,0.0,0.0,7.238283623980518,True
multicopter,hover_descent,74.27334907318571,3.314012713762387,0.0,0.0,7.951883301483436,True
multicopter,hover_descent,-0.0,3.314012713762387,0.0,0.0,8.206564077713441,True
