eVTOL_type,mission_segment,velocity_kts,equivalent_airspeed_kts,Mach,time_min,fesibility
multicopter,hover_climb,4.291992576035471,4.291992576387169,0.006488482893843864,0.0,True
multicopter,hover_climb,4.291992576035471,4.287329909607632,0.006490140268535686,0.17088316368317344,True
multicopter,hover_climb,4.291992576035471,4.274279891625896,0.006494790839757896,0.649687148420772,True
multicopter,hover_climb,4.291992576035471,4.255459775372336,0.00650152864142487,1.3415789528900013,True
multicopter,hover_climb,4.291992576035471,4.234623192163793,0.006509031418435479,2.1095209197196096,True
multicopter,hover_climb,4.291992576035471,4.215897065872625,0.006515813271542031,2.8014127241888387,True
multicopter,hover_climb,4.291992576035471,4.202964251437342,0.006520518774819246,3.2802167089264374,True
multicopter,hover_climb,4.291992576035471,4.198353745136048,0.006522200596863936,3.451099872609611,True
multicopter,hover_descent,2.8475790476915,2.7854531310698496,0.004327239955672572,3.451099872609611,True
multicopter,hover_descent,2.8475790476915,2.7885120322469206,0.004326124128668783,3.7086622642461897,True
multicopter,hover_descent,2.8475790476915,2.7970924784525404,0.004323002200495874,4.430336048696864,True
multicopter,hover_descent,2.8475790476915,2.809516573771086,0.004318502690660147,5.473184882203044,True
multicopter,hover_descent,2.8475790476915,2.823340879549577,0.004313524874357714,6.630659763587209,True
multicopter,hover_descent,2.8475790476915,2.8358273337475617,0.004309054591030221,7.673508597093389,True
multicopter,hover_descent,2.8475790476915,2.844485540190946,0.004305969108253269,8.395182381544064,True
multicopter,hover_descent,2.8475790476915,2.8475790479248393,0.0043048695011679815,8.652744773180643,True
