eVTOL_type,mission_segment,velocity_kts,equivalent_airspeed_kts,Mach,time_min,fesibility
multicopter,hover_climb,3.8112495772419486,3.8112495775542534,0.00576171259572553,0.0,True
multicopter,hover_climb,3.8112495772419486,3.807109172724209,0.005763184329071205,0.1924380062321682,True
multicopter,hover_climb,3.8112495772419486,3.7955208778623772,0.005767313993158591,0.7316373176971269,True
multicopter,hover_climb,3.8112495772419486,3.7788087892824667,0.005773297098511144,1.5108028979136543,True
multicopter,hover_climb,3.8112495772419486,3.76030609675962,0.00577995949486977,2.375611447881128,True
multicopter,hover_climb,3.8112495772419486,3.7436774703940725,0.005785981717491864,3.1547770280976555,True
multicopter,hover_climb,3.8112495772419486,3.7321932511938267,0.005790160160734318,3.693976339562614,True
multicopter,hover_climb,3.8112495772419486,3.7280991643844064,0.005791653603102463,3.886414345794783,True
multicopter,hover_descent,2.9333193336665717,2.8693228126583903,0.004457532665749542,3.886414345794783,True
multicopter,hover_descent,2.9333193336665717,2.872473817007067,0.0044563832413197285,4.136448244756908,True
multicopter,hover_descent,2.9333193336665717,2.881312619486259,0.004453167312239432,4.837027661489299,True
multicopter,hover_descent,2.9333193336665717,2.8941108029223797,0.004448532322666847,5.849394250465413,True
multicopter,hover_descent,2.9333193336665717,2.9083513569984603,0.004443404624873451,6.97303639287711,True
multicopter,hover_descent,2.9333193336665717,2.921213776932889,0.004438799741815988,7.985402981853225,True
multicopter,hover_descent,2.9333193336665717,2.93013268100189,0.004435621355498437,8.685982398585617,True
multicopter,hover_descent,2.9333193336665717,2.933319333906936,0.0044344886393670535,8.936016297547743,True
