eVTOL_type,mission_segment,altitude_ft,air_speed_mph,pitch_angle_deg,range_nmi,time_min,fesibility
multicopter,hover_climb,0.0,5.322526700554904,0.0,0.0,0.0,True
multicopter,hover_climb,74.27334907318564,5.322526700554904,0.0,0.0,0.15857418437921905,True
multicopter,hover_climb,282.3826486059498,5.322526700554904,0.0,0.0,0.6028891755158271,True
multicopter,hover_climb,583.1092995327641,5.322526700554904,0.0,0.0,1.2449429402494543,True
multicopter,hover_climb,916.8907004672358,5.322526700554904,0.0,0.0,1.9575688562019309,True
multicopter,hover_climb,1217.61735139405,5.322526700554904,0.0,0.0,2.5996226209355577,True
multicopter,hover_climb,1425.7266509268143,5.322526700554904,0.0,0.0,3.043937612072166,True
multicopter,hover_climb,1500.0,5.322526700554904,0.0,0.0,3.202511796451385,True
multicopter,hover_descent,1500.0,3.096522730359568,0.0,0.0,3.202511796451385,True
multicopter,hover_descent,1425.7266509268143,3.096522730359568,0.0,0.0,3.475080546585864,True
multicopter,hover_descent,1217.6173513940503,3.096522730359568,0.0,0.0,4.238801213188818,True
multicopter,hover_descent,916.890700467236,3.096522730359568,0.0,0.0,5.34240955182023,True
multicopter,hover_descent,583.1092995327642,3.096522730359568,0.0,0.0,6.567322396146102,True
multicopter,hover_descent,282.38264860594995,3.096522730359568,0.0,0.0,7.670930734777513,True
multicopter,hover_descent,74.27334907318571,3.096522730359568,0.0,0.0,8.434651401380469,True
multicopter,hover_descent,-0.0,3.096522730359568,0.0,0.0,8.707220151514948,True
