eVTOL_type,mission_segment,velocity_kts,equivalent_airspeed_kts,Mach,time_min,fesibility
multicopter,hover_climb,4.25257798867691,4.2525779890253785,0.006428897311783009,0.0,True
multicopter,hover_climb,4.25257798867691,4.247958140839734,0.006430539466332108,0.17246697693739976,True
multicopter,hover_climb,4.25257798867691,4.235027964881175,0.006435147330037365,0.655708707798483,True
multicopter,hover_climb,4.25257798867691,4.2163806791027465,0.006441823256557142,1.3540132412153145,True
multicopter,hover_climb,4.25257798867691,4.195735444158344,0.006449257133434614,2.1290728002016106,True
multicopter,hover_climb,4.25257798867691,4.177181285205775,0.006455976706857083,2.8273773336184425,True
multicopter,hover_climb,4.25257798867691,4.164367236480199,0.006460638998160675,3.3106190644795257,True
multicopter,hover_climb,4.25257798867691,4.159799069768306,0.006462305375555652,3.4830860414169256,True
multicopter,hover_descent,2.80053415949484,2.739434625899834,0.004255749571558469,3.4830860414169256,True
multicopter,hover_descent,2.80053415949484,2.7424429909332297,0.004254652179146226,3.744975105476737,True
multicopter,hover_descent,2.80053415949484,2.7508816794823776,0.004251581828386759,4.478771956660534,True
multicopter,hover_descent,2.80053415949484,2.7631005161705513,0.004247156655007937,5.539139129163573,True
multicopter,hover_descent,2.80053415949484,2.776696430424574,0.004242261077269382,6.71605789992168,True
multicopter,hover_descent,2.80053415949484,2.788976595760378,0.0042378646475472945,7.776425072424719,True
multicopter,hover_descent,2.80053415949484,2.797491759869453,0.004234830140068953,8.510221923608517,True
multicopter,hover_descent,2.80053415949484,2.8005341597243234,0.004233748699605741,8.772110987668327,True
