eVTOL_type,mission_segment,velocity_kts,equivalent_airspeed_kts,Mach,time_min,fesibility
multicopter,hover_climb,3.6714227287673618,3.6714227290682087,0.005550327301283689,0.0,True
multicopter,hover_climb,3.6714227287673618,3.6674342271107156,0.005551745039782963,0.19976704511601556,True
multicopter,hover_climb,3.6714227287673618,3.656271082771537,0.005555723195053386,0.7595018671968072,True
multicopter,hover_climb,3.6714227287673618,3.6401721260871365,0.005561486792670068,1.5683421200321774,True
multicopter,hover_climb,3.6714227287673618,3.6223482590075804,0.005567904759513587,2.4660870717733654,True
multicopter,hover_climb,3.6714227287673618,3.6063297024818675,0.005573706039268258,3.2749273246087354,True
multicopter,hover_climb,3.6714227287673618,3.5952668154839396,0.005577731184087641,3.8346621466895274,True
multicopter,hover_climb,3.6714227287673618,3.5913229322348843,0.0055791698351503405,4.034429191805543,True
multicopter,hover_descent,2.7585966473459416,2.6984120686440036,0.004192020461611781,4.034429191805543,True
multicopter,hover_descent,2.7585966473459416,2.701375383934047,0.004190939502460123,4.300299619293836,True
multicopter,hover_descent,2.7585966473459416,2.709687704589286,0.004187915129669481,5.045252002907844,True
multicopter,hover_descent,2.7585966473459416,2.721723566322373,0.004183556222492664,6.121739386831398,True
multicopter,hover_descent,2.7585966473459416,2.735115884124172,0.004178733955179618,7.31655024242707,True
multicopter,hover_descent,2.7585966473459416,2.747212156119052,0.004174403361228274,8.393037626350623,True
multicopter,hover_descent,2.7585966473459416,2.7555998071260057,0.004171414294971853,9.137990009964632,True
multicopter,hover_descent,2.7585966473459416,2.7585966475719887,0.004170349048891563,9.403860437452924,True
