eVTOL_type,mission_segment,altitude_ft,air_speed_mph,pitch_angle_deg,range_nmi,time_min,fesibility
multicopter,hover_climb,0.0,4.173553203286764,0.0,0.0,0.0,True
multicopter,hover_climb,74.27334907318564,4.173553203286764,0.0,0.0,0.20222944078259963,True
multicopter,hover_climb,282.3826486059498,4.173553203286764,0.0,0.0,0.7688637422020754,True
multicopter,hover_climb,583.1092995327641,4.173553203286764,0.0,0.0,1.5876740315486424,True
multicopter,hover_climb,916.8907004672358,4.173553203286764,0.0,0.0,2.4964848889680242,True
multicopter,hover_climb,1217.61735139405,4.173553203286764,0.0,0.0,3.315295178314591,True
multicopter,hover_climb,1425.7266509268143,4.173553203286764,0.0,0.0,3.8819294797340667,True
multicopter,hover_climb,1500.0,4.173553203286764,0.0,0.0,4.084158920516667,True
multicopter,hover_descent,1500.0,3.35000419098944,0.0,0.0,4.084158920516667,True
multicopter,hover_descent,1425.7266509268143,3.35000419098944,0.0,0.0,4.336103480062971,True
multicopter,hover_descent,1217.6173513940503,3.35000419098944,0.0,0.0,5.042036448786492,True
multicopter,hover_descent,916.890700467236,3.35000419098944,0.0,0.0,6.0621391445318356,True
multicopter,hover_descent,583.1092995327642,3.35000419098944,0.0,0.0,7.194367717668091,True
multicopter,hover_descent,282.38264860594995,3.35000419098944,0.0,0.0,8.214470413413435,True
multicopter,hover_descent,74.27334907318571,3.35000419098944,0.0,0.0,8.920403382136955,True
multicopter,hover_descent,-0.0,3.35000419098944,0.0,0.0,9.17234794168326,True
