eVTOL_type,mission_segment,velocity_kts,equivalent_airspeed_kts,Mach,time_min,fesibility
multicopter,hover_climb,4.06167164062966,4.061671640962485,0.00614029183269922,0.0,True
multicopter,hover_climb,4.06167164062966,4.057259186585491,0.006141860267794207,0.18057325524816054,True
multicopter,hover_climb,4.06167164062966,4.044909470921471,0.006146261275697028,0.6865282732051006,True
multicopter,hover_climb,4.06167164062966,4.0270992974166875,0.006152637507124765,1.417654457433365,True
multicopter,hover_climb,4.06167164062966,4.007380866499938,0.006159737663071006,2.2291433004723347,True
multicopter,hover_climb,4.06167164062966,3.989659639179934,0.00616615558200861,2.9602694847005986,True
multicopter,hover_climb,4.06167164062966,3.977420837575614,0.006170608574150925,3.466224502657539,True
multicopter,hover_climb,4.06167164062966,3.9730577445923063,0.006172200144681974,3.6467977579057,True
multicopter,hover_descent,2.948143280918015,2.8838233443713985,0.004480059442275458,3.6467977579057,True
multicopter,hover_descent,2.948143280918015,2.886990272769571,0.0044789042090654955,3.895574428512175,True
multicopter,hover_descent,2.948143280918015,2.8958737433966224,0.004475672027829321,4.592631169672348,True
multicopter,hover_descent,2.948143280918015,2.9087366042764815,0.0044710136146764445,5.599907344959536,True
multicopter,hover_descent,2.948143280918015,2.9230491250218686,0.0044658600033315515,6.717899554426513,True
multicopter,hover_descent,2.948143280918015,2.935976547028334,0.0044612318488413604,7.725175729713699,True
multicopter,hover_descent,2.948143280918015,2.9449405240499935,0.004458037400095633,8.422232470873873,True
multicopter,hover_descent,2.948143280918015,2.9481432811595947,0.004456898959621866,8.671009141480349,True
