eVTOL_type,mission_segment,altitude_ft,air_speed_mph,pitch_angle_deg,range_nmi,time_min,fesibility
multicopter,hover_climb,0.0,4.374877840845588,0.0,0.0,0.0,True
multicopter,hover_climb,74.27334907318564,4.374877840845588,0.0,0.0,0.19292317661925298,True
multicopter,hover_climb,282.3826486059498,4.374877840845588,0.0,0.0,0.7334819053000796,True
multicopter,hover_climb,583.1092995327641,4.374877840845588,0.0,0.0,1.5146119003094975,True
multicopter,hover_climb,916.8907004672358,4.374877840845588,0.0,0.0,2.3816007862051856,True
multicopter,hover_climb,1217.61735139405,4.374877840845588,0.0,0.0,3.1627307812146035,True
multicopter,hover_climb,1425.7266509268143,4.374877840845588,0.0,0.0,3.7032895098954297,True
multicopter,hover_climb,1500.0,4.374877840845588,0.0,0.0,3.896212686514683,True
multicopter,hover_descent,1500.0,3.153439531227554,0.0,0.0,3.896212686514683,True
multicopter,hover_descent,1425.7266509268143,3.153439531227554,0.0,0.0,4.163861811230436,True
multicopter,hover_descent,1217.6173513940503,3.153439531227554,0.0,0.0,4.913797993726641,True
multicopter,hover_descent,916.890700467236,3.153439531227554,0.0,0.0,5.997487175696222,True
multicopter,hover_descent,583.1092995327642,3.153439531227554,0.0,0.0,7.200291424074481,True
multicopter,hover_descent,282.38264860594995,3.153439531227554,0.0,0.0,8.283980606044063,True
multicopter,hover_descent,74.27334907318571,3.153439531227554,0.0,0.0,9.033916788540266,True
multicopter,hover_descent,-0.0,3.153439531227554,0.0,0.0,9.30156591325602,True
