eVTOL_type,mission_segment,altitude_ft,air_speed_mph,pitch_angle_deg,range_nmi,time_min,fesibility
multicopter,hover_climb,0.0,5.003404784669364,0.0,0.0,0.0,True
multicopter,hover_climb,74.27334907318564,5.003404784669364,0.0,0.0,0.16868819667823143,True
multicopter,hover_climb,282.3826486059498,5.003404784669364,0.0,0.0,0.6413420205358364,True
multicopter,hover_climb,583.1092995327641,5.003404784669364,0.0,0.0,1.3243465850390768,True
multicopter,hover_climb,916.8907004672358,5.003404784669364,0.0,0.0,2.08242445968681,True
multicopter,hover_climb,1217.61735139405,5.003404784669364,0.0,0.0,2.76542902419005,True
multicopter,hover_climb,1425.7266509268143,5.003404784669364,0.0,0.0,3.238082848047655,True
multicopter,hover_climb,1500.0,5.003404784669364,0.0,0.0,3.406771044725887,True
multicopter,hover_descent,1500.0,3.406531367402207,0.0,0.0,3.406771044725887,True
multicopter,hover_descent,1425.7266509268143,3.406531367402207,0.0,0.0,3.6545348957955306,True
multicopter,hover_descent,1217.6173513940503,3.406531367402207,0.0,0.0,4.348753779675895,True
multicopter,hover_descent,916.890700467236,3.406531367402207,0.0,0.0,5.351929132378597,True
multicopter,hover_descent,583.1092995327642,3.406531367402207,0.0,0.0,6.46536977216256,True
multicopter,hover_descent,282.38264860594995,3.406531367402207,0.0,0.0,7.468545124865261,True
multicopter,hover_descent,74.27334907318571,3.406531367402207,0.0,0.0,8.162764008745626,True
multicopter,hover_descent,-0.0,3.406531367402207,0.0,0.0,8.41052785981527,True
