eVTOL_type,mission_segment,altitude_ft,air_speed_mph,pitch_angle_deg,range_nmi,time_min,fesibility
multicopter,hover_climb,0.0,3.9983026969814515,0.0,0.0,0.0,True
multicopter,hover_climb,74.27334907318564,3.9983026969814515,0.0,0.0,0.21109340496263712,True
multicopter,hover_climb,282.3826486059498,3.9983026969814515,0.0,0.0,0.8025639821069823,True
multicopter,hover_climb,583.1092995327641,3.9983026969814515,0.0,0.0,1.657263729719008,True
multicopter,hover_climb,916.8907004672358,3.9983026969814515,0.0,0.0,2.6059088805796424,True
multicopter,hover_climb,1217.61735139405,3.9983026969814515,0.0,0.0,3.4606086281916673,True
multicopter,hover_climb,1425.7266509268143,3.9983026969814515,0.0,0.0,4.052079205336013,True
multicopter,hover_climb,1500.0,3.9983026969814515,0.0,0.0,4.263172610298651,True
multicopter,hover_descent,1500.0,3.251709719115294,0.0,0.0,4.263172610298651,True
multicopter,hover_descent,1425.7266509268143,3.251709719115294,0.0,0.0,4.522733088718828,True
multicopter,hover_descent,1217.6173513940503,3.251709719115294,0.0,0.0,5.250005387927884,True
multicopter,hover_descent,916.890700467236,3.251709719115294,0.0,0.0,6.30094430965805,True
multicopter,hover_descent,583.1092995327642,3.251709719115294,0.0,0.0,7.467398511540627,True
multicopter,hover_descent,282.38264860594995,3.251709719115294,0.0,0.0,8.518337433270794,True
multicopter,hover_descent,74.27334907318571,3.251709719115294,0.0,0.0,9.245609732479847,True
multicopter,hover_descent,-0.0,3.251709719115294,0.0,0.0,9.505170210900026,True
