eVTOL_type,mission_segment,altitude_ft,air_speed_mph,pitch_angle_deg,range_nmi,time_min,fesibility
multicopter,hover_climb,0.0,4.1942755470047,0.0,0.0,0.0,True
multicopter,hover_climb,74.27334907318564,4.1942755470047,0.0,0.0,0.2012303008990086,True
multicopter,hover_climb,282.3826486059498,4.1942755470047,0.0,0.0,0.765065074575303,True
multicopter,hover_climb,583.1092995327641,4.1942755470047,0.0,0.0,1.5798299291225901,True
multicopter,hover_climb,916.8907004672358,4.1942755470047,0.0,0.0,2.4841506926625927,True
multicopter,hover_climb,1217.61735139405,4.1942755470047,0.0,0.0,3.2989155472098792,True
multicopter,hover_climb,1425.7266509268143,4.1942755470047,0.0,0.0,3.8627503208861738,True
multicopter,hover_climb,1500.0,4.1942755470047,0.0,0.0,4.063980621785182,True
multicopter,hover_descent,1500.0,3.3813448017288894,0.0,0.0,4.063980621785182,True
multicopter,hover_descent,1425.7266509268143,3.3813448017288894,0.0,0.0,4.313589987249942,True
multicopter,hover_descent,1217.6173513940503,3.3813448017288894,0.0,0.0,5.012979887555952,True
multicopter,hover_descent,916.890700467236,3.3813448017288894,0.0,0.0,6.023627575493375,True
multicopter,hover_descent,583.1092995327642,3.3813448017288894,0.0,0.0,7.14536188168572,True
multicopter,hover_descent,282.38264860594995,3.3813448017288894,0.0,0.0,8.156009569623142,True
multicopter,hover_descent,74.27334907318571,3.3813448017288894,0.0,0.0,8.855399469929154,True
multicopter,hover_descent,-0.0,3.3813448017288894,0.0,0.0,9.105008835393912,True
