eVTOL_type,mission_segment,altitude_ft,air_speed_mph,pitch_angle_deg,range_nmi,time_min,fesibility
multicopter,hover_climb,0.0,5.286540248734934,0.0,0.0,0.0,True
multicopter,hover_climb,74.27334907318564,5.286540248734934,0.0,0.0,0.15965362801864263,True
multicopter,hover_climb,282.3826486059498,5.286540248734934,0.0,0.0,0.606993153022226,True
multicopter,hover_climb,583.1092995327641,5.286540248734934,0.0,0.0,1.2534174958245528,True
multicopter,hover_climb,916.8907004672358,5.286540248734934,0.0,0.0,1.9708943874593239,True
multicopter,hover_climb,1217.61735139405,5.286540248734934,0.0,0.0,2.6173187302616503,True
multicopter,hover_climb,1425.7266509268143,5.286540248734934,0.0,0.0,3.064658255265234,True
multicopter,hover_climb,1500.0,5.286540248734934,0.0,0.0,3.2243118832838764,True
multicopter,hover_descent,1500.0,3.328486893324169,0.0,0.0,3.2243118832838764,True
multicopter,hover_descent,1425.7266509268143,3.328486893324169,0.0,0.0,3.4778851607000867,True
multicopter,hover_descent,1217.6173513940503,3.328486893324169,0.0,0.0,4.188381695484276,True
multicopter,hover_descent,916.890700467236,3.328486893324169,0.0,0.0,5.21507893525427,True
multicopter,hover_descent,583.1092995327642,3.328486893324169,0.0,0.0,6.354626900058302,True
multicopter,hover_descent,282.38264860594995,3.328486893324169,0.0,0.0,7.381324139828295,True
multicopter,hover_descent,74.27334907318571,3.328486893324169,0.0,0.0,8.091820674612485,True
multicopter,hover_descent,-0.0,3.328486893324169,0.0,0.0,8.345393952028695,True
