eVTOL_type,mission_segment,velocity_kts,equivalent_airspeed_kts,Mach,time_min,fesibility
multicopter,hover_climb,4.806455318989945,4.806455319383801,0.007266229511072055,0.0,True
multicopter,hover_climb,4.806455318989945,4.801233758734251,0.007268085548160178,0.1525925492326768,True
multicopter,hover_climb,4.806455318989945,4.786619491064858,0.007273293563409818,0.5801473711303715,True
multicopter,hover_climb,4.806455318989945,4.765543488190107,0.0072808389964660975,1.1979819896004678,True
multicopter,hover_climb,4.806455318989945,4.742209313114533,0.007289241099179693,1.8837266812106241,True
multicopter,hover_climb,4.806455318989945,4.7212385663758685,0.007296835863932689,2.50156129968072,True
multicopter,hover_climb,4.806455318989945,4.70675555093939,0.007302105395707179,2.9291161215784154,True
multicopter,hover_climb,4.806455318989945,4.701592403020911,0.007303988810547509,3.081708670811092,True
multicopter,hover_descent,2.6966517330808712,2.6378186127631653,0.004097887690029609,3.081708670811092,True
multicopter,hover_descent,2.6966517330808712,2.6407153861353243,0.004096831004061215,3.353686420440521,True
multicopter,hover_descent,2.6966517330808712,2.6488410517423073,0.0040938745442484995,4.115751140426498,True
multicopter,hover_descent,2.6966517330808712,2.6606066454665203,0.004089613517322359,5.216966566865349,True
multicopter,hover_descent,2.6966517330808712,2.6736982357303374,0.00408489953511709,6.439223479029954,True
multicopter,hover_descent,2.6966517330808712,2.685522883190195,0.004080666185636513,7.540438905468805,True
multicopter,hover_descent,2.6966517330808712,2.693722187588734,0.004077744239541776,8.302503625454783,True
multicopter,hover_descent,2.6966517330808712,2.6966517333018425,0.004076702913804163,8.574481375084211,True
