eVTOL_type,mission_segment,velocity_kts,equivalent_airspeed_kts,Mach,time_min,fesibility
multicopter,hover_climb,4.07096118636142,4.070961186695007,0.00615433544006906,0.0,True
multicopter,hover_climb,4.07096118636142,4.066538640488749,0.006155907462369224,0.18016120427646853,True
multicopter,hover_climb,4.07096118636142,4.054160679496551,0.006160318535921806,0.6849616810667497,True
multicopter,hover_climb,4.07096118636142,4.0363097719207,0.006166709350579967,1.4144195049709634,True
multicopter,hover_climb,4.07096118636142,4.016546242512007,0.006173825745461603,2.224056607751765,True
multicopter,hover_climb,4.07096118636142,3.9987844845518694,0.006180258342974127,2.9535144316559787,True
multicopter,hover_climb,4.07096118636142,3.986517691293554,0.006184721519660591,3.45831490844626,True
multicopter,hover_climb,4.07096118636142,3.982144619376599,0.006186316730310425,3.6384761127227288,True
multicopter,hover_descent,2.7813529026079786,2.720671848411119,0.004226601337282713,3.6384761127227288,True
multicopter,hover_descent,2.7813529026079786,2.7236596087244047,0.0042255114610672264,3.9021712623781077,True
multicopter,hover_descent,2.7813529026079786,2.7320404994951177,0.004222462139576926,4.641028652946219,True
multicopter,hover_descent,2.7813529026079786,2.744175647632456,0.004218067274840139,5.708708516733814,True
multicopter,hover_descent,2.7813529026079786,2.757678441535479,0.004213205227610003,6.893743762483539,True
multicopter,hover_descent,2.7813529026079786,2.7698744982718146,0.004208838909660557,7.961423626271133,True
multicopter,hover_descent,2.7813529026079786,2.778331340810465,0.004205825185955651,8.700281016839245,True
multicopter,hover_descent,2.7813529026079786,2.781352902835891,0.004204751152432026,8.963976166494625,True
