eVTOL_type,mission_segment,velocity_kts,equivalent_airspeed_kts,Mach,time_min,fesibility
multicopter,hover_climb,3.571186183191353,3.571186183483986,0.005398793229454354,0.0,True
multicopter,hover_climb,3.571186183191353,3.567306574914092,0.005400172261103397,0.20537413404814783,True
multicopter,hover_climb,3.571186183191353,3.5564482048025057,0.0054040418054696745,0.7808196701958946,True
multicopter,hover_climb,3.571186183191353,3.5407887790369443,0.005409648046345423,1.6123625626328189,True
multicopter,hover_climb,3.571186183191353,3.5234515360802012,0.005415890790973049,2.5353055433074694,True
multicopter,hover_climb,3.571186183191353,3.507870315402161,0.005421533685195601,3.3668484357443935,True
multicopter,hover_climb,3.571186183191353,3.497109465423311,0.005425448936210335,3.942293971892141,True
multicopter,hover_climb,3.571186183191353,3.4932732573896272,0.00542684830947163,4.147668105940289,True
multicopter,hover_descent,2.864709864613802,2.802210203247597,0.0043532722990133445,4.147668105940289,True
multicopter,hover_descent,2.864709864613802,2.805287506539296,0.004352149759279971,4.4036902877874935,True
multicopter,hover_descent,2.864709864613802,2.8139195720505077,0.004349009049826866,5.121048500308262,True
multicopter,hover_descent,2.864709864613802,2.826418409772606,0.004344482471285426,6.157661151691741,True
multicopter,hover_descent,2.864709864613802,2.8403258815132713,0.004339474708822299,7.308214393111566,True
multicopter,hover_descent,2.864709864613802,2.852887453261038,0.004334977532613523,8.344827044495043,True
multicopter,hover_descent,2.864709864613802,2.8615977468096343,0.004331873487809079,9.062185257015813,True
multicopter,hover_descent,2.864709864613802,2.8647098648485443,0.004330767265571991,9.318207438863018,True
