eVTOL_type,mission_segment,velocity_kts,equivalent_airspeed_kts,Mach,time_min,fesibility
multicopter,hover_climb,4.894609115648292,4.894609116049371,0.007399497309539082,0.0,True
multicopter,hover_climb,4.894609115648292,4.889291788277235,0.007401387387662688,0.14984429860861148,True
multicopter,hover_climb,4.894609115648292,4.874409484582343,0.007406690921602681,0.5696986933752884,True
multicopter,hover_climb,4.894609115648292,4.852946932879301,0.0074143747432483045,1.1764058722402537,True
multicopter,hover_climb,4.894609115648292,4.829184792497012,0.007422930946479841,1.849800037654053,True
multicopter,hover_climb,4.894609115648292,4.807829427402183,0.007430665004600458,2.456507216519018,True
multicopter,hover_climb,4.894609115648292,4.793080783199169,0.007436031183321962,2.876361611285695,True
multicopter,hover_climb,4.894609115648292,4.787822939488985,0.0074379491413251505,3.026205909894307,True
multicopter,hover_descent,2.8486607346613253,2.786511218766969,0.004328883709541021,3.026205909894307,True
multicopter,hover_descent,2.8486607346613253,2.7895712819042484,0.004327767458676995,3.2836705005258167,True
multicopter,hover_descent,2.8486607346613253,2.7981549874950162,0.004324644344602319,4.00507025264979,True
multicopter,hover_descent,2.8486607346613253,2.8105838022548117,0.004320143125573948,5.047523097970723,True
multicopter,hover_descent,2.8486607346613253,2.8244133593612473,0.004315163418388437,6.204558465627662,True
multicopter,hover_descent,2.8486607346613253,2.8369045566882467,0.00431069143697034,7.247011310948595,True
multicopter,hover_descent,2.8486607346613253,2.845566052054936,0.00430760478213584,7.968411063072568,True
multicopter,hover_descent,2.8486607346613253,2.848660734894753,0.004306504757351646,8.225875653704078,True
