eVTOL_type,mission_segment,velocity_kts,equivalent_airspeed_kts,Mach,time_min,fesibility
multicopter,hover_climb,4.107517899001333,4.107517899337915,0.00620960058799677,0.0,True
multicopter,hover_climb,4.107517899001333,4.103055639230345,0.006211186726856848,0.17855777818423002,True
multicopter,hover_climb,4.107517899001333,4.090566525725917,0.006215637411287773,0.678865554900094,True
multicopter,hover_climb,4.107517899001333,4.072555319274999,0.0062220856146471045,1.4018312390968009,True
multicopter,hover_climb,4.107517899001333,4.0526143158909305,0.006229265913847845,2.204262610426946,True
multicopter,hover_climb,4.107517899001333,4.034693059607913,0.006235756275266245,2.9272282946236525,True
multicopter,hover_climb,4.107517899001333,4.022316112109451,0.006240259530710556,3.427536071339517,True
multicopter,hover_climb,4.107517899001333,4.017903770563996,0.006241869066148727,3.606093849523747,True
multicopter,hover_descent,2.9604905092204983,2.8959011919602364,0.004498822545514201,3.606093849523747,True
multicopter,hover_descent,2.9604905092204983,2.899081383888781,0.004497662474029152,3.853832954788012,True
multicopter,hover_descent,2.9604905092204983,2.9080020597088985,0.004494416755974773,4.547982502462483,True
multicopter,hover_descent,2.9604905092204983,2.9209187920138455,0.004489738832748862,5.551057661444707,True
multicopter,hover_descent,2.9604905092204983,2.935291255558611,0.0044845636373730055,6.664387094588744,True
multicopter,hover_descent,2.9604905092204983,2.9482728193810157,0.004479916099537209,7.667462253570967,True
multicopter,hover_descent,2.9604905092204983,2.9572743387675593,0.004476708272002119,8.361611801245438,True
multicopter,hover_descent,2.9604905092204983,2.9604905094630896,0.004475565063583549,8.609350906509704,True
