eVTOL_type,mission_segment,velocity_kts,equivalent_airspeed_kts,Mach,time_min,fesibility
multicopter,hover_climb,4.618162980116293,4.618162980494718,0.006981575798797449,0.0,True
multicopter,hover_climb,4.618162980116293,4.6131459738880185,0.006983359125844354,0.1588140724039942,True
multicopter,hover_climb,4.618162980116293,4.599104218487599,0.00698836311769064,0.6038012148495874,True
multicopter,hover_climb,4.618162980116293,4.578853865621435,0.006995612959267609,1.2468262663662704,True
multicopter,hover_climb,4.618162980116293,4.556433804192836,0.007003685910565784,1.9605302293164382,True
multicopter,hover_climb,4.618162980116293,4.536284584065633,0.007010983151275877,2.6035552808331213,True
multicopter,hover_climb,4.618162980116293,4.522368939106876,0.007016046249744171,3.048542423278714,True
multicopter,hover_climb,4.618162980116293,4.517408056919169,0.007017855882022962,3.207356495682709,True
multicopter,hover_descent,2.734710647661686,2.6750471922016157,0.0041557228029748105,3.207356495682709,True
multicopter,hover_descent,2.734710647661686,2.677984848884355,0.004154651203578586,3.4755491362915985,True
multicopter,hover_descent,2.734710647661686,2.6862251952302167,0.004151653018076901,4.227008216478792,True
multicopter,hover_descent,2.734710647661686,2.6981568414413157,0.0041473318535891245,5.312898049372399,True
multicopter,hover_descent,2.734710647661686,2.7114331985066684,0.00414255134108486,6.518144836003008,True
multicopter,hover_descent,2.734710647661686,2.7234247319021856,0.004138258244665406,7.604034668896615,True
multicopter,hover_descent,2.734710647661686,2.731739756333052,0.004135295059987478,8.35549374908381,True
multicopter,hover_descent,2.734710647661686,2.734710647885776,0.004134239037607058,8.623686389692699,True
