eVTOL_type,mission_segment,altitude_ft,air_speed_mph,pitch_angle_deg,range_nmi,time_min,fesibility
multicopter,hover_climb,0.0,5.516472989211758,0.0,0.0,0.0,True
multicopter,hover_climb,74.27334907318564,5.516472989211758,0.0,0.0,0.1529990869216075,True
multicopter,hover_climb,282.3826486059498,5.516472989211758,0.0,0.0,0.581693002110944,True
multicopter,hover_climb,583.1092995327641,5.516472989211758,0.0,0.0,1.201173658078921,True
multicopter,hover_climb,916.8907004672358,5.516472989211758,0.0,0.0,1.8887453134794168,True
multicopter,hover_climb,1217.61735139405,5.516472989211758,0.0,0.0,2.508225969447394,True
multicopter,hover_climb,1425.7266509268143,5.516472989211758,0.0,0.0,2.93691988463673,True
multicopter,hover_climb,1500.0,5.516472989211758,0.0,0.0,3.089918971558338,True
multicopter,hover_descent,1500.0,3.2585134946808916,0.0,0.0,3.089918971558338,True
multicopter,hover_descent,1425.7266509268143,3.2585134946808916,0.0,0.0,3.3489374877482683,True
multicopter,hover_descent,1217.6173513940503,3.2585134946808916,0.0,0.0,4.074691242533011,True
multicopter,hover_descent,916.890700467236,3.2585134946808916,0.0,0.0,5.12343580399176,True
multicopter,hover_descent,583.1092995327642,3.2585134946808916,0.0,0.0,6.287454449719634,True
multicopter,hover_descent,282.38264860594995,3.2585134946808916,0.0,0.0,7.336199011178382,True
multicopter,hover_descent,74.27334907318571,3.2585134946808916,0.0,0.0,8.061952765963126,True
multicopter,hover_descent,-0.0,3.2585134946808916,0.0,0.0,8.320971282153057,True
