eVTOL_type,mission_segment,velocity_kts,equivalent_airspeed_kts,Mach,time_min,fesibility
multicopter,hover_climb,4.764068343961304,4.764068344351686,0.007202150378239731,0.0,True
multicopter,hover_climb,4.764068343961304,4.758892831391374,0.007203990047382563,0.15395019906196203,True
multicopter,hover_climb,4.764068343961304,4.744407443438456,0.007209152134396594,0.58530907124834,True
multicopter,hover_climb,4.764068343961304,4.723517304770958,0.007216631026091036,1.2086407016532286,True
multicopter,hover_climb,4.764068343961304,4.7003889081809,0.0072249590326788436,1.900486616214174,True
multicopter,hover_climb,4.764068343961304,4.6796030974209035,0.007232486821025617,2.523818246619063,True
multicopter,hover_climb,4.764068343961304,4.665247804218984,0.007237709882065041,2.9551771188054405,True
multicopter,hover_climb,4.764068343961304,4.660130188861896,0.007239576687522258,3.109127317867403,True
multicopter,hover_descent,2.699416679027924,2.6405232356082102,0.004102089359018239,3.109127317867403,True
multicopter,hover_descent,2.699416679027924,2.643422979116148,0.0041010315896027145,3.3808264873938154,True
multicopter,hover_descent,2.699416679027924,2.6515569761757654,0.004098072098456188,4.142110643276708,True
multicopter,hover_descent,2.699416679027924,2.663334633463947,0.00409380670259023,5.2421981219060125,True
multicopter,hover_descent,2.699416679027924,2.676439646869876,0.0040890878870185185,6.463203106451661,True
multicopter,hover_descent,2.699416679027924,2.688276418443007,0.004084850196976517,7.563290585080964,True
multicopter,hover_descent,2.699416679027924,2.696484129797916,0.004081925254935765,8.324574740963858,True
multicopter,hover_descent,2.699416679027924,2.699416679249122,0.0040808828615002575,8.596273910490272,True
