eVTOL_type,mission_segment,altitude_ft,air_speed_mph,pitch_angle_deg,range_nmi,time_min,fesibility
multicopter,hover_climb,0.0,5.170751584244335,0.0,0.0,0.0,True
multicopter,hover_climb,74.27334907318564,5.170751584244335,0.0,0.0,0.16322875246006546,True
multicopter,hover_climb,282.3826486059498,5.170751584244335,0.0,0.0,0.6205855535462697,True
multicopter,hover_climb,583.1092995327641,5.170751584244335,0.0,0.0,1.2814852796904228,True
multicopter,hover_climb,916.8907004672358,5.170751584244335,0.0,0.0,2.015028634726452,True
multicopter,hover_climb,1217.61735139405,5.170751584244335,0.0,0.0,2.6759283608706053,True
multicopter,hover_climb,1425.7266509268143,5.170751584244335,0.0,0.0,3.133285161956809,True
multicopter,hover_climb,1500.0,5.170751584244335,0.0,0.0,3.296513914416875,True
multicopter,hover_descent,1500.0,3.3925249522773826,0.0,0.0,3.296513914416875,True
multicopter,hover_descent,1425.7266509268143,3.3925249522773826,0.0,0.0,3.5453006859955267,True
multicopter,hover_descent,1217.6173513940503,3.3925249522773826,0.0,0.0,4.24238572945081,True
multicopter,hover_descent,916.890700467236,3.3925249522773826,0.0,0.0,5.249702802739389,True
multicopter,hover_descent,583.1092995327642,3.3925249522773826,0.0,0.0,6.367740405563283,True
multicopter,hover_descent,282.38264860594995,3.3925249522773826,0.0,0.0,7.375057478851861,True
multicopter,hover_descent,74.27334907318571,3.3925249522773826,0.0,0.0,8.072142522307145,True
multicopter,hover_descent,-0.0,3.3925249522773826,0.0,0.0,8.320929293885797,True
