eVTOL_type,mission_segment,altitude_ft,air_speed_mph,pitch_angle_deg,range_nmi,time_min,fesibility
multicopter,hover_climb,0.0,4.694886810307422,0.0,0.0,0.0,True
multicopter,hover_climb,74.27334907318564,4.694886810307422,0.0,0.0,0.17977330753195372,True
multicopter,hover_climb,282.3826486059498,4.694886810307422,0.0,0.0,0.6834869217961831,True
multicopter,hover_climb,583.1092995327641,4.694886810307422,0.0,0.0,1.4113741838455867,True
multicopter,hover_climb,916.8907004672358,4.694886810307422,0.0,0.0,2.219268094479842,True
multicopter,hover_climb,1217.61735139405,4.694886810307422,0.0,0.0,2.9471553565292457,True
multicopter,hover_climb,1425.7266509268143,4.694886810307422,0.0,0.0,3.4508689707934748,True
multicopter,hover_climb,1500.0,4.694886810307422,0.0,0.0,3.630642278325429,True
multicopter,hover_descent,1500.0,3.1268396856600837,0.0,0.0,3.630642278325429,True
multicopter,hover_descent,1425.7266509268143,3.1268396856600837,0.0,0.0,3.9005682787685685,True
multicopter,hover_descent,1217.6173513940503,3.1268396856600837,0.0,0.0,4.656884125285075,True
multicopter,hover_descent,916.890700467236,3.1268396856600837,0.0,0.0,5.7497921888672066,True
multicopter,hover_descent,583.1092995327642,3.1268396856600837,0.0,0.0,6.962828623884739,True
multicopter,hover_descent,282.38264860594995,3.1268396856600837,0.0,0.0,8.055736687466872,True
multicopter,hover_descent,74.27334907318571,3.1268396856600837,0.0,0.0,8.812052533983378,True
multicopter,hover_descent,-0.0,3.1268396856600837,0.0,0.0,9.081978534426518,True
