eVTOL_type,mission_segment,altitude_ft,air_speed_mph,pitch_angle_deg,range_nmi,time_min,fesibility
multicopter,hover_climb,0.0,5.128087878852851,0.0,0.0,0.0,True
multicopter,hover_climb,74.27334907318564,5.128087878852851,0.0,0.0,0.16458675247310997,True
multicopter,hover_climb,282.3826486059498,5.128087878852851,0.0,0.0,0.6257485850410871,True
multicopter,hover_climb,583.1092995327641,5.128087878852851,0.0,0.0,1.292146740985128,True
multicopter,hover_climb,916.8907004672358,5.128087878852851,0.0,0.0,2.031792892683475,True
multicopter,hover_climb,1217.61735139405,5.128087878852851,0.0,0.0,2.698191048627516,True
multicopter,hover_climb,1425.7266509268143,5.128087878852851,0.0,0.0,3.159352881195493,True
multicopter,hover_climb,1500.0,5.128087878852851,0.0,0.0,3.323939633668603,True
multicopter,hover_descent,1500.0,3.2280459876833376,0.0,0.0,3.323939633668603,True
multicopter,hover_descent,1425.7266509268143,3.2280459876833376,0.0,0.0,3.58540286362179,True
multicopter,hover_descent,1217.6173513940503,3.2280459876833376,0.0,0.0,4.318006554153041,True
multicopter,hover_descent,916.890700467236,3.2280459876833376,0.0,0.0,5.376649559558007,True
multicopter,hover_descent,583.1092995327642,3.2280459876833376,0.0,0.0,6.551654649211806,True
multicopter,hover_descent,282.38264860594995,3.2280459876833376,0.0,0.0,7.6102976546167715,True
multicopter,hover_descent,74.27334907318571,3.2280459876833376,0.0,0.0,8.342901345148023,True
multicopter,hover_descent,-0.0,3.2280459876833376,0.0,0.0,8.604364575101211,True
