eVTOL_type,mission_segment,velocity_kts,equivalent_airspeed_kts,Mach,time_min,fesibility
multicopter,hover_climb,3.7120146439809236,3.7120146442850968,0.0056116927260428445,0.0,True
multicopter,hover_climb,3.7120146439809236,3.7079820447269602,0.005613126139315962,0.19758253677336612,True
multicopter,hover_climb,3.7120146439809236,3.6966954786404074,0.005617148277792181,0.7511965024947078,True
multicopter,hover_climb,3.7120146439809236,3.680418528972622,0.005622975598788889,1.5511918616231934,True
multicopter,hover_climb,3.7120146439809236,3.6623975979876757,0.005629464523837224,2.439119721984214,True
multicopter,hover_climb,3.7120146439809236,3.6462019373973065,0.0056353299435924695,3.2391150811126996,True
multicopter,hover_climb,3.7120146439809236,3.6350167371153432,0.00563939959114262,3.7927290468340416,True
multicopter,hover_climb,3.7120146439809236,3.631029249578173,0.005640854148192255,3.990311583607408,True
multicopter,hover_descent,2.8837578796688805,2.8208426458548876,0.0043822180562485685,3.990311583607408,True
multicopter,hover_descent,2.8837578796688805,2.8239404107368347,0.004381088052529398,4.244642668428526,True
multicopter,hover_descent,2.8837578796688805,2.832629872536531,0.004377926459886101,4.957262532376999,True
multicopter,hover_descent,2.8837578796688805,2.845211817470302,0.004373369783240393,5.987028071688743,True
multicopter,hover_descent,2.8837578796688805,2.8592117627051827,0.004368328723187179,7.129981592057523,True
multicopter,hover_descent,2.8837578796688805,2.8718568587954043,0.004363801644375983,8.159747131369269,True
multicopter,hover_descent,2.8837578796688805,2.880625068785976,0.004360676960171753,8.87236699531774,True
multicopter,hover_descent,2.8837578796688805,2.8837578799051835,0.0043595633824470865,9.126698080138858,True
