eVTOL_type,mission_segment,altitude_ft,air_speed_mph,pitch_angle_deg,range_nmi,time_min,fesibility
multicopter,hover_climb,0.0,4.516830325529749,0.0,0.0,0.0,True
multicopter,hover_climb,74.27334907318564,4.516830325529749,0.0,0.0,0.18686009204432996,True
multicopter,hover_climb,282.3826486059498,4.516830325529749,0.0,0.0,0.7104304352593035,True
multicopter,hover_climb,583.1092995327641,4.516830325529749,0.0,0.0,1.4670115020023253,True
multicopter,hover_climb,916.8907004672358,4.516830325529749,0.0,0.0,2.3067531331470814,True
multicopter,hover_climb,1217.61735139405,4.516830325529749,0.0,0.0,3.063334199890103,True
multicopter,hover_climb,1425.7266509268143,4.516830325529749,0.0,0.0,3.5869045431050766,True
multicopter,hover_climb,1500.0,4.516830325529749,0.0,0.0,3.7737646351494067,True
multicopter,hover_descent,1500.0,3.1974491036636863,0.0,0.0,3.7737646351494067,True
multicopter,hover_descent,1425.7266509268143,3.1974491036636863,0.0,0.0,4.037729847108535,True
multicopter,hover_descent,1217.6173513940503,3.1974491036636863,0.0,0.0,4.777343935436539,True
multicopter,hover_descent,916.890700467236,3.1974491036636863,0.0,0.0,5.846117259168535,True
multicopter,hover_descent,583.1092995327642,3.1974491036636863,0.0,0.0,7.032366153894774,True
multicopter,hover_descent,282.38264860594995,3.1974491036636863,0.0,0.0,8.101139477626768,True
multicopter,hover_descent,74.27334907318571,3.1974491036636863,0.0,0.0,8.840753565954772,True
multicopter,hover_descent,-0.0,3.1974491036636863,0.0,0.0,9.104718777913902,True
