eVTOL_type,mission_segment,altitude_ft,air_speed_mph,pitch_angle_deg,range_nmi,time_min,fesibility
multicopter,hover_climb,0.0,5.669744295919283,0.0,0.0,0.0,True
multicopter,hover_climb,74.27334907318564,5.669744295919283,0.0,0.0,0.14886303267407977,True
multicopter,hover_climb,282.3826486059498,5.669744295919283,0.0,0.0,0.5659679813899324,True
multicopter,hover_climb,583.1092995327641,5.669744295919283,0.0,0.0,1.1687020955978897,True
multicopter,hover_climb,916.8907004672358,5.669744295919283,0.0,0.0,1.837686491930258,True
multicopter,hover_climb,1217.61735139405,5.669744295919283,0.0,0.0,2.4404206061382148,True
multicopter,hover_climb,1425.7266509268143,5.669744295919283,0.0,0.0,2.8575255548540683,True
multicopter,hover_climb,1500.0,5.669744295919283,0.0,0.0,3.006388587528148,True
multicopter,hover_descent,1500.0,3.2259736945129567,0.0,0.0,3.006388587528148,True
multicopter,hover_descent,1425.7266509268143,3.2259736945129567,0.0,0.0,3.268019775597874,True
multicopter,hover_descent,1217.6173513940503,3.2259736945129567,0.0,0.0,4.001094074313894,True
multicopter,hover_descent,916.890700467236,3.2259736945129567,0.0,0.0,5.06041712824923,True
multicopter,hover_descent,583.1092995327642,3.2259736945129567,0.0,0.0,6.2361770148273195,True
multicopter,hover_descent,282.38264860594995,3.2259736945129567,0.0,0.0,7.295500068762655,True
multicopter,hover_descent,74.27334907318571,3.2259736945129567,0.0,0.0,8.028574367478676,True
multicopter,hover_descent,-0.0,3.2259736945129567,0.0,0.0,8.290205555548402,True
