eVTOL_type,mission_segment,altitude_ft,air_speed_mph,pitch_angle_deg,range_nmi,time_min,fesibility
multicopter,hover_climb,0.0,5.3414409201793625,0.0,0.0,0.0,True
multicopter,hover_climb,74.27334907318564,5.3414409201793625,0.0,0.0,0.1580126679279583,True
multicopter,hover_climb,282.3826486059498,5.3414409201793625,0.0,0.0,0.6007543249305036,True
multicopter,hover_climb,583.1092995327641,5.3414409201793625,0.0,0.0,1.2405345559681942,True
multicopter,hover_climb,916.8907004672358,5.3414409201793625,0.0,0.0,1.950637039894401,True
multicopter,hover_climb,1217.61735139405,5.3414409201793625,0.0,0.0,2.590417270932092,True
multicopter,hover_climb,1425.7266509268143,5.3414409201793625,0.0,0.0,3.033158927934637,True
multicopter,hover_climb,1500.0,5.3414409201793625,0.0,0.0,3.1911715958625955,True
multicopter,hover_descent,1500.0,3.3607685556841123,0.0,0.0,3.1911715958625955,True
multicopter,hover_descent,1425.7266509268143,3.3607685556841123,0.0,0.0,3.442309190252907,True
multicopter,hover_descent,1217.6173513940503,3.3607685556841123,0.0,0.0,4.14598109285437,True
multicopter,hover_descent,916.890700467236,3.3607685556841123,0.0,0.0,5.162816453387223,True
multicopter,hover_descent,583.1092995327642,3.3607685556841123,0.0,0.0,6.291418558030624,True
multicopter,hover_descent,282.38264860594995,3.3607685556841123,0.0,0.0,7.308253918563476,True
multicopter,hover_descent,74.27334907318571,3.3607685556841123,0.0,0.0,8.011925821164938,True
multicopter,hover_descent,-0.0,3.3607685556841123,0.0,0.0,8.263063415555251,True
