eVTOL_type,mission_segment,velocity_kts,equivalent_airspeed_kts,Mach,time_min,fesibility
multicopter,hover_climb,3.87511223474255,3.8751122350600875,0.00585825790735112,0.0,False
multicopter,hover_climb,3.87511223474255,3.870902452129707,0.005859754301585745,0.18926658777055042,False
multicopter,hover_climb,3.87511223474255,3.859119979665287,0.005863953163797752,0.719579782171874,False
multicopter,hover_climb,3.87511223474255,3.84212785736744,0.005870036524197941,1.4859045511882762,False
multicopter,hover_climb,3.87511223474255,3.8233151271282275,0.005876810558046623,2.336460875959533,False
multicopter,hover_climb,3.87511223474255,3.806407865567382,0.005882933691179276,3.102785644975935,False
multicopter,hover_climb,3.87511223474255,3.7947312126934594,0.0058871821499072744,3.633098839377259,False
multicopter,hover_climb,3.87511223474255,3.7905685239049793,0.005888700616928495,3.8223654271478096,False
multicopter,hover_descent,2.934243856473135,2.8702271650585023,0.004458937589708276,3.8223654271478096,True
multicopter,hover_descent,2.934243856473135,2.873379162539891,0.004457787803003177,4.072320545322341,True
multicopter,hover_descent,2.934243856473135,2.882220750830495,0.004454570860327209,4.772679223193117,True
multicopter,hover_descent,2.934243856473135,2.8950229679946626,0.004449934409899846,5.784726835272323,True
multicopter,hover_descent,2.934243856473135,2.9092680104047854,0.004444805095960024,6.908014940038245,True
multicopter,hover_descent,2.934243856473135,2.922134484313305,0.004440198761536745,7.920062552117451,True
multicopter,hover_descent,2.934243856473135,2.931056199440115,0.00443701937345624,8.62042122998823,True
multicopter,hover_descent,2.934243856473135,2.9342438567135756,0.004435886300315688,8.87037634816276,True
