eVTOL_type,mission_segment,velocity_kts,equivalent_airspeed_kts,Mach,time_min,fesibility
multicopter,hover_climb,3.814638707596254,3.8146387079088364,0.005766836163378397,0.0,False
multicopter,hover_climb,3.814638707596254,3.8104946212491444,0.0057683092054539396,0.19226703394927683,False
multicopter,hover_climb,3.814638707596254,3.7988960215670495,0.005772442541819835,0.7309872917230256,False
multicopter,hover_climb,3.814638707596254,3.7821690718646797,0.005778430967612193,1.5094606192987763,False
multicopter,hover_climb,3.814638707596254,3.7636499259357796,0.005785099288465993,2.373500826801334,False
multicopter,hover_climb,3.814638707596254,3.747006512666036,0.005791126866312687,3.151974154377085,False
multicopter,hover_climb,3.814638707596254,3.7355120811941727,0.005795309025210214,3.690694412150834,False
multicopter,hover_climb,3.814638707596254,3.7314143537431206,0.005796803795612843,3.882961446100111,False
multicopter,hover_descent,2.717617785227214,2.658327246454844,0.004129748136057936,3.882961446100111,True
multicopter,hover_descent,2.717617785227214,2.6612465417940903,0.0041286832345187865,4.152840924327148,True
multicopter,hover_descent,2.717617785227214,2.6694353832004354,0.004125703788686097,4.9090264184908,True
multicopter,hover_descent,2.717617785227214,2.681292452604852,0.004121409632931478,6.00174611746548,True
multicopter,hover_descent,2.717617785227214,2.694485827967865,0.004116659000240156,7.2145734835416055,True
multicopter,hover_descent,2.717617785227214,2.7064024102416306,0.00411239273711898,8.307293182516284,True
multicopter,hover_descent,2.717617785227214,2.714665462969802,0.004109448073343113,9.063478676679939,True
multicopter,hover_descent,2.717617785227214,2.717617785449904,0.004108398651458174,9.333358154906975,True
