eVTOL_type,mission_segment,altitude_ft,air_speed_mph,pitch_angle_deg,range_nmi,time_min,fesibility
multicopter,hover_climb,0.0,4.726823917620152,0.0,0.0,0.0,True
multicopter,hover_climb,74.27334907318564,4.726823917620152,0.0,0.0,0.1785586569516328,True
multicopter,hover_climb,282.3826486059498,4.726823917620152,0.0,0.0,0.6788688959190436,True
multicopter,hover_climb,583.1092995327641,4.726823917620152,0.0,0.0,1.4018381381723248,True
multicopter,hover_climb,916.8907004672358,4.726823917620152,0.0,0.0,2.204273458647331,True
multicopter,hover_climb,1217.61735139405,4.726823917620152,0.0,0.0,2.927242700900612,True
multicopter,hover_climb,1425.7266509268143,4.726823917620152,0.0,0.0,3.427552939868023,True
multicopter,hover_climb,1500.0,4.726823917620152,0.0,0.0,3.6061115968196558,True
multicopter,hover_descent,1500.0,3.2681658859007516,0.0,0.0,3.6061115968196558,True
multicopter,hover_descent,1425.7266509268143,3.2681658859007516,0.0,0.0,3.864365112658093,True
multicopter,hover_descent,1217.6173513940503,3.2681658859007516,0.0,0.0,4.5879753840900825,True
multicopter,hover_descent,916.890700467236,3.2681658859007516,0.0,0.0,5.633622522360929,True
multicopter,hover_descent,583.1092995327642,3.2681658859007516,0.0,0.0,6.794203287715518,True
multicopter,hover_descent,282.38264860594995,3.2681658859007516,0.0,0.0,7.839850425986364,True
multicopter,hover_descent,74.27334907318571,3.2681658859007516,0.0,0.0,8.563460697418353,True
multicopter,hover_descent,-0.0,3.2681658859007516,0.0,0.0,8.821714213256792,True
