eVTOL_type,mission_segment,velocity_kts,equivalent_airspeed_kts,Mach,time_min,fesibility
multicopter,hover_climb,3.6657685102048623,3.665768510505246,0.005541779453222237,0.0,True
multicopter,hover_climb,3.6657685102048623,3.661786151087981,0.005543195008316348,0.20007517328382707,True
multicopter,hover_climb,3.6657685102048623,3.6506401986829924,0.0055471670369810835,0.7606733513054742,True
multicopter,hover_climb,3.6657685102048623,3.634566035389723,0.005552921758300199,1.5707611896222917,True
multicopter,hover_climb,3.6657685102048623,3.6167696181702196,0.005559329841076984,2.4698908567802866,True
multicopter,hover_climb,3.6657685102048623,3.6007757312144095,0.005565122186501261,3.2799786950971037,True
multicopter,hover_climb,3.6657685102048623,3.589729881748153,0.005569141132348138,3.840576873118751,True
multicopter,hover_climb,3.6657685102048623,3.5857920723237484,0.005570577567799031,4.040652046402578,True
multicopter,hover_descent,2.81754513629773,2.7560744725220307,0.004281599803377727,4.040652046402578,True
multicopter,hover_descent,2.81754513629773,2.7591011109364616,0.0042804957451953824,4.300959950772609,True
multicopter,hover_descent,2.81754513629773,2.7675910576838603,0.004277406744541798,5.030326490955275,True
multicopter,hover_descent,2.81754513629773,2.779884113908602,0.004272954691818748,6.084291678573806,True
multicopter,hover_descent,2.81754513629773,2.793562612330079,0.0042680293774104705,7.254104782185597,True
multicopter,hover_descent,2.81754513629773,2.8059173697243143,0.004263606242938589,8.30806996980413,True
multicopter,hover_descent,2.81754513629773,2.8144842565587274,0.004260553303285034,9.037436509986795,True
multicopter,hover_descent,2.81754513629773,2.817545136528608,0.004259465293946891,9.297744414356826,True
