eVTOL_type,mission_segment,altitude_ft,air_speed_mph,pitch_angle_deg,range_nmi,time_min,fesibility
multicopter,hover_climb,0.0,5.1211576133952015,0.0,0.0,0.0,True
multicopter,hover_climb,74.27334907318564,5.1211576133952015,0.0,0.0,0.16480948138941348,True
multicopter,hover_climb,282.3826486059498,5.1211576133952015,0.0,0.0,0.6265953865128363,True
multicopter,hover_climb,583.1092995327641,5.1211576133952015,0.0,0.0,1.2938953534281115,True
multicopter,hover_climb,916.8907004672358,5.1211576133952015,0.0,0.0,2.0345424397906426,True
multicopter,hover_climb,1217.61735139405,5.1211576133952015,0.0,0.0,2.7018424067059175,True
multicopter,hover_climb,1425.7266509268143,5.1211576133952015,0.0,0.0,3.1636283118293407,True
multicopter,hover_climb,1500.0,5.1211576133952015,0.0,0.0,3.3284377932187543,True
multicopter,hover_descent,1500.0,3.094211344321803,0.0,0.0,3.3284377932187543,True
multicopter,hover_descent,1425.7266509268143,3.094211344321803,0.0,0.0,3.6012101531048897,True
multicopter,hover_descent,1217.6173513940503,3.094211344321803,0.0,0.0,4.36550132155439,True
multicopter,hover_descent,916.890700467236,3.094211344321803,0.0,0.0,5.469934059239782,True
multicopter,hover_descent,583.1092995327642,3.094211344321803,0.0,0.0,6.6957619174838365,True
multicopter,hover_descent,282.38264860594995,3.094211344321803,0.0,0.0,7.800194655169229,True
multicopter,hover_descent,74.27334907318571,3.094211344321803,0.0,0.0,8.56448582361873,True
multicopter,hover_descent,-0.0,3.094211344321803,0.0,0.0,8.837258183504867,True
