eVTOL_type,mission_segment,altitude_ft,air_speed_mph,pitch_angle_deg,range_nmi,time_min,fesibility
multicopter,hover_climb,0.0,4.0756022063194415,0.0,0.0,0.0,True
multicopter,hover_climb,74.27334907318564,4.0756022063194415,0.0,0.0,0.2070897226104202,True
multicopter,hover_climb,282.3826486059498,4.0756022063194415,0.0,0.0,0.787342231089913,True
multicopter,hover_climb,583.1092995327641,4.0756022063194415,0.0,0.0,1.6258313998041078,True
multicopter,hover_climb,916.8907004672358,4.0756022063194415,0.0,0.0,2.5564841654943526,True
multicopter,hover_climb,1217.61735139405,4.0756022063194415,0.0,0.0,3.394973334208547,True
multicopter,hover_climb,1425.7266509268143,4.0756022063194415,0.0,0.0,3.9752258426880402,True
multicopter,hover_climb,1500.0,4.0756022063194415,0.0,0.0,4.1823155652984605,True
multicopter,hover_descent,1500.0,3.2761099051534863,0.0,0.0,4.1823155652984605,True
multicopter,hover_descent,1425.7266509268143,3.2761099051534863,0.0,0.0,4.439942859501696,True
multicopter,hover_descent,1217.6173513940503,3.2761099051534863,0.0,0.0,5.161798496903035,True
multicopter,hover_descent,916.890700467236,3.2761099051534863,0.0,0.0,6.2049101155367286,True
multicopter,hover_descent,583.1092995327642,3.2761099051534863,0.0,0.0,7.362676666407905,True
multicopter,hover_descent,282.38264860594995,3.2761099051534863,0.0,0.0,8.405788285041599,True
multicopter,hover_descent,74.27334907318571,3.2761099051534863,0.0,0.0,9.127643922442937,True
multicopter,hover_descent,-0.0,3.2761099051534863,0.0,0.0,9.385271216646172,True
