eVTOL_type,mission_segment,velocity_kts,equivalent_airspeed_kts,Mach,time_min,fesibility
multicopter,hover_climb,4.453522644941451,4.453522645306386,0.0067326783509352615,0.0,True
multicopter,hover_climb,4.453522644941451,4.44868449805412,0.006734398101282082,0.16468520054135186,True
multicopter,hover_climb,4.453522644941451,4.435143339823078,0.006739223697758103,0.626122878466753,True
multicopter,hover_climb,4.453522644941451,4.415614924423749,0.006746215078048119,1.2929196425013405,True
multicopter,hover_climb,4.453522644941451,4.393994151899448,0.006754000223694284,2.0330082158024174,True
multicopter,hover_climb,4.453522644941451,4.374563263795072,0.006761037313309334,2.699804979837005,True
multicopter,hover_climb,4.453522644941451,4.361143720091305,0.006765919909220133,3.1612426577624064,True
multicopter,hover_climb,4.453522644941451,4.356359696388164,0.006767665027001232,3.3259278583037584,True
multicopter,hover_descent,2.8667925716258535,2.804247471632657,0.004356437223620378,3.3259278583037584,True
multicopter,hover_descent,2.8667925716258535,2.8073270121914606,0.004355313867775954,3.581764041624717,True
multicopter,hover_descent,2.8667925716258535,2.815965353403954,0.004352170874958072,4.298601097855996,True
multicopter,hover_descent,2.8667925716258535,2.828473278055687,0.00434764100549458,5.334460656581433,True
multicopter,hover_descent,2.8667925716258535,2.842390860833869,0.004342629602278116,6.484178028211667,True
multicopter,hover_descent,2.8667925716258535,2.854961565120286,0.004338129156523429,7.520037586937105,True
multicopter,hover_descent,2.8667925716258535,2.8636781912436664,0.004335022855010214,8.236874643168383,True
multicopter,hover_descent,2.8667925716258535,2.8667925718607665,0.004333915828525254,8.492710826489342,True
