eVTOL_type,mission_segment,altitude_ft,air_speed_mph,pitch_angle_deg,range_nmi,time_min,fesibility
multicopter,hover_climb,0.0,5.649974635319318,0.0,0.0,0.0,True
multicopter,hover_climb,74.27334907318564,5.649974635319318,0.0,0.0,0.14938391494732942,True
multicopter,hover_climb,282.3826486059498,5.649974635319318,0.0,0.0,0.5679483433605123,True
multicopter,hover_climb,583.1092995327641,5.649974635319318,0.0,0.0,1.1727914668364796,True
multicopter,hover_climb,916.8907004672358,5.649974635319318,0.0,0.0,1.844116686856708,True
multicopter,hover_climb,1217.61735139405,5.649974635319318,0.0,0.0,2.4489598103326755,True
multicopter,hover_climb,1425.7266509268143,5.649974635319318,0.0,0.0,2.867524238745858,True
multicopter,hover_climb,1500.0,5.649974635319318,0.0,0.0,3.016908153693188,True
multicopter,hover_descent,1500.0,3.2357003074187007,0.0,0.0,3.016908153693188,True
multicopter,hover_descent,1425.7266509268143,3.2357003074187007,0.0,0.0,3.277752870505181,True
multicopter,hover_descent,1217.6173513940503,3.2357003074187007,0.0,0.0,4.008623525726031,True
multicopter,hover_descent,916.890700467236,3.2357003074187007,0.0,0.0,5.064762222548895,True
multicopter,hover_descent,583.1092995327642,3.2357003074187007,0.0,0.0,6.23698773937691,True
multicopter,hover_descent,282.38264860594995,3.2357003074187007,0.0,0.0,7.293126436199772,True
multicopter,hover_descent,74.27334907318571,3.2357003074187007,0.0,0.0,8.023997091420624,True
multicopter,hover_descent,-0.0,3.2357003074187007,0.0,0.0,8.284841808232617,True
