eVTOL_type,mission_segment,altitude_ft,air_speed_mph,pitch_angle_deg,range_nmi,time_min,fesibility
multicopter,hover_climb,0.0,4.9748528805205625,0.0,0.0,0.0,True
multicopter,hover_climb,74.27334907318564,4.9748528805205625,0.0,0.0,0.16965633972452127,True
multicopter,hover_climb,282.3826486059498,4.9748528805205625,0.0,0.0,0.6450228401171828,True
multicopter,hover_climb,583.1092995327641,4.9748528805205625,0.0,0.0,1.331947335787684,True
multicopter,hover_climb,916.8907004672358,4.9748528805205625,0.0,0.0,2.0943760057924052,True
multicopter,hover_climb,1217.61735139405,4.9748528805205625,0.0,0.0,2.7813005014629066,True
multicopter,hover_climb,1425.7266509268143,4.9748528805205625,0.0,0.0,3.2566670018555683,True
multicopter,hover_climb,1500.0,4.9748528805205625,0.0,0.0,3.4263233415800896,True
multicopter,hover_descent,1500.0,3.1166404353801225,0.0,0.0,3.4263233415800896,True
multicopter,hover_descent,1425.7266509268143,3.1166404353801225,0.0,0.0,3.697132678709854,True
multicopter,hover_descent,1217.6173513940503,3.1166404353801225,0.0,0.0,4.455923579622033,True
multicopter,hover_descent,916.890700467236,3.1166404353801225,0.0,0.0,5.552408200431276,True
multicopter,hover_descent,583.1092995327642,3.1166404353801225,0.0,0.0,6.769414314484931,True
multicopter,hover_descent,282.38264860594995,3.1166404353801225,0.0,0.0,7.865898935294172,True
multicopter,hover_descent,74.27334907318571,3.1166404353801225,0.0,0.0,8.624689836206354,True
multicopter,hover_descent,-0.0,3.1166404353801225,0.0,0.0,8.895499173336116,True
