eVTOL_type,mission_segment,altitude_ft,air_speed_mph,pitch_angle_deg,range_nmi,time_min,fesibility
multicopter,hover_climb,0.0,4.265672348876406,0.0,0.0,0.0,True
multicopter,hover_climb,74.27334907318564,4.265672348876406,0.0,0.0,0.1978622035045487,True
multicopter,hover_climb,282.3826486059498,4.265672348876406,0.0,0.0,0.7522597779934401,True
multicopter,hover_climb,583.1092995327641,4.265672348876406,0.0,0.0,1.5533874845990987,True
multicopter,hover_climb,916.8907004672358,4.265672348876406,0.0,0.0,2.44257215584173,True
multicopter,hover_climb,1217.61735139405,4.265672348876406,0.0,0.0,3.243699862447388,True
multicopter,hover_climb,1425.7266509268143,4.265672348876406,0.0,0.0,3.79809743693628,True
multicopter,hover_climb,1500.0,4.265672348876406,0.0,0.0,3.995959640440829,True
multicopter,hover_descent,1500.0,3.1501183546674842,0.0,0.0,3.995959640440829,True
multicopter,hover_descent,1425.7266509268143,3.1501183546674842,0.0,0.0,4.2638909482047245,True
multicopter,hover_descent,1217.6173513940503,3.1501183546674842,0.0,0.0,5.014617790031923,True
multicopter,hover_descent,916.890700467236,3.1501183546674842,0.0,0.0,6.099449507838047,True
multicopter,hover_descent,583.1092995327642,3.1501183546674842,0.0,0.0,7.303521875323688,True
multicopter,hover_descent,282.38264860594995,3.1501183546674842,0.0,0.0,8.38835359312981,True
multicopter,hover_descent,74.27334907318571,3.1501183546674842,0.0,0.0,9.13908043495701,True
multicopter,hover_descent,-0.0,3.1501183546674842,0.0,0.0,9.407011742720906,True
