eVTOL_type,mission_segment,altitude_ft,air_speed_mph,pitch_angle_deg,range_nmi,time_min,fesibility
multicopter,hover_climb,0.0,5.080813417609908,0.0,0.0,0.0,True
multicopter,hover_climb,74.27334907318564,5.080813417609908,0.0,0.0,0.16611815097397287,True
multicopter,hover_climb,282.3826486059498,5.080813417609908,0.0,0.0,0.6315708667900728,True
multicopter,hover_climb,583.1092995327641,5.080813417609908,0.0,0.0,1.3041695286779758,True
multicopter,hover_climb,916.8907004672358,5.080813417609908,0.0,0.0,2.0506977227695278,True
multicopter,hover_climb,1217.61735139405,5.080813417609908,0.0,0.0,2.7232963846574307,True
multicopter,hover_climb,1425.7266509268143,5.080813417609908,0.0,0.0,3.188749100473531,True
multicopter,hover_climb,1500.0,5.080813417609908,0.0,0.0,3.3548672514475038,True
multicopter,hover_descent,1500.0,3.2070452145683874,0.0,0.0,3.3548672514475038,True
multicopter,hover_descent,1425.7266509268143,3.2070452145683874,0.0,0.0,3.6180426275049005,True
multicopter,hover_descent,1217.6173513940503,3.2070452145683874,0.0,0.0,4.35544364481475,True
multicopter,hover_descent,916.890700467236,3.2070452145683874,0.0,0.0,5.4210189882688455,True
multicopter,hover_descent,583.1092995327642,3.2070452145683874,0.0,0.0,6.6037183926721355,True
multicopter,hover_descent,282.38264860594995,3.2070452145683874,0.0,0.0,7.669293736126232,True
multicopter,hover_descent,74.27334907318571,3.2070452145683874,0.0,0.0,8.406694753436081,True
multicopter,hover_descent,-0.0,3.2070452145683874,0.0,0.0,8.669870129493479,True
