eVTOL_type,mission_segment,altitude_ft,air_speed_mph,pitch_angle_deg,range_nmi,time_min,fesibility
multicopter,hover_climb,0.0,4.964070341247494,0.0,0.0,0.0,True
multicopter,hover_climb,74.27334907318564,4.964070341247494,0.0,0.0,0.1700248530654392,True
multicopter,hover_climb,282.3826486059498,4.964070341247494,0.0,0.0,0.6464239048941661,True
multicopter,hover_climb,583.1092995327641,4.964070341247494,0.0,0.0,1.3348404806205554,True
multicopter,hover_climb,916.8907004672358,4.964070341247494,0.0,0.0,2.0989252345467575,True
multicopter,hover_climb,1217.61735139405,4.964070341247494,0.0,0.0,2.787341810273147,True
multicopter,hover_climb,1425.7266509268143,4.964070341247494,0.0,0.0,3.263740862101874,True
multicopter,hover_climb,1500.0,4.964070341247494,0.0,0.0,3.433765715167313,True
multicopter,hover_descent,1500.0,3.127564279451002,0.0,0.0,3.433765715167313,True
multicopter,hover_descent,1425.7266509268143,3.127564279451002,0.0,0.0,3.7036291791806772,True
multicopter,hover_descent,1217.6173513940503,3.127564279451002,0.0,0.0,4.459769802514734,True
multicopter,hover_descent,916.890700467236,3.127564279451002,0.0,0.0,5.552424661262,True
multicopter,hover_descent,583.1092995327642,3.127564279451002,0.0,0.0,6.765180060115146,True
multicopter,hover_descent,282.38264860594995,3.127564279451002,0.0,0.0,7.857834918862411,True
multicopter,hover_descent,74.27334907318571,3.127564279451002,0.0,0.0,8.613975542196469,True
multicopter,hover_descent,-0.0,3.127564279451002,0.0,0.0,8.883839006209833,True
