eVTOL_type,mission_segment,altitude_ft,air_speed_mph,pitch_angle_deg,range_nmi,time_min,fesibility
multicopter,hover_climb,0.0,4.068856684978114,0.0,0.0,0.0,True
multicopter,hover_climb,74.27334907318564,4.068856684978114,0.0,0.0,0.2074330446420355,True
multicopter,hover_climb,282.3826486059498,4.068856684978114,0.0,0.0,0.7886475200774445,True
multicopter,hover_climb,583.1092995327641,4.068856684978114,0.0,0.0,1.6285267713184868,True
multicopter,hover_climb,916.8907004672358,4.068856684978114,0.0,0.0,2.5607224122138237,True
multicopter,hover_climb,1217.61735139405,4.068856684978114,0.0,0.0,3.4006016634548657,True
multicopter,hover_climb,1425.7266509268143,4.068856684978114,0.0,0.0,3.981816138890275,True
multicopter,hover_climb,1500.0,4.068856684978114,0.0,0.0,4.1892491835323105,True
multicopter,hover_descent,1500.0,3.33663037089894,0.0,0.0,4.1892491835323105,True
multicopter,hover_descent,1425.7266509268143,3.33663037089894,0.0,0.0,4.442203582598611,True
multicopter,hover_descent,1217.6173513940503,3.33663037089894,0.0,0.0,5.150966058780316,True
multicopter,hover_descent,916.890700467236,3.33663037089894,0.0,0.0,6.175157511268306,True
multicopter,hover_descent,583.1092995327642,3.33663037089894,0.0,0.0,7.31192426201348,True
multicopter,hover_descent,282.38264860594995,3.33663037089894,0.0,0.0,8.336115714501469,True
multicopter,hover_descent,74.27334907318571,3.33663037089894,0.0,0.0,9.044878190683173,True
multicopter,hover_descent,-0.0,3.33663037089894,0.0,0.0,9.297832589749476,True
