eVTOL_type,mission_segment,altitude_ft,air_speed_mph,pitch_angle_deg,range_nmi,time_min,fesibility
multicopter,hover_climb,0.0,5.307209088085587,0.0,0.0,0.0,True
multicopter,hover_climb,74.27334907318564,5.307209088085587,0.0,0.0,0.1590318595647345,True
multicopter,hover_climb,282.3826486059498,5.307209088085587,0.0,0.0,0.6046292280743797,True
multicopter,hover_climb,583.1092995327641,5.307209088085587,0.0,0.0,1.2485360818025095,True
multicopter,hover_climb,916.8907004672358,5.307209088085587,0.0,0.0,1.9632187713689475,True
multicopter,hover_climb,1217.61735139405,5.307209088085587,0.0,0.0,2.607125625097077,True
multicopter,hover_climb,1425.7266509268143,5.307209088085587,0.0,0.0,3.0527229936067224,True
multicopter,hover_climb,1500.0,5.307209088085587,0.0,0.0,3.211754853171457,True
multicopter,hover_descent,1500.0,3.34682366614981,0.0,0.0,3.211754853171457,True
multicopter,hover_descent,1425.7266509268143,3.34682366614981,0.0,0.0,3.4639388385166026,True
multicopter,hover_descent,1217.6173513940503,3.34682366614981,0.0,0.0,4.17054266342082,True
multicopter,hover_descent,916.890700467236,3.34682366614981,0.0,0.0,5.191614774434618,True
multicopter,hover_descent,583.1092995327642,3.34682366614981,0.0,0.0,6.324919317344072,True
multicopter,hover_descent,282.38264860594995,3.34682366614981,0.0,0.0,7.345991428357871,True
multicopter,hover_descent,74.27334907318571,3.34682366614981,0.0,0.0,8.052595253262089,True
multicopter,hover_descent,-0.0,3.34682366614981,0.0,0.0,8.304779238607233,True
