eVTOL_type,mission_segment,velocity_kts,equivalent_airspeed_kts,Mach,time_min,fesibility
multicopter,hover_climb,3.936855787548563,3.93685578787116,0.0059515996312916155,0.0,True
multicopter,hover_climb,3.936855787548563,3.9325789289597717,0.005953119868112171,0.18629823124771683,True
multicopter,hover_climb,3.936855787548563,3.9206087221365182,0.005957385632301465,0.7082942754943906,True
multicopter,hover_climb,3.936855787548563,3.903345858260924,0.005963565921064331,1.4626004143156075,True
multicopter,hover_climb,3.936855787548563,3.8842333780447857,0.005970447888023414,2.299817065960127,True
multicopter,hover_climb,3.936855787548563,3.8670567270227445,0.005976668583231953,3.054123204781344,True
multicopter,hover_climb,3.936855787548563,3.855194025851471,0.005980984734176312,3.576119249028018,True
multicopter,hover_climb,3.936855787548563,3.850965011449833,0.0059825273954770865,3.7624174802757353,True
multicopter,hover_descent,2.788383613133648,2.7275491692227214,0.004237285350261425,3.7624174802757353,True
multicopter,hover_descent,2.788383613133648,2.7305444820036797,0.004236192719054232,4.025447741407341,True
multicopter,hover_descent,2.788383613133648,2.738946558010146,0.004233135689481768,4.7624421557305885,True
multicopter,hover_descent,2.788383613133648,2.7511123814039973,0.004228729715395379,5.827429940845429,True
multicopter,hover_descent,2.788383613133648,2.7646493077017738,0.0042238553778706145,7.009477204691824,True
multicopter,hover_descent,2.788383613133648,2.7768761936595237,0.004219478022732203,8.074464989806664,True
multicopter,hover_descent,2.788383613133648,2.785354413424989,0.004216456680929301,8.811459404129911,True
multicopter,hover_descent,2.788383613133648,2.7883836133621362,0.004215379932461164,9.074489665261517,True
