eVTOL_type,mission_segment,altitude_ft,air_speed_mph,pitch_angle_deg,range_nmi,time_min,fesibility
multicopter,hover_climb,0.0,4.389399863837833,0.0,0.0,0.0,True
multicopter,hover_climb,74.27334907318564,4.389399863837833,0.0,0.0,0.19228490375883694,True
multicopter,hover_climb,282.3826486059498,4.389399863837833,0.0,0.0,0.7310552316263238,True
multicopter,hover_climb,583.1092995327641,4.389399863837833,0.0,0.0,1.5096009125838565,True
multicopter,hover_climb,916.8907004672358,4.389399863837833,0.0,0.0,2.373721426281622,True
multicopter,hover_climb,1217.61735139405,4.389399863837833,0.0,0.0,3.152267107239155,True
multicopter,hover_climb,1425.7266509268143,4.389399863837833,0.0,0.0,3.691037435106642,True
multicopter,hover_climb,1500.0,4.389399863837833,0.0,0.0,3.883322338865479,True
multicopter,hover_descent,1500.0,3.398433735602577,0.0,0.0,3.883322338865479,True
multicopter,hover_descent,1425.7266509268143,3.398433735602577,0.0,0.0,4.131676550258527,True
multicopter,hover_descent,1217.6173513940503,3.398433735602577,0.0,0.0,4.827549587006762,True
multicopter,hover_descent,916.890700467236,3.398433735602577,0.0,0.0,5.833115259859464,True
multicopter,hover_descent,583.1092995327642,3.398433735602577,0.0,0.0,6.949208954854496,True
multicopter,hover_descent,282.38264860594995,3.398433735602577,0.0,0.0,7.954774627707199,True
multicopter,hover_descent,74.27334907318571,3.398433735602577,0.0,0.0,8.650647664455432,True
multicopter,hover_descent,-0.0,3.398433735602577,0.0,0.0,8.899001875848482,True
