eVTOL_type,mission_segment,altitude_ft,air_speed_mph,pitch_angle_deg,range_nmi,time_min,fesibility
multicopter,hover_climb,0.0,5.651132528502279,0.0,0.0,0.0,True
multicopter,hover_climb,74.27334907318564,5.651132528502279,0.0,0.0,0.14935330681420053,True
multicopter,hover_climb,282.3826486059498,5.651132528502279,0.0,0.0,0.5678319731441469,True
multicopter,hover_climb,583.1092995327641,5.651132528502279,0.0,0.0,1.1725511668191586,True
multicopter,hover_climb,916.8907004672358,5.651132528502279,0.0,0.0,1.84373883513769,True
multicopter,hover_climb,1217.61735139405,5.651132528502279,0.0,0.0,2.4484580288127016,True
multicopter,hover_climb,1425.7266509268143,5.651132528502279,0.0,0.0,2.866936695142648,True
multicopter,hover_climb,1500.0,5.651132528502279,0.0,0.0,3.0162900019568486,True
multicopter,hover_descent,1500.0,3.1665275679293066,0.0,0.0,3.0162900019568486,True
multicopter,hover_descent,1425.7266509268143,3.1665275679293066,0.0,0.0,3.282832867057827,True
multicopter,hover_descent,1217.6173513940503,3.1665275679293066,0.0,0.0,4.0296693789937965,True
multicopter,hover_descent,916.890700467236,3.1665275679293066,0.0,0.0,5.108879407227102,True
multicopter,hover_descent,583.1092995327642,3.1665275679293066,0.0,0.0,6.30671217002373,True
multicopter,hover_descent,282.38264860594995,3.1665275679293066,0.0,0.0,7.3859221982570356,True
multicopter,hover_descent,74.27334907318571,3.1665275679293066,0.0,0.0,8.132758710193006,True
multicopter,hover_descent,-0.0,3.1665275679293066,0.0,0.0,8.399301575293984,True
