eVTOL_type,mission_segment,velocity_kts,equivalent_airspeed_kts,Mach,time_min,fesibility
multicopter,hover_climb,4.277094442327711,4.277094442678188,0.006465960421122746,0.0,True
multicopter,hover_climb,4.277094442327711,4.272447960696711,0.00646761204282471,0.17147839024533726,True
multicopter,hover_climb,4.277094442327711,4.259443241235263,0.0064722464712343095,0.651950162748816,True
multicopter,hover_climb,4.277094442327711,4.240688452356663,0.00647896088500665,1.3462519903665349,True
multicopter,hover_climb,4.277094442327711,4.2199241959746825,0.006486437618781373,2.116868881085689,True
multicopter,hover_climb,4.277094442327711,4.201263070805574,0.0064931959310843045,2.8111707087034077,True
multicopter,hover_climb,4.277094442327711,4.188375148059935,0.006497885100871715,3.2916424812068863,True
multicopter,hover_climb,4.277094442327711,4.183780645500055,0.006499561085066209,3.463120871452224,True
multicopter,hover_descent,2.9564452907482965,2.891944228423652,0.004492675347944206,3.463120871452224,True
multicopter,hover_descent,2.9564452907482965,2.895120074933391,0.004491516861582496,3.7111989509596577,True
multicopter,hover_descent,2.9564452907482965,2.9040285615292905,0.004488275578481915,4.40629828335753,True
multicopter,hover_descent,2.9564452907482965,2.9169276443927146,0.0044836040471770006,5.410745921030572,True
multicopter,hover_descent,2.9564452907482965,2.9312804693827066,0.0044784359231955185,6.525598690595782,True
multicopter,hover_descent,2.9564452907482965,2.94424429517771,0.004473794735762078,7.530046328268823,True
multicopter,hover_descent,2.9564452907482965,2.9532335148752713,0.004470591291407126,8.225145660666696,True
multicopter,hover_descent,2.9564452907482965,2.956445290990556,0.004469449645070176,8.473223740174129,True
