eVTOL_type,mission_segment,velocity_kts,equivalent_airspeed_kts,Mach,time_min,fesibility
multicopter,hover_climb,3.867859905712599,3.867859906029542,0.0058472940922890656,0.0,False
multicopter,hover_climb,3.867859905712599,3.8636580017692768,0.0058487876860000695,0.18962146711012026,False
multicopter,hover_climb,3.867859905712599,3.8518975803738122,0.005852978689980245,0.7209290113246424,False
multicopter,hover_climb,3.867859905712599,3.834937259080518,0.005859050665282775,1.488690657452467,False
multicopter,hover_climb,3.867859905712599,3.816159737140158,0.005865812021428374,2.340841795499313,False
multicopter,hover_climb,3.867859905712599,3.799284117765759,0.0058719236950281195,3.108603441627137,False
multicopter,hover_climb,3.867859905712599,3.787629317917886,0.005876164202703683,3.6399109858416594,False
multicopter,hover_climb,3.867859905712599,3.783474419662148,0.0058776798278917415,3.82953245295178,False
multicopter,hover_descent,2.8224908431291325,2.7609122783733033,0.0042891154016636585,3.82953245295178,True
multicopter,hover_descent,2.8224908431291325,2.7639442295211807,0.004288009405500615,4.089384233049859,True
multicopter,hover_descent,2.8224908431291325,2.7724490788825906,0.0042849149826475995,4.81747274142273,True
multicopter,hover_descent,2.8224908431291325,2.784763713413698,0.004280455115126028,5.8695911195675805,True
multicopter,hover_descent,2.8224908431291325,2.798466222042577,0.004275521155191259,7.037354419307703,True
multicopter,hover_descent,2.8224908431291325,2.81084266604877,0.004271090256681779,8.089472797452554,True
multicopter,hover_descent,2.8224908431291325,2.819424590552037,0.00426803195812756,8.817561305825425,True
multicopter,hover_descent,2.8224908431291325,2.8224908433604154,0.004266942038979651,9.077413085923505,True
