eVTOL_type,mission_segment,velocity_kts,equivalent_airspeed_kts,Mach,time_min,fesibility
multicopter,hover_climb,4.190817749779777,4.190817750123185,0.0063355303623988815,0.0,True
multicopter,hover_climb,4.190817749779777,4.18626499604572,0.006337148667918632,0.17500862926720573,True
multicopter,hover_climb,4.190817749779777,4.173522605180888,0.006341689611566456,0.6653719117024686,True
multicopter,hover_climb,4.190817749779777,4.155146134147662,0.006348268583528828,1.373967385308489,True
multicopter,hover_climb,4.190817749779777,4.134800730187111,0.0063555944981271584,2.1604490261844154,True
multicopter,hover_climb,4.190817749779777,4.116516033497785,0.006362216483107754,2.8690444997904354,True
multicopter,hover_climb,4.190817749779777,4.1038880833488,0.006366811063901278,3.359407782225698,True
multicopter,hover_climb,4.190817749779777,4.099386260174451,0.0063684532404782385,3.5344164114929044,True
multicopter,hover_descent,2.9011261328880247,2.837831974158065,0.004408611212691775,3.5344164114929044,True
multicopter,hover_descent,2.9011261328880247,2.8409483962113584,0.004407474403203345,3.7872248852725385,True
multicopter,hover_descent,2.9011261328880247,2.849690192769787,0.004404293768967828,4.495578487886924,True
multicopter,hover_descent,2.9011261328880247,2.862347916050673,0.0043997096484391296,5.519179100951457,True
multicopter,hover_descent,2.9011261328880247,2.876432179943374,0.004394638227165886,6.655290069411017,True
multicopter,hover_descent,2.9011261328880247,2.8891534347265373,0.004390083882733089,7.678890682475551,True
multicopter,hover_descent,2.9011261328880247,2.8979744537592507,0.004386940379228227,8.387244285089936,True
multicopter,hover_descent,2.9011261328880247,2.901126133125751,0.004385820094664529,8.64005275886957,True
