eVTOL_type,mission_segment,velocity_kts,equivalent_airspeed_kts,Mach,time_min,fesibility
multicopter,hover_climb,4.39224348386699,4.392243484226904,0.006640038678024174,0.0,True
multicopter,hover_climb,4.39224348386699,4.387471908457128,0.006641734765112286,0.16698283521657445,True
multicopter,hover_climb,4.39224348386699,4.374117072578644,0.006646493962800806,0.6348583424415755,True
multicopter,hover_climb,4.39224348386699,4.354857362428661,0.006653389143755357,1.31095803935256,True
multicopter,hover_climb,4.39224348386699,4.333534085372038,0.006661067168088333,2.061372089157675,True
multicopter,hover_climb,4.39224348386699,4.314370560570131,0.006668007429421056,2.7374717860686593,True
multicopter,hover_climb,4.39224348386699,4.301135665838813,0.0066728228422489036,3.2053472932936606,True
multicopter,hover_climb,4.39224348386699,4.296417468894052,0.006674543947722863,3.372330128510235,True
multicopter,hover_descent,2.6746258838936017,2.6162733037284998,0.004064416754521062,3.372330128510235,True
multicopter,hover_descent,2.6746258838936017,2.6191464166877694,0.004063368699406068,3.646547645926144,True
multicopter,hover_descent,2.6746258838936017,2.627205713069906,0.004060436387516188,4.4148880557925,True
multicopter,hover_descent,2.6746258838936017,2.638875207179256,0.004056210164022507,5.525172116858533,True
multicopter,hover_descent,2.6746258838936017,2.6518598672862286,0.004051534684920865,6.757494454089707,True
multicopter,hover_descent,2.6746258838936017,2.6635879327891177,0.004047335912807499,7.867778515155739,True
multicopter,hover_descent,2.6746258838936017,2.671720266492143,0.004044437832732695,8.636118925022094,True
multicopter,hover_descent,2.6746258838936017,2.6746258841127686,0.004043405012388408,8.910336442438004,True
