eVTOL_type,mission_segment,velocity_kts,equivalent_airspeed_kts,Mach,time_min,fesibility
multicopter,hover_climb,4.796827436858859,4.796827437251925,0.00725167441867504,0.0,True
multicopter,hover_climb,4.796827436858859,4.791616335988167,0.007253526737907669,0.1528988231392187,True
multicopter,hover_climb,4.796827436858859,4.777031342375686,0.007258724320904509,0.5813118054531456,True
multicopter,hover_climb,4.796827436858859,4.755997557155737,0.007266254639591617,1.2003865016540827,True
multicopter,hover_climb,4.796827436858859,4.732710123113282,0.007274639911928311,1.8875075757065403,True
multicopter,hover_climb,4.796827436858859,4.711781383189288,0.007282219463495081,2.5065822719074773,True
multicopter,hover_climb,4.796827436858859,4.697327378896422,0.0072874784397921055,2.934995254221404,True
multicopter,hover_climb,4.796827436858859,4.692174573356324,0.0072893580819361585,3.087894077360623,True
multicopter,hover_descent,2.6785820929587363,2.620143199785145,0.0040704286915570235,3.087894077360623,True
multicopter,hover_descent,2.6785820929587363,2.6230205625483225,0.0040693790861971255,3.361706581306506,True
multicopter,hover_descent,2.6785820929587363,2.6310917799477487,0.004066442436938438,4.128912168647686,True
multicopter,hover_descent,2.6785820929587363,2.6427785351472046,0.004062209962169093,5.23755636365219,True
multicopter,hover_descent,2.6785820929587363,2.655782401689863,0.004057527567269276,6.468058586870603,True
multicopter,hover_descent,2.6785820929587363,2.667527814919527,0.004053322584485328,7.576702781875106,True
multicopter,hover_descent,2.6785820929587363,2.675672177673984,0.0040504202176761695,8.343908369216285,True
multicopter,hover_descent,2.6785820929587363,2.6785820931782274,0.004049385869621695,8.617720873162169,True
