eVTOL_type,mission_segment,velocity_kts,equivalent_airspeed_kts,Mach,time_min,fesibility
multicopter,hover_climb,4.197611594587989,4.197611594931953,0.006345801057196362,0.0,True
multicopter,hover_climb,4.197611594587989,4.1930514602651865,0.006347421986193727,0.17472537736536894,True
multicopter,hover_climb,4.197611594587989,4.180288412375593,0.0063519702912846554,0.6642950056081368,True
multicopter,hover_climb,4.197611594587989,4.161882150762158,0.006358559928591401,1.3717436156773575,True
multicopter,hover_climb,4.197611594587989,4.141503764332476,0.006365897719422446,2.156952334061001,True
multicopter,hover_climb,4.197611594587989,4.1231894258407396,0.00637253043947695,2.864400944130222,True
multicopter,hover_climb,4.197611594587989,4.110541004189847,0.0063771324686661655,3.3539705723729893,True
multicopter,hover_climb,4.197611594587989,4.106031882991621,0.0063787773074187384,3.5286959497383585,True
multicopter,hover_descent,2.6796456916871265,2.6211835938737997,0.00407204495816006,3.5286959497383585,True
multicopter,hover_descent,2.6796456916871265,2.6240620991665957,0.0040709949360278235,3.8023997726627474,True
multicopter,hover_descent,2.6796456916871265,2.632136521446912,0.004068057120698316,4.569300842548638,True
multicopter,hover_descent,2.6796456916871265,2.643827917167934,0.004063822965317876,5.677504997080738,True
multicopter,hover_descent,2.6796456916871265,2.656836947224511,0.004059138711154804,6.907518812221936,True
multicopter,hover_descent,2.6796456916871265,2.6685870242673952,0.00405493205867615,8.015722966754035,True
multicopter,hover_descent,2.6796456916871265,2.6767346209469545,0.004052028539408884,8.782624036639927,True
multicopter,hover_descent,2.6796456916871265,2.6796456919067047,0.0040509937806403684,9.056327859564316,True
