eVTOL_type,mission_segment,velocity_kts,equivalent_airspeed_kts,Mach,time_min,fesibility
multicopter,hover_climb,4.808841769344904,4.8088417697389545,0.007269837262490736,0.0,True
multicopter,hover_climb,4.808841769344904,4.803617616535343,0.007271694221118762,0.15251682319286364,True
multicopter,hover_climb,4.808841769344904,4.788996092744348,0.007276904822197046,0.5798594654420229,True
multicopter,hover_climb,4.808841769344904,4.767909625435581,0.007284454001631935,1.1973874754364662,True
multicopter,hover_climb,4.808841769344904,4.744563864722213,0.007292860276068697,1.882791857312762,True
multicopter,hover_climb,4.808841769344904,4.723582705810196,0.007300458811693955,2.5003198673072053,True
multicopter,hover_climb,4.808841769344904,4.709092499420086,0.007305730959840624,2.927662509556365,True
multicopter,hover_climb,4.808841769344904,4.703926787950015,0.007307615309814169,3.0801793327492284,True
multicopter,hover_descent,2.8711243400758,2.808484733457489,0.00436301986845706,3.0801793327492284,True
multicopter,hover_descent,2.8711243400758,2.8115689272502813,0.004361894815204372,3.3356295268283436,True
multicopter,hover_descent,2.8711243400758,2.820220321131563,0.004358747073275144,4.0513850652372865,True
multicopter,hover_descent,2.8711243400758,2.832747145453233,0.004354210359107985,5.085681785428553,True
multicopter,hover_descent,2.8711243400758,2.846685757916846,0.004349191383582818,6.233664537151434,True
multicopter,hover_descent,2.8711243400758,2.8592754567342107,0.0043446841375841495,7.2679612573427015,True
multicopter,hover_descent,2.8711243400758,2.8680052538161056,0.0043415731424007245,7.983716795751644,True
multicopter,hover_descent,2.8711243400758,2.8711243403110687,0.004340464443181418,8.239166989830759,True
