eVTOL_type,mission_segment,altitude_ft,air_speed_mph,pitch_angle_deg,range_nmi,time_min,fesibility
multicopter,hover_climb,0.0,5.397788579379441,0.0,0.0,0.0,True
multicopter,hover_climb,74.27334907318564,5.397788579379441,0.0,0.0,0.1563631694656226,True
multicopter,hover_climb,282.3826486059498,5.397788579379441,0.0,0.0,0.5944830344813974,True
multicopter,hover_climb,583.1092995327641,5.397788579379441,0.0,0.0,1.2275845825934215,True
multicopter,hover_climb,916.8907004672358,5.397788579379441,0.0,0.0,1.9302742877171652,True
multicopter,hover_climb,1217.61735139405,5.397788579379441,0.0,0.0,2.563375835829189,True
multicopter,hover_climb,1425.7266509268143,5.397788579379441,0.0,0.0,3.001495700844964,True
multicopter,hover_climb,1500.0,5.397788579379441,0.0,0.0,3.1578588703105868,True
multicopter,hover_descent,1500.0,3.1689519236434425,0.0,0.0,3.1578588703105868,True
multicopter,hover_descent,1425.7266509268143,3.1689519236434425,0.0,0.0,3.424197821078486,True
multicopter,hover_descent,1217.6173513940503,3.1689519236434425,0.0,0.0,4.170462977749729,True
multicopter,hover_descent,916.890700467236,3.1689519236434425,0.0,0.0,5.248847373704054,True
multicopter,hover_descent,583.1092995327642,3.1689519236434425,0.0,0.0,6.445763753806013,True
multicopter,hover_descent,282.38264860594995,3.1689519236434425,0.0,0.0,7.524148149760337,True
multicopter,hover_descent,74.27334907318571,3.1689519236434425,0.0,0.0,8.270413306431582,True
multicopter,hover_descent,-0.0,3.1689519236434425,0.0,0.0,8.53675225719948,True
