eVTOL_type,mission_segment,velocity_kts,equivalent_airspeed_kts,Mach,time_min,fesibility
multicopter,hover_climb,3.992673088311772,3.9926730886389437,0.00603598225655635,0.0,True
multicopter,hover_climb,3.992673088311772,3.9883355918141885,0.006037524047510565,0.18369379452695223,True
multicopter,hover_climb,3.992673088311772,3.9761956696976894,0.006041850292310678,0.6983923692452,True
multicopter,hover_climb,3.992673088311772,3.9586880504851014,0.0060481182060858115,1.4421533590680244,True
multicopter,hover_climb,3.992673088311772,3.9393045908086712,0.0060550977465503334,2.2676657783310823,True
multicopter,hover_climb,3.992673088311772,3.9218844067877248,0.006061406639659469,3.011426768153907,True
multicopter,hover_climb,3.992673088311772,3.909853514553615,0.00606578398560522,3.526125342872155,True
multicopter,hover_climb,3.992673088311772,3.905564540584868,0.006067348518977121,3.7098191373991076,True
multicopter,hover_descent,2.8248673333273517,2.7632369204474023,0.0042927267652703455,3.7098191373991076,True
multicopter,hover_descent,2.8248673333273517,2.76627142444756,0.004291619837876986,3.969452310697106,True
multicopter,hover_descent,2.8248673333273517,2.7747834347502334,0.004288522809571558,4.696928296427525,True
multicopter,hover_descent,2.8248673333273517,2.787108437998153,0.004284059186915943,5.7481615537089885,True
multicopter,hover_descent,2.8248673333273517,2.800822483910679,0.004279121072669229,6.914942443407078,True
multicopter,hover_descent,2.8248673333273517,2.8132093486762306,0.004274686443417132,7.9661757006885425,True
multicopter,hover_descent,2.8248673333273517,2.821798499016745,0.004271625569826556,8.693651686418963,True
multicopter,hover_descent,2.8248673333273517,2.8248673335588297,0.004270534732984909,8.953284859716963,True
