eVTOL_type,mission_segment,altitude_ft,air_speed_mph,pitch_angle_deg,range_nmi,time_min,fesibility
multicopter,hover_climb,0.0,4.750665327678851,0.0,0.0,0.0,True
multicopter,hover_climb,74.27334907318564,4.750665327678851,0.0,0.0,0.17766255296065886,True
multicopter,hover_climb,282.3826486059498,4.750665327678851,0.0,0.0,0.6754619643405546,True
multicopter,hover_climb,583.1092995327641,4.750665327678851,0.0,0.0,1.3948029556067665,True
multicopter,hover_climb,916.8907004672358,4.750665327678851,0.0,0.0,2.1932112213007158,True
multicopter,hover_climb,1217.61735139405,4.750665327678851,0.0,0.0,2.912552212566928,True
multicopter,hover_climb,1425.7266509268143,4.750665327678851,0.0,0.0,3.4103516239468235,True
multicopter,hover_climb,1500.0,4.750665327678851,0.0,0.0,3.5880141769074823,True
multicopter,hover_descent,1500.0,3.3679761555860552,0.0,0.0,3.5880141769074823,True
multicopter,hover_descent,1425.7266509268143,3.3679761555860552,0.0,0.0,3.838614327082906,True
multicopter,hover_descent,1217.6173513940503,3.3679761555860552,0.0,0.0,4.540780344457784,True
multicopter,hover_descent,916.890700467236,3.3679761555860552,0.0,0.0,5.555439637789948,True
multicopter,hover_descent,583.1092995327642,3.3679761555860552,0.0,0.0,6.6816264900553675,True
multicopter,hover_descent,282.38264860594995,3.3679761555860552,0.0,0.0,7.696285783387533,True
multicopter,hover_descent,74.27334907318571,3.3679761555860552,0.0,0.0,8.39845180076241,True
multicopter,hover_descent,-0.0,3.3679761555860552,0.0,0.0,8.649051950937833,True
