eVTOL_type,mission_segment,velocity_kts,equivalent_airspeed_kts,Mach,time_min,fesibility
multicopter,hover_climb,4.823448442102685,4.8234484424979325,0.007291919114834567,0.0,True
multicopter,hover_climb,4.823448442102685,4.818208421128982,0.007293781713903329,0.15205496206732766,True
multicopter,hover_climb,4.823448442102685,4.803542485019288,0.007299008141982889,0.5781034982001463,True
multicopter,hover_climb,4.823448442102685,4.7823919683734095,0.007306580251761276,1.193761470674956,True
multicopter,hover_climb,4.823448442102685,4.758975295805718,0.007315012059934787,1.8770902674935928,True
multicopter,hover_climb,4.823448442102685,4.737930407426813,0.007322633675821081,2.492748239968402,True
multicopter,hover_climb,4.823448442102685,4.723396187589581,0.007327921837915891,2.9187967761012206,True
multicopter,hover_climb,4.823448442102685,4.718214785468699,0.007329811911530333,3.0708517381685487,True
multicopter,hover_descent,2.7142759536925314,2.655058323992679,0.004124669819811112,3.0708517381685487,True
multicopter,hover_descent,2.7142759536925314,2.657974029499213,0.0041236062277723515,3.3410634934986834,True
multicopter,hover_descent,2.7142759536925314,2.6661528011567537,0.004120630445738925,4.098180007416252,True
multicopter,hover_descent,2.7142759536925314,2.677995290023517,0.004116341570471207,5.192245068915194,True
multicopter,hover_descent,2.7142759536925314,2.6911724416047766,0.004111596779592602,6.406565674738209,True
multicopter,hover_descent,2.7142759536925314,2.703074370158418,0.004107335762658992,7.50063073623715,True
multicopter,hover_descent,2.7142759536925314,2.7113272618807525,0.004104394719911187,8.25774725015472,True
multicopter,hover_descent,2.7142759536925314,2.714275953914947,0.004103346588491438,8.527959005484854,True
