eVTOL_type,mission_segment,velocity_kts,equivalent_airspeed_kts,Mach,time_min,fesibility
multicopter,hover_climb,3.888750634927622,3.8887506352462777,0.005878875959393973,0.0,False
multicopter,hover_climb,3.888750634927622,3.88452603604715,0.005880377620165971,0.1886028029954369,False
multicopter,hover_climb,3.888750634927622,3.8727020953451903,0.005884591260211418,0.7170561137869174,False
multicopter,hover_climb,3.888750634927622,3.855650169524283,0.005890696030908543,1.4806932731176514,False
multicopter,hover_climb,3.888750634927622,3.836771228159294,0.005897493905869146,2.3282665761870325,False
multicopter,hover_climb,3.888750634927622,3.8198044617414952,0.00590363858927828,3.0919037355177665,False
multicopter,hover_climb,3.888750634927622,3.808086713060518,0.005907902000393923,3.620357046309247,False
multicopter,hover_climb,3.888750634927622,3.803909373750426,0.005909425811637362,3.808959849304684,False
multicopter,hover_descent,2.784649518112012,2.7238965413252942,0.004231610942315138,3.808959849304684,True
multicopter,hover_descent,2.784649518112012,2.726887842899727,0.004230519774317215,4.072342822683287,True
multicopter,hover_descent,2.784649518112012,2.735278667172379,0.004227466838600006,4.810325514761274,True
multicopter,hover_descent,2.784649518112012,2.747428198568115,0.004223066764822966,5.8767414026088405,True
multicopter,hover_descent,2.784649518112012,2.7609469967400275,0.004218198954821674,7.060373740905201,True
multicopter,hover_descent,2.784649518112012,2.773157508927049,0.004213827461667229,8.126789628752766,True
multicopter,hover_descent,2.784649518112012,2.781624374989935,0.0042108101659279066,8.864772320830754,True
multicopter,hover_descent,2.784649518112012,2.7846495183401943,0.004209734859399492,9.128155294209357,True
