eVTOL_type,mission_segment,altitude_ft,air_speed_mph,pitch_angle_deg,range_nmi,time_min,fesibility
multicopter,hover_climb,0.0,4.276839606002311,0.0,0.0,0.0,True
multicopter,hover_climb,74.27334907318564,4.276839606002311,0.0,0.0,0.19734556544804255,True
multicopter,hover_climb,282.3826486059498,4.276839606002311,0.0,0.0,0.7502955522706565,True
multicopter,hover_climb,583.1092995327641,4.276839606002311,0.0,0.0,1.54933143409107,True
multicopter,hover_climb,916.8907004672358,4.276839606002311,0.0,0.0,2.4361943549827543,True
multicopter,hover_climb,1217.61735139405,4.276839606002311,0.0,0.0,3.235230236803168,True
multicopter,hover_climb,1425.7266509268143,4.276839606002311,0.0,0.0,3.788180223625782,True
multicopter,hover_climb,1500.0,4.276839606002311,0.0,0.0,3.985525789073825,True
multicopter,hover_descent,1500.0,3.3617641622663896,0.0,0.0,3.985525789073825,True
multicopter,hover_descent,1425.7266509268143,3.3617641622663896,0.0,0.0,4.236589007562091,True
multicopter,hover_descent,1217.6173513940503,3.3617641622663896,0.0,0.0,4.940052513516979,True
multicopter,hover_descent,916.890700467236,3.3617641622663896,0.0,0.0,5.956586732170397,True
multicopter,hover_descent,583.1092995327642,3.3617641622663896,0.0,0.0,7.08485459454399,True
multicopter,hover_descent,282.38264860594995,3.3617641622663896,0.0,0.0,8.101388813197408,True
multicopter,hover_descent,74.27334907318571,3.3617641622663896,0.0,0.0,8.804852319152296,True
multicopter,hover_descent,-0.0,3.3617641622663896,0.0,0.0,9.055915537640564,True
