eVTOL_type,mission_segment,velocity_kts,equivalent_airspeed_kts,Mach,time_min,fesibility
multicopter,hover_climb,4.588562146271933,4.588562146647933,0.006936826302930414,0.0,True
multicopter,hover_climb,4.588562146271933,4.583577297325331,0.006938598199465266,0.1598385826578645,True
multicopter,hover_climb,4.588562146271933,4.569625544739944,0.006943570117447587,0.6076963390444958,True
multicopter,hover_climb,4.588562146271933,4.54950498965984,0.0069507734900374615,1.2548695478925929,True
multicopter,hover_climb,4.588562146271933,4.527228633101768,0.006958794696498774,1.9731776181312528,True
multicopter,hover_climb,4.588562146271933,4.507208562534606,0.006966045164409659,2.620350826979349,True
multicopter,hover_climb,4.588562146271933,4.493382112066392,0.0069710758101608995,3.068208583365981,True
multicopter,hover_climb,4.588562146271933,4.4884530274245895,0.006972873843320164,3.2280471660238454,True
multicopter,hover_descent,2.6730079369045505,2.6146906556505787,0.004061958088847546,3.2280471660238454,True
multicopter,hover_descent,2.6730079369045505,2.6175620305931444,0.004060910667726872,3.502430664767577,True
multicopter,hover_descent,2.6730079369045505,2.625616451708652,0.004057980129664584,4.271236143979798,True
multicopter,hover_descent,2.6730079369045505,2.6372788866539634,0.004053756462717453,5.382192249722091,True
multicopter,hover_descent,2.6730079369045505,2.6502556920206337,0.004049083811928129,6.615260500269695,True
multicopter,hover_descent,2.6730079369045505,2.661976662928207,0.004044887579755299,7.726216606011987,True
multicopter,hover_descent,2.6730079369045505,2.670104077182532,0.004041991252800421,8.495022085224209,True
multicopter,hover_descent,2.6730079369045505,2.673007937123584,0.004040959057234565,8.76940558396794,True
