eVTOL_type,mission_segment,altitude_ft,air_speed_mph,pitch_angle_deg,range_nmi,time_min,fesibility
multicopter,hover_climb,0.0,4.939791935506485,0.0,0.0,0.0,True
multicopter,hover_climb,74.27334907318564,4.939791935506485,0.0,0.0,0.1708605021014051,True
multicopter,hover_climb,282.3826486059498,4.939791935506485,0.0,0.0,0.6496009904978939,True
multicopter,hover_climb,583.1092995327641,4.939791935506485,0.0,0.0,1.3414010400957603,True
multicopter,hover_climb,916.8907004672358,4.939791935506485,0.0,0.0,2.109241166701326,True
multicopter,hover_climb,1217.61735139405,4.939791935506485,0.0,0.0,2.801041216299192,True
multicopter,hover_climb,1425.7266509268143,4.939791935506485,0.0,0.0,3.279781704695681,True
multicopter,hover_climb,1500.0,4.939791935506485,0.0,0.0,3.4506422067970863,True
multicopter,hover_descent,1500.0,3.231518838424322,0.0,0.0,3.4506422067970863,True
multicopter,hover_descent,1425.7266509268143,3.231518838424322,0.0,0.0,3.7118244472783606,True
multicopter,hover_descent,1217.6173513940503,3.231518838424322,0.0,0.0,4.443640822804897,True
multicopter,hover_descent,916.890700467236,3.231518838424322,0.0,0.0,5.501146125064814,True
multicopter,hover_descent,583.1092995327642,3.231518838424322,0.0,0.0,6.674888459494123,True
multicopter,hover_descent,282.38264860594995,3.231518838424322,0.0,0.0,7.732393761754039,True
multicopter,hover_descent,74.27334907318571,3.231518838424322,0.0,0.0,8.464210137280576,True
multicopter,hover_descent,-0.0,3.231518838424322,0.0,0.0,8.72539237776185,True
