eVTOL_type,mission_segment,altitude_ft,air_speed_mph,pitch_angle_deg,range_nmi,time_min,fesibility
multicopter,hover_climb,0.0,5.071572460706265,0.0,0.0,0.0,True
multicopter,hover_climb,74.27334907318564,5.071572460706265,0.0,0.0,0.16642083632175347,True
multicopter,hover_climb,282.3826486059498,5.071572460706265,0.0,0.0,0.632721657635875,True
multicopter,hover_climb,583.1092995327641,5.071572460706265,0.0,0.0,1.306545867476826,True
multicopter,hover_climb,916.8907004672358,5.071572460706265,0.0,0.0,2.054434317173992,True
multicopter,hover_climb,1217.61735139405,5.071572460706265,0.0,0.0,2.7282585270149435,True
multicopter,hover_climb,1425.7266509268143,5.071572460706265,0.0,0.0,3.194559348329065,True
multicopter,hover_climb,1500.0,5.071572460706265,0.0,0.0,3.3609801846508187,True
multicopter,hover_descent,1500.0,3.4045095251025668,0.0,0.0,3.3609801846508187,True
multicopter,hover_descent,1425.7266509268143,3.4045095251025668,0.0,0.0,3.608891175691938,True
multicopter,hover_descent,1217.6173513940503,3.4045095251025668,0.0,0.0,4.303522336610827,True
multicopter,hover_descent,916.890700467236,3.4045095251025668,0.0,0.0,5.307293446895376,True
multicopter,hover_descent,583.1092995327642,3.4045095251025668,0.0,0.0,6.421395327708937,True
multicopter,hover_descent,282.38264860594995,3.4045095251025668,0.0,0.0,7.425166437993486,True
multicopter,hover_descent,74.27334907318571,3.4045095251025668,0.0,0.0,8.119797598912376,True
multicopter,hover_descent,-0.0,3.4045095251025668,0.0,0.0,8.367708589953494,True
