segment_type,climb_rate,descend_rate,start_altitude,end_altitude,climb_angle,descent_angle,speed,time_required
hover_climb,2.1376651448057356,,0.0,15.24,,,,
second_climb,2.54,,15.24,91.44,,,38.510658820479684,
departure_terminal_procedures,,,91.44,91.44,,,43.8430465539204,44.55780887266357
accel_climb,2.54,,91.44,457.20000000000005,,,35.28394673248781,
cruise_0,,,457.20000000000005,457.20000000000005,,,45.48632,1241.5366794151082
decel_descend,,2.54,457.20000000000005,91.44,,,38.51978129790103,
arrival_terminal_procedure,,,91.44,91.44,,,38.05807618993332,50.031478914429634
second_descent,,2.54,91.44,15.24,,,40.257237529392235,
hover_descent,,1.2987654292960027,15.24,0.0,,,,
