eVTOL_type,mission_segment,altitude_ft,air_speed_mph,pitch_angle_deg,range_nmi,time_min,fesibility
multicopter,hover_climb,0.0,5.33911965604684,0.0,0.0,0.0,True
multicopter,hover_climb,74.27334907318564,5.33911965604684,0.0,0.0,0.15808136635806935,True
multicopter,hover_climb,282.3826486059498,5.33911965604684,0.0,0.0,0.6010155120843332,True
multicopter,hover_climb,583.1092995327641,5.33911965604684,0.0,0.0,1.2410738973868984,True
multicopter,hover_climb,916.8907004672358,5.33911965604684,0.0,0.0,1.9514851092556393,True
multicopter,hover_climb,1217.61735139405,5.33911965604684,0.0,0.0,2.5915434945582043,True
multicopter,hover_climb,1425.7266509268143,5.33911965604684,0.0,0.0,3.034477640284469,True
multicopter,hover_climb,1500.0,5.33911965604684,0.0,0.0,3.192559006642538,True
multicopter,hover_descent,1500.0,3.3071524441513422,0.0,0.0,3.192559006642538,True
multicopter,hover_descent,1425.7266509268143,3.3071524441513422,0.0,0.0,3.44776808594269,True
multicopter,hover_descent,1217.6173513940503,3.3071524441513422,0.0,0.0,4.162848035753793,True
multicopter,hover_descent,916.890700467236,3.3071524441513422,0.0,0.0,5.1961685021357,True
multicopter,hover_descent,583.1092995327642,3.3071524441513422,0.0,0.0,6.343067693877607,True
multicopter,hover_descent,282.38264860594995,3.3071524441513422,0.0,0.0,7.3763881602595145,True
multicopter,hover_descent,74.27334907318571,3.3071524441513422,0.0,0.0,8.091468110070618,True
multicopter,hover_descent,-0.0,3.3071524441513422,0.0,0.0,8.346677189370771,True
