eVTOL_type,mission_segment,altitude_ft,air_speed_mph,pitch_angle_deg,range_nmi,time_min,fesibility
multicopter,hover_climb,0.0,4.866072809058989,0.0,0.0,0.0,True
multicopter,hover_climb,74.27334907318564,4.866072809058989,0.0,0.0,0.17344897281558086,True
multicopter,hover_climb,282.3826486059498,4.866072809058989,0.0,0.0,0.6594421949841444,True
multicopter,hover_climb,583.1092995327641,4.866072809058989,0.0,0.0,1.3617227485394827,True
multicopter,hover_climb,916.8907004672358,4.866072809058989,0.0,0.0,2.141195356944194,True
multicopter,hover_climb,1217.61735139405,4.866072809058989,0.0,0.0,2.8434759104995324,True
multicopter,hover_climb,1425.7266509268143,4.866072809058989,0.0,0.0,3.3294691326680956,True
multicopter,hover_climb,1500.0,4.866072809058989,0.0,0.0,3.5029181054836767,True
multicopter,hover_descent,1500.0,3.254643814992525,0.0,0.0,3.5029181054836767,True
multicopter,hover_descent,1425.7266509268143,3.254643814992525,0.0,0.0,3.76224458738291,True
multicopter,hover_descent,1217.6173513940503,3.254643814992525,0.0,0.0,4.488861242909881,True
multicopter,hover_descent,916.890700467236,3.254643814992525,0.0,0.0,5.538852732069003,True
multicopter,hover_descent,583.1092995327642,3.254643814992525,0.0,0.0,6.704255363131771,True
multicopter,hover_descent,282.38264860594995,3.254643814992525,0.0,0.0,7.754246852290892,True
multicopter,hover_descent,74.27334907318571,3.254643814992525,0.0,0.0,8.480863507817865,True
multicopter,hover_descent,-0.0,3.254643814992525,0.0,0.0,8.740189989717097,True
