eVTOL_type,mission_segment,altitude_ft,air_speed_mph,pitch_angle_deg,range_nmi,time_min,fesibility
multicopter,hover_climb,0.0,4.47556781581672,0.0,0.0,0.0,False
multicopter,hover_climb,74.27334907318564,4.47556781581672,0.0,0.0,0.1885828491737624,False
multicopter,hover_climb,282.3826486059498,4.47556781581672,0.0,0.0,0.7169802505993195,False
multicopter,hover_climb,583.1092995327641,4.47556781581672,0.0,0.0,1.480536618555486,False
multicopter,hover_climb,916.8907004672358,4.47556781581672,0.0,0.0,2.328020249964229,False
multicopter,hover_climb,1217.61735139405,4.47556781581672,0.0,0.0,3.091576617920395,False
multicopter,hover_climb,1425.7266509268143,4.47556781581672,0.0,0.0,3.6199740193459524,False
multicopter,hover_climb,1500.0,4.47556781581672,0.0,0.0,3.808556868519715,False
multicopter,hover_descent,1500.0,3.1076900359541773,0.0,0.0,3.808556868519715,True
multicopter,hover_descent,1425.7266509268143,3.1076900359541773,0.0,0.0,4.080146158510782,True
multicopter,hover_descent,1217.6173513940503,3.1076900359541773,0.0,0.0,4.841122438777197,True
multicopter,hover_descent,916.890700467236,3.1076900359541773,0.0,0.0,5.940765024250582,True
multicopter,hover_descent,583.1092995327642,3.1076900359541773,0.0,0.0,7.161276214646655,True
multicopter,hover_descent,282.38264860594995,3.1076900359541773,0.0,0.0,8.260918800120042,True
multicopter,hover_descent,74.27334907318571,3.1076900359541773,0.0,0.0,9.021895080386455,True
multicopter,hover_descent,-0.0,3.1076900359541773,0.0,0.0,9.293484370377522,True
