eVTOL_type,mission_segment,altitude_ft,air_speed_mph,pitch_angle_deg,range_nmi,time_min,fesibility
multicopter,hover_climb,0.0,5.623487533414213,0.0,0.0,0.0,True
multicopter,hover_climb,74.27334907318564,5.623487533414213,0.0,0.0,0.15008752582130805,True
multicopter,hover_climb,282.3826486059498,5.623487533414213,0.0,0.0,0.5706234280936142,True
multicopter,hover_climb,583.1092995327641,5.623487533414213,0.0,0.0,1.1783154138375103,True
multicopter,hover_climb,916.8907004672358,5.623487533414213,0.0,0.0,1.8528026324233062,True
multicopter,hover_climb,1217.61735139405,5.623487533414213,0.0,0.0,2.4604946181672025,True
multicopter,hover_climb,1425.7266509268143,5.623487533414213,0.0,0.0,2.881030520439509,True
multicopter,hover_climb,1500.0,5.623487533414213,0.0,0.0,3.0311180462608167,True
multicopter,hover_descent,1500.0,3.195989150438129,0.0,0.0,3.0311180462608167,True
multicopter,hover_descent,1425.7266509268143,3.195989150438129,0.0,0.0,3.2952038396251044,True
multicopter,hover_descent,1217.6173513940503,3.195989150438129,0.0,0.0,4.035155789542462,True
multicopter,hover_descent,916.890700467236,3.195989150438129,0.0,0.0,5.104417337416632,True
multicopter,hover_descent,583.1092995327642,3.195989150438129,0.0,0.0,6.291208120058832,True
multicopter,hover_descent,282.38264860594995,3.195989150438129,0.0,0.0,7.360469667933002,True
multicopter,hover_descent,74.27334907318571,3.195989150438129,0.0,0.0,8.10042161785036,True
multicopter,hover_descent,-0.0,3.195989150438129,0.0,0.0,8.364507411214648,True
