eVTOL_type,mission_segment,altitude_ft,air_speed_mph,pitch_angle_deg,range_nmi,time_min,fesibility
multicopter,hover_climb,0.0,5.025950286857762,0.0,0.0,0.0,True
multicopter,hover_climb,74.27334907318564,5.025950286857762,0.0,0.0,0.16793149199746468,True
multicopter,hover_climb,282.3826486059498,5.025950286857762,0.0,0.0,0.6384650764551693,True
multicopter,hover_climb,583.1092995327641,5.025950286857762,0.0,0.0,1.3184058062555555,True
multicopter,hover_climb,916.8907004672358,5.025950286857762,0.0,0.0,2.073083080935848,True
multicopter,hover_climb,1217.61735139405,5.025950286857762,0.0,0.0,2.753023810736234,True
multicopter,hover_climb,1425.7266509268143,5.025950286857762,0.0,0.0,3.2235573951939385,True
multicopter,hover_climb,1500.0,5.025950286857762,0.0,0.0,3.3914888871914033,True
multicopter,hover_descent,1500.0,3.1826883625258073,0.0,0.0,3.3914888871914033,True
multicopter,hover_descent,1425.7266509268143,3.1826883625258073,0.0,0.0,3.656678322737425,True
multicopter,hover_descent,1217.6173513940503,3.1826883625258073,0.0,0.0,4.399722609330607,True
multicopter,hover_descent,916.890700467236,3.1826883625258073,0.0,0.0,5.473452713171025,True
multicopter,hover_descent,583.1092995327642,3.1826883625258073,0.0,0.0,6.665203218757541,True
multicopter,hover_descent,282.38264860594995,3.1826883625258073,0.0,0.0,7.738933322597959,True
multicopter,hover_descent,74.27334907318571,3.1826883625258073,0.0,0.0,8.481977609191143,True
multicopter,hover_descent,-0.0,3.1826883625258073,0.0,0.0,8.747167044737163,True
