eVTOL_type,mission_segment,velocity_kts,equivalent_airspeed_kts,Mach,time_min,fesibility
multicopter,hover_climb,4.464500359303518,4.464500359669352,0.006749274072057774,0.0,True
multicopter,hover_climb,4.464500359303518,4.4596502866219785,0.006750998061504647,0.16428025778276623,True
multicopter,hover_climb,4.464500359303518,4.446075750101649,0.006755835552838731,0.6245833113120455,True
multicopter,hover_climb,4.464500359303518,4.426499198118476,0.006762844166537431,1.2897404955898821,True
multicopter,hover_climb,4.464500359303518,4.404825131452888,0.006770648502184857,2.028009272652529,True
multicopter,hover_climb,4.464500359303518,4.385346347164657,0.006777702937879829,2.6931664569303653,True
multicopter,hover_climb,4.464500359303518,4.371893724945432,0.0067825975691494945,3.1534695104596446,True
multicopter,hover_climb,4.464500359303518,4.36709790885907,0.0067843469885601245,3.317749768242411,True
multicopter,hover_descent,2.933705432492427,2.8697004879275823,0.004458119389502631,3.317749768242411,True
multicopter,hover_descent,2.933705432492427,2.8728519070279246,0.004456969813779565,3.5677507607669146,True
multicopter,hover_descent,2.933705432492427,2.8816918729165075,0.00445375346140187,4.268237975709984,True
multicopter,hover_descent,2.933705432492427,2.8944917409164392,0.004449117861747727,5.280471329240233,True
multicopter,hover_descent,2.933705432492427,2.908734169408696,0.004443989489019941,6.4039655914635985,True
multicopter,hover_descent,2.933705432492427,2.9215982823620807,0.004439383999843695,7.4161989449938455,True
multicopter,hover_descent,2.933705432492427,2.9305183603838616,0.00443620519517032,8.116686159936917,True
multicopter,hover_descent,2.933705432492427,2.9337054327328236,0.004435072329944918,8.36668715246142,True
