eVTOL_type,mission_segment,velocity_kts,equivalent_airspeed_kts,Mach,time_min,fesibility
multicopter,hover_climb,4.219068610616582,4.219068610962305,0.006378239016719364,0.0,True
multicopter,hover_climb,4.219068610616582,4.214485166162994,0.006379868231452247,0.173836772422255,True
multicopter,hover_climb,4.219068610616582,4.2016568771435425,0.006384439786206237,0.6609165849426891,True
multicopter,hover_climb,4.219068610616582,4.1831565278705956,0.006391063107895191,1.3647673070497504,True
multicopter,hover_climb,4.219068610616582,4.162673972831121,0.006398438407459935,2.1459826710675145,True
multicopter,hover_climb,4.219068610616582,4.144266016565155,0.006405105032123599,2.849833393174576,True
multicopter,hover_climb,4.219068610616582,4.131552939721665,0.006409730585598436,3.3369132056950104,True
multicopter,hover_climb,4.219068610616582,4.127020769157473,0.006411383832306506,3.5107499781172655,True
multicopter,hover_descent,2.793228966617795,2.732288811145744,0.004244648449527434,3.5107499781172655,True
multicopter,hover_descent,2.793228966617795,2.7352893288594635,0.004243553919663111,3.7733239663806453,True
multicopter,hover_descent,2.793228966617795,2.7437060050909707,0.004240491577913077,4.509039932536587,True
multicopter,hover_descent,2.793228966617795,2.755892968945729,0.004236077947598258,5.572180306523714,True
multicopter,hover_descent,2.793228966617795,2.769453418259741,0.0042311951399733976,6.752177098712843,True
multicopter,hover_descent,2.793228966617795,2.7817015507863623,0.00422681017833749,7.81531747269997,True
multicopter,hover_descent,2.793228966617795,2.7901945030913122,0.004223783586371388,8.551033438855912,True
multicopter,hover_descent,2.793228966617795,2.7932289668466805,0.0042227049668454395,8.81360742711929,True
