eVTOL_type,mission_segment,altitude_ft,air_speed_mph,pitch_angle_deg,range_nmi,time_min,fesibility
multicopter,hover_climb,0.0,4.218947022775685,0.0,0.0,0.0,True
multicopter,hover_climb,74.27334907318564,4.218947022775685,0.0,0.0,0.20005355028654143,True
multicopter,hover_climb,282.3826486059498,4.218947022775685,0.0,0.0,0.7605911420161326,True
multicopter,hover_climb,583.1092995327641,4.218947022775685,0.0,0.0,1.5705914306043078,True
multicopter,hover_climb,916.8907004672358,4.218947022775685,0.0,0.0,2.469623924894558,True
multicopter,hover_climb,1217.61735139405,4.218947022775685,0.0,0.0,3.279624213482734,True
multicopter,hover_climb,1425.7266509268143,4.218947022775685,0.0,0.0,3.840161805212325,True
multicopter,hover_climb,1500.0,4.218947022775685,0.0,0.0,4.040215355498867,True
multicopter,hover_descent,1500.0,3.106863234068489,0.0,0.0,4.040215355498867,True
multicopter,hover_descent,1425.7266509268143,3.106863234068489,0.0,0.0,4.311876921132657,True
multicopter,hover_descent,1217.6173513940503,3.106863234068489,0.0,0.0,5.073055713249801,True
multicopter,hover_descent,916.890700467236,3.106863234068489,0.0,0.0,6.172990936826235,True
multicopter,hover_descent,583.1092995327642,3.106863234068489,0.0,0.0,7.3938269310124,True
multicopter,hover_descent,282.38264860594995,3.106863234068489,0.0,0.0,8.493762154588834,True
multicopter,hover_descent,74.27334907318571,3.106863234068489,0.0,0.0,9.254940946705977,True
multicopter,hover_descent,-0.0,3.106863234068489,0.0,0.0,9.52660251233977,True
