eVTOL_type,mission_segment,altitude_ft,air_speed_mph,pitch_angle_deg,range_nmi,time_min,fesibility
multicopter,hover_climb,0.0,4.1896713017722815,0.0,0.0,0.0,True
multicopter,hover_climb,74.27334907318564,4.1896713017722815,0.0,0.0,0.2014514432242169,True
multicopter,hover_climb,282.3826486059498,4.1896713017722815,0.0,0.0,0.7659058439264962,True
multicopter,hover_climb,583.1092995327641,4.1896713017722815,0.0,0.0,1.5815660854688214,True
multicopter,hover_climb,916.8907004672358,4.1896713017722815,0.0,0.0,2.4868806535973467,True
multicopter,hover_climb,1217.61735139405,4.1896713017722815,0.0,0.0,3.3025408951396718,True
multicopter,hover_climb,1425.7266509268143,4.1896713017722815,0.0,0.0,3.8669952958419516,True
multicopter,hover_climb,1500.0,4.1896713017722815,0.0,0.0,4.068446739066168,True
multicopter,hover_descent,1500.0,3.0900621368084447,0.0,0.0,4.068446739066168,True
multicopter,hover_descent,1425.7266509268143,3.0900621368084447,0.0,0.0,4.341585366384791,True
multicopter,hover_descent,1217.6173513940503,3.0900621368084447,0.0,0.0,5.1069027933747755,True
multicopter,hover_descent,916.890700467236,3.0900621368084447,0.0,0.0,6.212818517618469,True
multicopter,hover_descent,583.1092995327642,3.0900621368084447,0.0,0.0,7.440292366763134,True
multicopter,hover_descent,282.38264860594995,3.0900621368084447,0.0,0.0,8.546208091006827,True
multicopter,hover_descent,74.27334907318571,3.0900621368084447,0.0,0.0,9.311525517996813,True
multicopter,hover_descent,-0.0,3.0900621368084447,0.0,0.0,9.584664145315434,True
