eVTOL_type,mission_segment,altitude_ft,air_speed_mph,pitch_angle_deg,range_nmi,time_min,fesibility
multicopter,hover_climb,0.0,4.3262292914222105,0.0,0.0,0.0,True
multicopter,hover_climb,74.27334907318564,4.3262292914222105,0.0,0.0,0.19509260224615763,True
multicopter,hover_climb,282.3826486059498,4.3262292914222105,0.0,0.0,0.7417299264560303,True
multicopter,hover_climb,583.1092995327641,4.3262292914222105,0.0,0.0,1.5316437465030264,True
multicopter,hover_climb,916.8907004672358,4.3262292914222105,0.0,0.0,2.4083819426695876,True
multicopter,hover_climb,1217.61735139405,4.3262292914222105,0.0,0.0,3.1982957627165836,True
multicopter,hover_climb,1425.7266509268143,4.3262292914222105,0.0,0.0,3.7449330869264568,True
multicopter,hover_climb,1500.0,4.3262292914222105,0.0,0.0,3.9400256891726144,True
multicopter,hover_descent,1500.0,3.3337406671721315,0.0,0.0,3.9400256891726144,True
multicopter,hover_descent,1425.7266509268143,3.3337406671721315,0.0,0.0,4.193199350425951,True
multicopter,hover_descent,1217.6173513940503,3.3337406671721315,0.0,0.0,4.902576185603547,True
multicopter,hover_descent,916.890700467236,3.3337406671721315,0.0,0.0,5.927655412562528,True
multicopter,hover_descent,583.1092995327642,3.3337406671721315,0.0,0.0,7.0654075186319725,True
multicopter,hover_descent,282.38264860594995,3.3337406671721315,0.0,0.0,8.090486745590955,True
multicopter,hover_descent,74.27334907318571,3.3337406671721315,0.0,0.0,8.79986358076855,True
multicopter,hover_descent,-0.0,3.3337406671721315,0.0,0.0,9.053037242021885,True
