eVTOL_type,mission_segment,altitude_ft,air_speed_mph,pitch_angle_deg,range_nmi,time_min,fesibility
multicopter,hover_climb,0.0,4.660302037024528,0.0,0.0,0.0,True
multicopter,hover_climb,74.27334907318564,4.660302037024528,0.0,0.0,0.18110743116469544,True
multicopter,hover_climb,282.3826486059498,4.660302037024528,0.0,0.0,0.6885591767797328,True
multicopter,hover_climb,583.1092995327641,4.660302037024528,0.0,0.0,1.4218481951388107,True
multicopter,hover_climb,916.8907004672358,4.660302037024528,0.0,0.0,2.2357376029562825,True
multicopter,hover_climb,1217.61735139405,4.660302037024528,0.0,0.0,2.96902662131536,True
multicopter,hover_climb,1425.7266509268143,4.660302037024528,0.0,0.0,3.4764783669303974,True
multicopter,hover_climb,1500.0,4.660302037024528,0.0,0.0,3.657585798095093,True
multicopter,hover_descent,1500.0,3.190955886502794,0.0,0.0,3.657585798095093,True
multicopter,hover_descent,1425.7266509268143,3.190955886502794,0.0,0.0,3.922088147985655,True
multicopter,hover_descent,1217.6173513940503,3.190955886502794,0.0,0.0,4.663207263353074,True
multicopter,hover_descent,916.890700467236,3.190955886502794,0.0,0.0,5.734155414169366,True
multicopter,hover_descent,583.1092995327642,3.190955886502794,0.0,0.0,6.922818184848233,True
multicopter,hover_descent,282.38264860594995,3.190955886502794,0.0,0.0,7.993766335664524,True
multicopter,hover_descent,74.27334907318571,3.190955886502794,0.0,0.0,8.734885451031944,True
multicopter,hover_descent,-0.0,3.190955886502794,0.0,0.0,8.999387800922506,True
