eVTOL_type,mission_segment,altitude_ft,air_speed_mph,pitch_angle_deg,range_nmi,time_min,fesibility
multicopter,hover_climb,0.0,4.318414531961174,0.0,0.0,0.0,True
multicopter,hover_climb,74.27334907318564,4.318414531961174,0.0,0.0,0.19544564889045207,True
multicopter,hover_climb,282.3826486059498,4.318414531961174,0.0,0.0,0.7430721878154729,True
multicopter,hover_climb,583.1092995327641,4.318414531961174,0.0,0.0,1.534415464542213,True
multicopter,hover_climb,916.8907004672358,4.318414531961174,0.0,0.0,2.4127402379265557,True
multicopter,hover_climb,1217.61735139405,4.318414531961174,0.0,0.0,3.2040835146532953,True
multicopter,hover_climb,1425.7266509268143,4.318414531961174,0.0,0.0,3.7517100535783166,True
multicopter,hover_climb,1500.0,4.318414531961174,0.0,0.0,3.947155702468769,True
multicopter,hover_descent,1500.0,3.327667244351955,0.0,0.0,3.947155702468769,True
multicopter,hover_descent,1425.7266509268143,3.327667244351955,0.0,0.0,4.200791438376455,True
multicopter,hover_descent,1217.6173513940503,3.327667244351955,0.0,0.0,4.91146297796483,True
multicopter,hover_descent,916.890700467236,3.327667244351955,0.0,0.0,5.93841310700396,True
multicopter,hover_descent,583.1092995327642,3.327667244351955,0.0,0.0,7.078241757720842,True
multicopter,hover_descent,282.38264860594995,3.327667244351955,0.0,0.0,8.105191886759972,True
multicopter,hover_descent,74.27334907318571,3.327667244351955,0.0,0.0,8.815863426348349,True
multicopter,hover_descent,-0.0,3.327667244351955,0.0,0.0,9.069499162256033,True
