eVTOL_type,mission_segment,velocity_kts,equivalent_airspeed_kts,Mach,time_min,fesibility
multicopter,hover_climb,4.482950807056326,4.482950807423672,0.006777166807775979,0.0,True
multicopter,hover_climb,4.482950807056326,4.478080690471683,0.006778897921956788,0.16360413073085486,True
multicopter,hover_climb,4.482950807056326,4.464450054442633,0.006783755405199021,0.622012718359185,True
multicopter,hover_climb,4.482950807056326,4.444792598411867,0.006790792983406727,1.2844323200928176,True
multicopter,hover_climb,4.482950807056326,4.423028959296416,0.006798629572044526,2.019662609765131,True
multicopter,hover_climb,4.482950807056326,4.403469675005301,0.006805713161617142,2.6820822114987637,True
multicopter,hover_climb,4.482950807056326,4.389961457112783,0.006810628020937259,3.140490799127094,True
multicopter,hover_climb,4.482950807056326,4.385145821349633,0.006812384670176277,3.304094929857949,True
multicopter,hover_descent,2.8966844008817882,2.833487147862839,0.004401861464962961,3.304094929857949,True
multicopter,hover_descent,2.8966844008817882,2.8365987985580654,0.004400726395972136,3.5572910563239075,True
multicopter,hover_descent,2.8966844008817882,2.8453272111008436,0.004397550631405927,4.266730837628491,True
multicopter,hover_descent,2.8966844008817882,2.8579655549366287,0.004392973529336247,5.291901024376392,True
multicopter,hover_descent,2.8966844008817882,2.8720282552974976,0.004387909872597586,6.429754088194946,True
multicopter,hover_descent,2.8966844008817882,2.884730033366467,0.004383362501035498,7.454924274942848,True
multicopter,hover_descent,2.8966844008817882,2.893537547090976,0.004380223810351413,8.16436405624743,True
multicopter,hover_descent,2.8966844008817882,2.8966844011191513,0.004379105240985047,8.417560182713391,True
