eVTOL_type,mission_segment,altitude_ft,air_speed_mph,pitch_angle_deg,range_nmi,time_min,fesibility
multicopter,hover_climb,0.0,5.604534090078529,0.0,0.0,0.0,True
multicopter,hover_climb,74.27334907318564,5.604534090078529,0.0,0.0,0.1505950926181776,True
multicopter,hover_climb,282.3826486059498,5.604534090078529,0.0,0.0,0.572553165452074,True
multicopter,hover_climb,583.1092995327641,5.604534090078529,0.0,0.0,1.182300247200781,True
multicopter,hover_climb,916.8907004672358,5.604534090078529,0.0,0.0,1.859068450266757,True
multicopter,hover_climb,1217.61735139405,5.604534090078529,0.0,0.0,2.4688155320154634,True
multicopter,hover_climb,1425.7266509268143,5.604534090078529,0.0,0.0,2.89077360484936,True
multicopter,hover_climb,1500.0,5.604534090078529,0.0,0.0,3.0413686974675382,True
multicopter,hover_descent,1500.0,3.2615891952866325,0.0,0.0,3.0413686974675382,True
multicopter,hover_descent,1425.7266509268143,3.2615891952866325,0.0,0.0,3.3001429574500056,True
multicopter,hover_descent,1217.6173513940503,3.2615891952866325,0.0,0.0,4.025212321549853,True
multicopter,hover_descent,916.890700467236,3.2615891952866325,0.0,0.0,5.072967909814919,True
multicopter,hover_descent,583.1092995327642,3.2615891952866325,0.0,0.0,6.2358888781102895,True
multicopter,hover_descent,282.38264860594995,3.2615891952866325,0.0,0.0,7.283644466375354,True
multicopter,hover_descent,74.27334907318571,3.2615891952866325,0.0,0.0,8.008713830475202,True
multicopter,hover_descent,-0.0,3.2615891952866325,0.0,0.0,8.26748809045767,True
