eVTOL_type,mission_segment,velocity_kts,equivalent_airspeed_kts,Mach,time_min,fesibility
multicopter,hover_climb,3.474109720438774,3.474109720723453,0.005252036459304765,0.0,True
multicopter,hover_climb,3.474109720438774,3.470335572540531,0.005253378004385579,0.21111286888342826,True
multicopter,hover_climb,3.474109720438774,3.4597723682667416,0.005257142361942692,0.8026379827219249,True
multicopter,hover_climb,3.474109720438774,3.444538616656511,0.005262596206946134,1.6574165381403365,True
multicopter,hover_climb,3.474109720438774,3.4276726563867483,0.0052686692534579995,2.606149159067023,True
multicopter,hover_climb,3.474109720438774,3.412514983995244,0.005274158755450993,3.4609277144854347,True
multicopter,hover_climb,3.474109720438774,3.4020466489396073,0.005277967577201106,4.052452828323932,True
multicopter,hover_climb,3.474109720438774,3.398314721525076,0.005279328910942951,4.26356569720736,True
multicopter,hover_descent,2.9386067203955206,2.8744948439427436,0.004465567487867351,4.26356569720736,True
multicopter,hover_descent,2.9386067203955206,2.8776515280612243,0.0044644159915691916,4.513149714288393,True
multicopter,hover_descent,2.9386067203955206,2.886506262718816,0.0044611942656905225,5.212468590001499,True
multicopter,hover_descent,2.9386067203955206,2.899327515223645,0.0044565509214249885,6.223013644428526,True
multicopter,hover_descent,2.9386067203955206,2.9135937382801784,0.0044514139808188675,7.344634036018433,True
multicopter,hover_descent,2.9386067203955206,2.9264793430713265,0.004446800797336256,8.355179090445459,True
multicopter,hover_descent,2.9386067203955206,2.93541432370399,0.004443616681892168,9.054497966158568,True
multicopter,hover_descent,2.9386067203955206,2.9386067206363187,0.0044424819240095935,9.3040819832396,True
