eVTOL_type,mission_segment,altitude_ft,air_speed_mph,pitch_angle_deg,range_nmi,time_min,fesibility
multicopter,hover_climb,0.0,4.905572037156215,0.0,0.0,0.0,True
multicopter,hover_climb,74.27334907318564,4.905572037156215,0.0,0.0,0.17205237717116262,True
multicopter,hover_climb,282.3826486059498,4.905572037156215,0.0,0.0,0.65413242530197,True
multicopter,hover_climb,583.1092995327641,4.905572037156215,0.0,0.0,1.3507582785363221,True
multicopter,hover_climb,916.8907004672358,4.905572037156215,0.0,0.0,2.1239546430857366,True
multicopter,hover_climb,1217.61735139405,4.905572037156215,0.0,0.0,2.8205804963200887,True
multicopter,hover_climb,1425.7266509268143,4.905572037156215,0.0,0.0,3.3026605444508963,True
multicopter,hover_climb,1500.0,4.905572037156215,0.0,0.0,3.474712921622059,True
multicopter,hover_descent,1500.0,3.1823581067341804,0.0,0.0,3.474712921622059,True
multicopter,hover_descent,1425.7266509268143,3.1823581067341804,0.0,0.0,3.7399298777499976,True
multicopter,hover_descent,1217.6173513940503,3.1823581067341804,0.0,0.0,4.483051275300166,True
multicopter,hover_descent,916.890700467236,3.1823581067341804,0.0,0.0,5.556892807701904,True
multicopter,hover_descent,583.1092995327642,3.1823581067341804,0.0,0.0,6.748766989660923,True
multicopter,hover_descent,282.38264860594995,3.1823581067341804,0.0,0.0,7.8226085220626596,True
multicopter,hover_descent,74.27334907318571,3.1823581067341804,0.0,0.0,8.56572991961283,True
multicopter,hover_descent,-0.0,3.1823581067341804,0.0,0.0,8.830946875740768,True
