eVTOL_type,mission_segment,altitude_ft,air_speed_mph,pitch_angle_deg,range_nmi,time_min,fesibility
multicopter,hover_climb,0.0,4.322739613037281,0.0,0.0,0.0,True
multicopter,hover_climb,74.27334907318564,4.322739613037281,0.0,0.0,0.19525009737611293,True
multicopter,hover_climb,282.3826486059498,4.322739613037281,0.0,0.0,0.7423287131338129,True
multicopter,hover_climb,583.1092995327641,4.322739613037281,0.0,0.0,1.5328802179433751,True
multicopter,hover_climb,916.8907004672358,4.322739613037281,0.0,0.0,2.410326190799325,True
multicopter,hover_climb,1217.61735139405,4.322739613037281,0.0,0.0,3.2008776956088876,True
multicopter,hover_climb,1425.7266509268143,4.322739613037281,0.0,0.0,3.7479563113665875,True
multicopter,hover_climb,1500.0,4.322739613037281,0.0,0.0,3.9432064087427006,True
multicopter,hover_descent,1500.0,3.3649545235384224,0.0,0.0,3.9432064087427006,True
multicopter,hover_descent,1425.7266509268143,3.3649545235384224,0.0,0.0,4.194031590620519,True
multicopter,hover_descent,1217.6173513940503,3.3649545235384224,0.0,0.0,4.896828132814088,True
multicopter,hover_descent,916.890700467236,3.3649545235384224,0.0,0.0,5.912398560908019,True
multicopter,hover_descent,583.1092995327642,3.3649545235384224,0.0,0.0,7.039596696464379,True
multicopter,hover_descent,282.38264860594995,3.3649545235384224,0.0,0.0,8.05516712455831,True
multicopter,hover_descent,74.27334907318571,3.3649545235384224,0.0,0.0,8.75796366675188,True
multicopter,hover_descent,-0.0,3.3649545235384224,0.0,0.0,9.008788848629699,True
