eVTOL_type,mission_segment,velocity_kts,equivalent_airspeed_kts,Mach,time_min,fesibility
multicopter,hover_climb,4.470021847895947,4.470021848262235,0.006757621263635077,0.0,True
multicopter,hover_climb,4.470021847895947,4.465165776867711,0.006759347385232763,0.16407733448615283,True
multicopter,hover_climb,4.470021847895947,4.4515744519853,0.006764190859353512,0.6238118095731771,True
multicopter,hover_climb,4.470021847895947,4.431973688623527,0.0067712081409831044,1.2881473741967626,True
multicopter,hover_climb,4.470021847895947,4.410272816469709,0.0067790221286737114,2.0255042222421906,True
multicopter,hover_climb,4.470021847895947,4.390769941717464,0.006786085288970113,2.689839786865776,True
multicopter,hover_climb,4.470021847895947,4.377300681914155,0.006790985973694486,3.1495742619528007,True
multicopter,hover_climb,4.470021847895947,4.372498934583155,0.006792737556706537,3.3136515964389535,True
multicopter,hover_descent,2.9483543488028303,2.88402980736708,0.004480380185394169,3.3136515964389535,True
multicopter,hover_descent,2.9483543488028303,2.8871969624967284,0.004479224869477021,3.5624104575288498,True
multicopter,hover_descent,2.9483543488028303,2.8960810691225007,0.0044759924568376925,4.259417297532464,True
multicopter,hover_descent,2.9483543488028303,2.908944850899542,0.004471333710172731,5.266621363559165,True
multicopter,hover_descent,2.9483543488028303,2.9232583963283285,0.004466179729862783,6.384533537785131,True
multicopter,hover_descent,2.9483543488028303,2.9361867438541323,0.004461551244026831,7.3917376038118325,True
multicopter,hover_descent,2.9483543488028303,2.9451513626382466,0.004458356566579349,8.088744443815447,True
multicopter,hover_descent,2.9483543488028303,2.948354349044427,0.004457218044600649,8.337503304905344,True
