eVTOL_type,mission_segment,altitude_ft,air_speed_mph,pitch_angle_deg,range_nmi,time_min,fesibility
multicopter,hover_climb,0.0,4.361878746334851,0.0,0.0,0.0,True
multicopter,hover_climb,74.27334907318564,4.361878746334851,0.0,0.0,0.19349811846244216,True
multicopter,hover_climb,282.3826486059498,4.361878746334851,0.0,0.0,0.7356677983895938,True
multicopter,hover_climb,583.1092995327641,4.361878746334851,0.0,0.0,1.5191256853971173,True
multicopter,hover_climb,916.8907004672358,4.361878746334851,0.0,0.0,2.3886983364827454,True
multicopter,hover_climb,1217.61735139405,4.361878746334851,0.0,0.0,3.1721562234902683,True
multicopter,hover_climb,1425.7266509268143,4.361878746334851,0.0,0.0,3.71432590341742,True
multicopter,hover_climb,1500.0,4.361878746334851,0.0,0.0,3.9078240218798626,True
multicopter,hover_descent,1500.0,3.3942826472763596,0.0,0.0,3.9078240218798626,True
multicopter,hover_descent,1425.7266509268143,3.3942826472763596,0.0,0.0,4.1564819617406945,True
multicopter,hover_descent,1217.6173513940503,3.3942826472763596,0.0,0.0,4.853206026744249,True
multicopter,hover_descent,916.890700467236,3.3942826472763596,0.0,0.0,5.860001471056665,True
multicopter,hover_descent,583.1092995327642,3.3942826472763596,0.0,0.0,6.977460109396052,True
multicopter,hover_descent,282.38264860594995,3.3942826472763596,0.0,0.0,7.9842555537084685,True
multicopter,hover_descent,74.27334907318571,3.3942826472763596,0.0,0.0,8.680979618712023,True
multicopter,hover_descent,-0.0,3.3942826472763596,0.0,0.0,8.929637558572855,True
