eVTOL_type,mission_segment,velocity_kts,equivalent_airspeed_kts,Mach,time_min,fesibility
multicopter,hover_climb,4.291782942584967,4.291782942936648,0.006488165977392243,0.0,True
multicopter,hover_climb,4.291782942584967,4.2871205038953715,0.006489823271133047,0.1708915105235694,True
multicopter,hover_climb,4.291782942584967,4.274071123314621,0.0064944736152077786,0.6497188825882482,True
multicopter,hover_climb,4.291782942584967,4.255251926290496,0.006501211087780843,1.341644482724287,True
multicopter,hover_climb,4.291782942584967,4.2344163608015215,0.006508713498333915,2.1096239599141455,True
multicopter,hover_climb,4.291782942584967,4.215691149149044,0.0065154950201949564,2.8015495600501845,True
multicopter,hover_climb,4.291782942584967,4.202758966390184,0.006520200293641652,3.2803769321148635,True
multicopter,hover_climb,4.291782942584967,4.198148685279481,0.006521882033541241,3.451268442638433,True
multicopter,hover_descent,2.8827711891570353,2.8198774820685326,0.0043807186609604205,3.451268442638433,True
multicopter,hover_descent,2.8827711891570353,2.8229741870365257,0.00437958904387702,3.7056865777496344,True
multicopter,hover_descent,2.8827711891570353,2.831660675698438,0.004376428532986628,4.418550351190805,True
multicopter,hover_descent,2.8827711891570353,2.844238315664107,0.0043718734154279855,5.448668349931479,True
multicopter,hover_descent,2.8827711891570353,2.8582334707558115,0.004366834080195762,6.592013070752889,True
multicopter,hover_descent,2.8827711891570353,2.8708742402704837,0.004362308550344603,7.622131069493563,True
multicopter,hover_descent,2.8827711891570353,2.8796394501792295,0.004359184935264892,8.334994842934734,True
multicopter,hover_descent,2.8827711891570353,2.882771189393258,0.0043580717385557684,8.589412978045937,True
