eVTOL_type,mission_segment,altitude_ft,air_speed_mph,pitch_angle_deg,range_nmi,time_min,fesibility
multicopter,hover_climb,0.0,4.947516720606668,0.0,0.0,0.0,True
multicopter,hover_climb,74.27334907318564,4.947516720606668,0.0,0.0,0.17059372975168358,True
multicopter,hover_climb,282.3826486059498,4.947516720606668,0.0,0.0,0.6485867386346182,True
multicopter,hover_climb,583.1092995327641,4.947516720606668,0.0,0.0,1.339306649039992,True
multicopter,hover_climb,916.8907004672358,4.947516720606668,0.0,0.0,2.1059479115882374,True
multicopter,hover_climb,1217.61735139405,4.947516720606668,0.0,0.0,2.796667821993611,True
multicopter,hover_climb,1425.7266509268143,4.947516720606668,0.0,0.0,3.2746608308765466,True
multicopter,hover_climb,1500.0,4.947516720606668,0.0,0.0,3.44525456062823,True
multicopter,hover_descent,1500.0,3.2176236137349825,0.0,0.0,3.44525456062823,True
multicopter,hover_descent,1425.7266509268143,3.2176236137349825,0.0,0.0,3.70756470988692,True
multicopter,hover_descent,1217.6173513940503,3.2176236137349825,0.0,0.0,4.442541415579444,True
multicopter,hover_descent,916.890700467236,3.2176236137349825,0.0,0.0,5.504613527245639,True
multicopter,hover_descent,583.1092995327642,3.2176236137349825,0.0,0.0,6.683424637710362,True
multicopter,hover_descent,282.38264860594995,3.2176236137349825,0.0,0.0,7.745496749376557,True
multicopter,hover_descent,74.27334907318571,3.2176236137349825,0.0,0.0,8.480473455069081,True
multicopter,hover_descent,-0.0,3.2176236137349825,0.0,0.0,8.742783604327773,True
