eVTOL_type,mission_segment,velocity_kts,equivalent_airspeed_kts,Mach,time_min,fesibility
multicopter,hover_climb,4.18795077637259,4.187950776715763,0.006331196173189537,0.0,True
multicopter,hover_climb,4.18795077637259,4.183401137215369,0.006332813371612972,0.17512843609229264,True
multicopter,hover_climb,4.18795077637259,4.170667463526499,0.006337351208763339,0.6658274097917735,True
multicopter,hover_climb,4.18795077637259,4.152303563990511,0.006343925679996071,1.3749079713292813,True
multicopter,hover_climb,4.18795077637259,4.1319720784906515,0.006351246582875068,2.1619280191899204,True
multicopter,hover_climb,4.18795077637259,4.11369989051497,0.006357864037700459,2.8710085807274277,True
multicopter,hover_climb,4.18795077637259,4.101080579252099,0.006362455475302908,3.361707554426909,True
multicopter,hover_climb,4.18795077637259,4.096581835812564,0.006364096528453163,3.5368359905192017,True
multicopter,hover_descent,2.9375633816759574,2.8734742678482785,0.004463982008792326,3.5368359905192017,True
multicopter,hover_descent,2.9375633816759574,2.876629831200668,0.004462830921327599,3.7865086527237506,True
multicopter,hover_descent,2.9375633816759574,2.8854814220256895,0.004459610339307797,4.486075906553532,True
multicopter,hover_descent,2.9375633816759574,2.8982981224041393,0.00445496864364016,5.496979877758226,True
multicopter,hover_descent,2.9375633816759574,2.9125592803041833,0.004449833526881034,6.618998636917153,True
multicopter,hover_descent,2.9375633816759574,2.9254403101209707,0.004445221981287873,7.629902608121847,True
multicopter,hover_descent,2.9375633816759574,2.9343721184301015,0.0044420389963492415,8.329469861951628,True
multicopter,hover_descent,2.9375633816759574,2.9375633819166698,0.004440904641357203,8.579142524156177,True
