segment_type,climb_rate,descend_rate,start_altitude,end_altitude,climb_angle,descent_angle,speed,time_required
hover_climb,2.461035277821539,,0.0,15.24,,,,
second_climb,2.54,,15.24,91.44,,,34.956460063456646,
departure_terminal_procedures,,,91.44,91.44,,,39.50082213858438,46.770872110944055
accel_climb,2.54,,91.44,457.20000000000005,,,36.38010142489386,
cruise_0,,,457.20000000000005,457.20000000000005,,,45.48632,812.8378378378379
decel_descend,,2.54,457.20000000000005,91.44,,,38.88944812964892,
arrival_terminal_procedure,,,91.44,91.44,,,40.249966823259534,58.14626261034703
second_descent,,2.54,91.44,15.24,,,39.542443296778295,
hover_descent,,1.28835654983381,15.24,0.0,,,,
