eVTOL_type,mission_segment,altitude_ft,air_speed_mph,pitch_angle_deg,range_nmi,time_min,fesibility
multicopter,hover_climb,0.0,5.332570347167424,0.0,0.0,0.0,True
multicopter,hover_climb,74.27334907318564,5.332570347167424,0.0,0.0,0.15827551732635597,True
multicopter,hover_climb,282.3826486059498,5.332570347167424,0.0,0.0,0.6017536619771052,True
multicopter,hover_climb,583.1092995327641,5.332570347167424,0.0,0.0,1.242598148501651,True
multicopter,hover_climb,916.8907004672358,5.332570347167424,0.0,0.0,1.953881866901956,True
multicopter,hover_climb,1217.61735139405,5.332570347167424,0.0,0.0,2.594726353426502,True
multicopter,hover_climb,1425.7266509268143,5.332570347167424,0.0,0.0,3.0382044980772513,True
multicopter,hover_climb,1500.0,5.332570347167424,0.0,0.0,3.1964800154036075,True
multicopter,hover_descent,1500.0,3.3965750038158897,0.0,0.0,3.1964800154036075,True
multicopter,hover_descent,1425.7266509268143,3.3965750038158897,0.0,0.0,3.444970135430075,True
multicopter,hover_descent,1217.6173513940503,3.3965750038158897,0.0,0.0,4.141223979706908,True
multicopter,hover_descent,916.890700467236,3.3965750038158897,0.0,0.0,5.147339935382051,True
multicopter,hover_descent,583.1092995327642,3.3965750038158897,0.0,0.0,6.264044398231607,True
multicopter,hover_descent,282.38264860594995,3.3965750038158897,0.0,0.0,7.270160353906749,True
multicopter,hover_descent,74.27334907318571,3.3965750038158897,0.0,0.0,7.966414198183583,True
multicopter,hover_descent,-0.0,3.3965750038158897,0.0,0.0,8.214904318210051,True
