eVTOL_type,mission_segment,velocity_kts,equivalent_airspeed_kts,Mach,time_min,fesibility
multicopter,hover_climb,3.582414057833474,3.582414058127027,0.005415767134059035,0.0,True
multicopter,hover_climb,3.582414057833474,3.578522251996869,0.005417150501408791,0.20473045774646956,True
multicopter,hover_climb,3.582414057833474,3.567629742971158,0.005421032211693292,0.7783724529749005,True
multicopter,hover_climb,3.582414057833474,3.5519210836847317,0.005426656078692838,1.6073091532729198,True
multicopter,hover_climb,3.582414057833474,3.5345293321192033,0.005432918450623691,2.5273594789050353,True
multicopter,hover_climb,3.582414057833474,3.518899123798523,0.005438579086208833,3.356296179203055,True
multicopter,hover_climb,3.582414057833474,3.508104441510628,0.00544250664684433,3.929938174431486,True
multicopter,hover_climb,3.582414057833474,3.5042561723687595,0.005443910419760739,4.134668632177956,True
multicopter,hover_descent,2.670220813304844,2.611964339004944,0.004057722718239722,4.134668632177956,True
multicopter,hover_descent,2.670220813304844,2.6148327199882497,0.004056676389256518,4.409338526983357,True
multicopter,hover_descent,2.670220813304844,2.622878742824477,0.004053748906842394,5.178946470128156,True
multicopter,hover_descent,2.670220813304844,2.6345290174438802,0.004049529643878379,6.2910621698505125,True
multicopter,hover_descent,2.670220813304844,2.647492292001313,0.004044861865223967,7.5254174726164305,True
multicopter,hover_descent,2.670220813304844,2.6592010415480076,0.004040670008428238,8.637533172338788,True
multicopter,hover_descent,2.670220813304844,2.6673199814137005,0.004037776701449881,9.407141115483588,True
multicopter,hover_descent,2.670220813304844,2.67022081352365,0.004036745582145933,9.681811010288989,True
