eVTOL_type,mission_segment,velocity_kts,equivalent_airspeed_kts,Mach,time_min,fesibility
multicopter,hover_climb,4.926710640531256,4.9267106409349655,0.007448027261858296,0.0,True
multicopter,hover_climb,4.926710640531256,4.921358439217688,0.007449929736148476,0.1488679411905846,True
multicopter,hover_climb,4.926710640531256,4.906378529231652,0.007455268053566111,0.5659866432640591,True
multicopter,hover_climb,4.926710640531256,4.884775214370355,0.007463002269918631,1.168740631649604,True
multicopter,hover_climb,4.926710640531256,4.8608572288689285,0.007471614589412866,1.8377470866549142,True
multicopter,hover_climb,4.926710640531256,4.839361803604272,0.007479399371718671,2.440501075040459,True
multicopter,hover_climb,4.926710640531256,4.824516429722201,0.007484800744776573,2.8576197771139333,True
multicopter,hover_climb,4.926710640531256,4.819224102195903,0.007486731281797842,3.0064877183045184,True
multicopter,hover_descent,2.828705264295968,2.7669911188925793,0.004298558964467054,3.0064877183045184,True
multicopter,hover_descent,2.828705264295968,2.7700297456409944,0.004297450533176193,3.2657686264836094,True
multicopter,hover_descent,2.828705264295968,2.7785533205603707,0.0042943492971755206,3.9922575872843544,True
multicopter,hover_descent,2.828705264295968,2.790895068846578,0.004289879610137547,5.0420645522177665,True
multicopter,hover_descent,2.828705264295968,2.804627746983312,0.004284934786853077,6.207262376841285,True
multicopter,hover_descent,2.828705264295968,2.817031440833659,0.004280494132609738,7.257069341774698,True
multicopter,hover_descent,2.828705264295968,2.82563226059514,0.004277429100444562,7.983558302575443,True
multicopter,hover_descent,2.828705264295968,2.82870526452776,0.004276336781566414,8.242839210754534,True
