eVTOL_type,mission_segment,altitude_ft,air_speed_mph,pitch_angle_deg,range_nmi,time_min,fesibility
multicopter,hover_climb,0.0,4.033514254551381,0.0,0.0,0.0,True
multicopter,hover_climb,74.27334907318564,4.033514254551381,0.0,0.0,0.20925061301685755,True
multicopter,hover_climb,282.3826486059498,4.033514254551381,0.0,0.0,0.7955578018690858,True
multicopter,hover_climb,583.1092995327641,4.033514254551381,0.0,0.0,1.6427962372187122,True
multicopter,hover_climb,916.8907004672358,4.033514254551381,0.0,0.0,2.5831599562472234,True
multicopter,hover_climb,1217.61735139405,4.033514254551381,0.0,0.0,3.4303983915968495,True
multicopter,hover_climb,1425.7266509268143,4.033514254551381,0.0,0.0,4.016705580449078,True
multicopter,hover_climb,1500.0,4.033514254551381,0.0,0.0,4.225956193465936,True
multicopter,hover_descent,1500.0,3.0818022286988196,0.0,0.0,4.225956193465936,True
multicopter,hover_descent,1425.7266509268143,3.0818022286988196,0.0,0.0,4.499826892408699,True
multicopter,hover_descent,1217.6173513940503,3.0818022286988196,0.0,0.0,5.267195538507671,True
multicopter,hover_descent,916.890700467236,3.0818022286988196,0.0,0.0,6.376075360244117,True
multicopter,hover_descent,583.1092995327642,3.0818022286988196,0.0,0.0,7.6068391094045875,True
multicopter,hover_descent,282.38264860594995,3.0818022286988196,0.0,0.0,8.715718931141032,True
multicopter,hover_descent,74.27334907318571,3.0818022286988196,0.0,0.0,9.483087577240006,True
multicopter,hover_descent,-0.0,3.0818022286988196,0.0,0.0,9.756958276182768,True
