eVTOL_type,mission_segment,velocity_kts,equivalent_airspeed_kts,Mach,time_min,fesibility
multicopter,hover_climb,4.807669635365059,4.807669635759013,0.007268065271709581,0.0,True
multicopter,hover_climb,4.807669635365059,4.802446755919712,0.007269921777712129,0.1525540075596195,True
multicopter,hover_climb,4.807669635365059,4.787828796060678,0.0072751311087293725,0.580000838089174,True
multicopter,hover_climb,4.807669635365059,4.76674746848535,0.007282678448085058,1.1976794045109347,True
multicopter,hover_climb,4.807669635365059,4.7434073981982285,0.007291082673529488,1.8832508914145853,True
multicopter,hover_climb,4.807669635365059,4.722431353351193,0.0072986793570451874,2.5009294578363455,True
multicopter,hover_climb,4.807669635365059,4.707944678885006,0.007303950220128991,2.9283762883659,True
multicopter,hover_climb,4.807669635365059,4.702780226534331,0.007305834110800536,3.08093029592552,True
multicopter,hover_descent,2.807476220726873,2.7462252314882973,0.004266298871238958,3.08093029592552,True
multicopter,hover_descent,2.807476220726873,2.7492410537613057,0.004265198758572332,3.342171785517815,True
multicopter,hover_descent,2.807476220726873,2.757700660424388,0.004262120796920885,4.074154173364333,True
multicopter,hover_descent,2.807476220726873,2.769949785588846,0.004257684654268771,5.131899370377211,True
multicopter,hover_descent,2.807476220726873,2.7835794018667976,0.004252776941202277,6.305907967894522,True
multicopter,hover_descent,2.807476220726873,2.7958900077024653,0.004248369613457672,7.3636531649074,True
multicopter,hover_descent,2.807476220726873,2.8044262794957464,0.004245327583936919,8.095635552753919,True
multicopter,hover_descent,2.807476220726873,2.8074762209569255,0.004244243462761569,8.356877042346213,True
