segment_type,climb_rate,descend_rate,start_altitude,end_altitude,climb_angle,descent_angle,speed,time_required
hover_climb,1.9178236806734863,,0.0,15.24,,,,
second_climb,2.54,,15.24,91.44,,,37.54082627373115,
departure_terminal_procedures,,,91.44,91.44,,,40.24862711685325,46.11259902092383
accel_climb,2.54,,91.44,457.20000000000005,,,43.82070477731161,
cruise_0,,,457.20000000000005,457.20000000000005,,,45.48632,1241.5366794151082
decel_descend,,2.54,457.20000000000005,91.44,,,43.54728650948239,
arrival_terminal_procedure,,,91.44,91.44,,,43.59633220958524,55.29328934700625
second_descent,,2.54,91.44,15.24,,,36.92863281584337,
hover_descent,,1.0745261559502237,15.24,0.0,,,,
