eVTOL_type,mission_segment,velocity_kts,equivalent_airspeed_kts,Mach,time_min,fesibility
multicopter,hover_climb,4.824617026159561,4.824617026554904,0.007293685738967468,0.0,True
multicopter,hover_climb,4.824617026159561,4.819375735678151,0.007295548789290888,0.15201813240738216,True
multicopter,hover_climb,4.824617026159561,4.804706246430216,0.007300776483584984,0.5779634741262026,True
multicopter,hover_climb,4.824617026159561,4.783550605617085,0.007308350427869713,1.1934723263522502,True
multicopter,hover_climb,4.824617026159561,4.760128259857162,0.007316784278829982,1.8766356121814682,True
multicopter,hover_climb,4.824617026159561,4.739078272901724,0.007324407741216538,2.4921444644075157,True
multicopter,hover_climb,4.824617026159561,4.724540531837349,0.0073296971844822745,2.9180898061263365,True
multicopter,hover_climb,4.824617026159561,4.719357874410437,0.007331587716007675,3.0701079385337184,True
multicopter,hover_descent,2.7349221627707774,2.675254092664437,0.004156044225704772,3.0701079385337184,True
multicopter,hover_descent,2.7349221627707774,2.6781919765590665,0.004154972543426117,3.338279837493574,True
multicopter,hover_descent,2.7349221627707774,2.686432960251244,0.004151974126030965,4.089680800871636,True
multicopter,hover_descent,2.7349221627707774,2.6983655293107804,0.004147652627324437,5.175486652542818,True
multicopter,hover_descent,2.7349221627707774,2.7116429132306985,0.004142871745073332,6.380640227048773,True
multicopter,hover_descent,2.7349221627707774,2.723635374106604,0.0041385783166060395,7.466446078719955,True
multicopter,hover_descent,2.7349221627707774,2.7319510416597326,0.0041356149027417695,8.217847042098017,True
multicopter,hover_descent,2.7349221627707774,2.7349221629948848,0.004134558798683717,8.486018941057873,True
