eVTOL_type,mission_segment,velocity_kts,equivalent_airspeed_kts,Mach,time_min,fesibility
multicopter,hover_climb,4.120528329980003,4.120528330317651,0.006229269298357079,0.0,True
multicopter,hover_climb,4.120528329980003,4.116051936144554,0.006230860461261036,0.17799398794600543,True
multicopter,hover_climb,4.120528329980003,4.103523263774351,0.006235325243091905,0.6767220595183095,True
multicopter,hover_climb,4.120528329980003,4.085455007405663,0.006241793870928208,1.3974050036436154,True
multicopter,hover_climb,4.120528329980003,4.065450841534041,0.006248996913495979,2.1973027246416295,True
multicopter,hover_climb,4.120528329980003,4.047472820247523,0.006255507832925649,2.9179856687669345,True
multicopter,hover_climb,4.120528329980003,4.035056669165505,0.006260025352286898,3.4167137403392394,True
multicopter,hover_climb,4.120528329980003,4.0306303516699655,0.006261639985876859,3.5947077282852447,True
multicopter,hover_descent,2.857544968140728,2.7952016240368134,0.004342384374296495,3.5947077282852447,True
multicopter,hover_descent,2.857544968140728,2.7982712307167983,0.00434126464213574,3.851371850136262,True
multicopter,hover_descent,2.857544968140728,2.8068817066574563,0.004338131787878849,4.57052873857784,True
multicopter,hover_descent,2.857544968140728,2.8193492836646667,0.004333616530716592,5.609740551973692,True
multicopter,hover_descent,2.857544968140728,2.833221971570343,0.004328621293116822,6.763178645584276,True
multicopter,hover_descent,2.857544968140728,2.8457521256997933,0.004324135364749356,7.802390458980127,True
multicopter,hover_descent,2.857544968140728,2.8544406340224944,0.004321039083439549,8.521547347421706,True
multicopter,hover_descent,2.857544968140728,2.8575449683748837,0.0043199356279635575,8.778211469272723,True
