eVTOL_type,mission_segment,velocity_kts,equivalent_airspeed_kts,Mach,time_min,fesibility
multicopter,hover_climb,3.7826515039716972,3.7826515042816586,0.005718479037902763,0.0,True
multicopter,hover_climb,3.7826515039716972,3.778542167372594,0.0057199397279574645,0.1938929000272826,True
multicopter,hover_climb,3.7826515039716972,3.767040826382142,0.005724038404718054,0.7371687333183607,True
multicopter,hover_climb,3.7826515039716972,3.7504541385465333,0.005729976615271201,1.5222250582490904,True
multicopter,hover_climb,3.7826515039716972,3.7320902827347813,0.005736589019705824,2.3935718415829585,True
multicopter,hover_climb,3.7826515039716972,3.715586430846882,0.005742566054008364,3.178628166513688,True
multicopter,hover_climb,3.7826515039716972,3.704188384576402,0.005746713143904998,3.7219039998047663,True
multicopter,hover_climb,3.7826515039716972,3.700125018136293,0.005748195380086457,3.9157968998320487,True
multicopter,hover_descent,2.7558822195146693,2.6957568617559593,0.004187895560995662,3.9157968998320487,True
multicopter,hover_descent,2.7558822195146693,2.698717261177347,0.004186815665495556,4.181929198485507,True
multicopter,hover_descent,2.7558822195146693,2.707021402603286,0.004183794268653457,4.927615328799117,True
multicopter,hover_descent,2.7558822195146693,2.7190454211848576,0.004179439650591892,6.005163007424034,True
multicopter,hover_descent,2.7558822195146693,2.7324245610977465,0.00417462212833522,7.201150701353569,True
multicopter,hover_descent,2.7558822195146693,2.7445089304980996,0.004170295795639235,8.278698379978486,True
multicopter,hover_descent,2.7558822195146693,2.7528883281515397,0.0041673096705901296,9.024384510292096,True
multicopter,hover_descent,2.7558822195146693,2.7558822197404944,0.004166245472699907,9.290516808945554,True
