eVTOL_type,mission_segment,velocity_kts,equivalent_airspeed_kts,Mach,time_min,fesibility
multicopter,hover_climb,4.703822939004666,4.70382293939011,0.007111073501341933,0.0,True
multicopter,hover_climb,4.703822939004666,4.698712874876723,0.007112889906416222,0.15592195527088207,True
multicopter,hover_climb,4.703822939004666,4.684410666089209,0.007117986714765018,0.5928055655848408,True
multicopter,hover_climb,4.703822939004666,4.663784699715801,0.007125371029970159,1.2241206738933366,True
multicopter,hover_climb,4.703822939004666,4.64094877995814,0.007133593722340551,1.9248275804241752,True
multicopter,hover_climb,4.703822939004666,4.6204258221834875,0.007141026315861256,2.556142688732671,True
multicopter,hover_climb,4.703822939004666,4.606252062996149,0.007146183327170761,2.9930262990466296,True
multicopter,hover_climb,4.703822939004666,4.601199163925088,0.00714802652539932,3.148948254317512,True
multicopter,hover_descent,2.812756156499591,2.751389974374676,0.004274322370729731,3.148948254317512,True
multicopter,hover_descent,2.812756156499591,2.7544114684135876,0.004273220189114425,3.4096993571825287,True
multicopter,hover_descent,2.812756156499591,2.762886984803532,0.004270136438833421,4.140307711952749,True
multicopter,hover_descent,2.812756156499591,2.7751591465278946,0.004265691953261745,5.196067373642481,True
multicopter,hover_descent,2.812756156499591,2.788814395613713,0.004260775010407448,6.367872193211538,True
multicopter,hover_descent,2.812756156499591,2.8011481536341276,0.0042563593939346075,7.423631854901269,True
multicopter,hover_descent,2.812756156499591,2.8097004793360663,0.004253311643360771,8.154240209671489,True
multicopter,hover_descent,2.812756156499591,2.812756156730076,0.004252225483311455,8.414991312536506,True
