eVTOL_type,mission_segment,velocity_kts,equivalent_airspeed_kts,Mach,time_min,fesibility
multicopter,hover_climb,4.5265081258726845,4.526508126243599,0.006843015225040182,0.0,True
multicopter,hover_climb,4.5265081258726845,4.521590690182863,0.006844763159100468,0.16202981404263658,True
multicopter,hover_climb,4.5265081258726845,4.507827615948545,0.006849667838699595,0.6160272643341408,True
multicopter,hover_climb,4.5265081258726845,4.487979163826968,0.006856773795538003,1.272072587930947,True
multicopter,hover_climb,4.5265081258726845,4.466004064490703,0.00686468652616451,2.0002279626268242,True
multicopter,hover_climb,4.5265081258726845,4.446254737966614,0.006871838941424192,2.6562732862236302,True
multicopter,hover_climb,4.5265081258726845,4.4326152713098965,0.006876801554579574,3.1102707365151345,True
multicopter,hover_climb,4.5265081258726845,4.427752845789005,0.006878575271802214,3.2723005505577714,True
multicopter,hover_descent,2.9116335881433706,2.84811018721217,0.004424578558795911,3.2723005505577714,True
multicopter,hover_descent,2.9116335881433706,2.8512378964911074,0.0044234376319495,3.5241966932881863,True
multicopter,hover_descent,2.9116335881433706,2.860011354560267,0.004420245477921192,4.22999400110822,True
multicopter,hover_descent,2.9116335881433706,2.872714922266702,0.004415644754377273,5.249900661168184,True
multicopter,hover_descent,2.9116335881433706,2.886850197306757,0.004410554965156664,6.38191165110888,True
multicopter,hover_descent,2.9116335881433706,2.8996175266172948,0.0044059841255533186,7.401818311168845,True
multicopter,hover_descent,2.9116335881433706,2.9084704940929735,0.004402829236737749,8.107615618988879,True
multicopter,hover_descent,2.9116335881433706,2.911633588381958,0.004401704894666937,8.359511761719295,True
