eVTOL_type,mission_segment,velocity_kts,equivalent_airspeed_kts,Mach,time_min,fesibility
multicopter,hover_climb,4.888625746684264,4.888625747084852,0.0073904518635177115,0.0,True
multicopter,hover_climb,4.888625746684264,4.883314919430133,0.0073923396311330585,0.15002769856029308,True
multicopter,hover_climb,4.888625746684264,4.868450808467682,0.007397636681817775,0.5703959685723315,True
multicopter,hover_climb,4.888625746684264,4.8470144934594845,0.0074053111104477615,1.177845718681728,True
multicopter,hover_climb,4.888625746684264,4.823281400882633,0.007413856854228982,1.8520640759970302,True
multicopter,hover_climb,4.888625746684264,4.801952141453383,0.007421581457922854,2.459513826106426,True
multicopter,hover_climb,4.888625746684264,4.78722152659202,0.007426941076809556,2.879882096118465,True
multicopter,hover_climb,4.888625746684264,4.7819701102835195,0.007428856690222989,3.0299097946787583,True
multicopter,hover_descent,2.9109522614070564,2.8474437250493425,0.004423543200610285,3.0299097946787583,True
multicopter,hover_descent,2.9109522614070564,2.8505707024394993,0.0044224025407425096,3.281864895290102,True
multicopter,hover_descent,2.9109522614070564,2.8593421075059813,0.004419211133683152,3.987827399421532,True
multicopter,hover_descent,2.9109522614070564,2.872042702558041,0.004414611486715617,5.0079727750678895,True
multicopter,hover_descent,2.9109522614070564,2.886174669922004,0.004409522888513511,6.140248719320435,True
multicopter,hover_descent,2.9109522614070564,2.898939011657853,0.00440495311849366,7.160394094966793,True
multicopter,hover_descent,2.9109522614070564,2.907789907525531,0.0044017989679269245,7.866356599098223,True
multicopter,hover_descent,2.9109522614070564,2.9109522616455883,0.004400674888953886,8.118311699709567,True
