eVTOL_type,mission_segment,velocity_kts,equivalent_airspeed_kts,Mach,time_min,fesibility
multicopter,hover_climb,4.216194847337171,4.216194847682657,0.006373894562820833,0.0,True
multicopter,hover_climb,4.216194847337171,4.211614524836691,0.006375522667835457,0.17395525976719212,True
multicopter,hover_climb,4.216194847337171,4.198794973638147,0.006380091108734851,0.6613670664506209,True
multicopter,hover_climb,4.216194847337171,4.180307225635602,0.006386709919035057,1.3656975340231121,True
multicopter,hover_climb,4.216194847337171,4.1598386220200005,0.006394080195011181,2.147445375335621,True
multicopter,hover_climb,4.216194847337171,4.141443204092149,0.006400742278790844,2.851775842908112,True
multicopter,hover_climb,4.216194847337171,4.128738786594304,0.006405364681630564,3.339187649591541,True
multicopter,hover_climb,4.216194847337171,4.124209703058682,0.006407016802251309,3.5131429093587334,True
multicopter,hover_descent,2.787536460949144,2.7267204994420764,0.004235998000298553,3.5131429093587334,True
multicopter,hover_descent,2.787536460949144,2.7297149022027085,0.004234905701048882,3.7762531072601107,True
multicopter,hover_descent,2.787536460949144,2.7381144255342096,0.0042318496002472185,4.513471499435059,True
multicopter,hover_descent,2.787536460949144,2.7502765527709694,0.004227444964760925,5.578782941923092,True
multicopter,hover_descent,2.787536460949144,2.7638093663503125,0.004222572108131997,6.761189438352015,True
multicopter,hover_descent,2.787536460949144,2.776032537599262,0.004218196082898822,7.8265008808400465,True
multicopter,hover_descent,2.787536460949144,2.784508181556161,0.004215175659024247,8.563719273014994,True
multicopter,hover_descent,2.787536460949144,2.787536461177563,0.004214099237688221,8.826829470916373,True
