eVTOL_type,mission_segment,altitude_ft,air_speed_mph,pitch_angle_deg,range_nmi,time_min,fesibility
multicopter,hover_climb,0.0,5.02375230311249,0.0,0.0,0.0,True
multicopter,hover_climb,74.27334907318564,5.02375230311249,0.0,0.0,0.16800496510430976,True
multicopter,hover_climb,282.3826486059498,5.02375230311249,0.0,0.0,0.6387444166326504,True
multicopter,hover_climb,583.1092995327641,5.02375230311249,0.0,0.0,1.3189826329693302,True
multicopter,hover_climb,916.8907004672358,5.02375230311249,0.0,0.0,2.073990092794628,True
multicopter,hover_climb,1217.61735139405,5.02375230311249,0.0,0.0,2.7542283091313076,True
multicopter,hover_climb,1425.7266509268143,5.02375230311249,0.0,0.0,3.224967760659648,True
multicopter,hover_climb,1500.0,5.02375230311249,0.0,0.0,3.392972725763958,True
multicopter,hover_descent,1500.0,3.1725315484717362,0.0,0.0,3.392972725763958,True
multicopter,hover_descent,1425.7266509268143,3.1725315484717362,0.0,0.0,3.6590111614679897,True
multicopter,hover_descent,1217.6173513940503,3.1725315484717362,0.0,0.0,4.4044342936416045,True
multicopter,hover_descent,916.890700467236,3.1725315484717362,0.0,0.0,5.481601928943049,True
multicopter,hover_descent,583.1092995327642,3.1725315484717362,0.0,0.0,6.677167806606768,True
multicopter,hover_descent,282.38264860594995,3.1725315484717362,0.0,0.0,7.754335441908211,True
multicopter,hover_descent,74.27334907318571,3.1725315484717362,0.0,0.0,8.499758574081827,True
multicopter,hover_descent,-0.0,3.1725315484717362,0.0,0.0,8.76579700978586,True
