eVTOL_type,mission_segment,altitude_ft,air_speed_mph,pitch_angle_deg,range_nmi,time_min,fesibility
multicopter,hover_climb,0.0,5.530503837067907,0.0,0.0,0.0,True
multicopter,hover_climb,74.27334907318564,5.530503837067907,0.0,0.0,0.15261092935514156,True
multicopter,hover_climb,282.3826486059498,5.530503837067907,0.0,0.0,0.5802172512115591,True
multicopter,hover_climb,583.1092995327641,5.530503837067907,0.0,0.0,1.1981262892782056,True
multicopter,hover_climb,916.8907004672358,5.530503837067907,0.0,0.0,1.8839535804089462,True
multicopter,hover_climb,1217.61735139405,5.530503837067907,0.0,0.0,2.5018626184755925,True
multicopter,hover_climb,1425.7266509268143,5.530503837067907,0.0,0.0,2.92946894033201,True
multicopter,hover_climb,1500.0,5.530503837067907,0.0,0.0,3.082079869687152,True
multicopter,hover_descent,1500.0,3.1534755423219525,0.0,0.0,3.082079869687152,True
multicopter,hover_descent,1425.7266509268143,3.1534755423219525,0.0,0.0,3.349725937985385,True
multicopter,hover_descent,1217.6173513940503,3.1534755423219525,0.0,0.0,4.099653556590004,True
multicopter,hover_descent,916.890700467236,3.1534755423219525,0.0,0.0,5.183330363377693,True
multicopter,hover_descent,583.1092995327642,3.1534755423219525,0.0,0.0,6.386120876340298,True
multicopter,hover_descent,282.38264860594995,3.1534755423219525,0.0,0.0,7.469797683127986,True
multicopter,hover_descent,74.27334907318571,3.1534755423219525,0.0,0.0,8.219725301732606,True
multicopter,hover_descent,-0.0,3.1534755423219525,0.0,0.0,8.48737137003084,True
