eVTOL_type,mission_segment,altitude_ft,air_speed_mph,pitch_angle_deg,range_nmi,time_min,fesibility
multicopter,hover_climb,0.0,5.150996351597237,0.0,0.0,0.0,True
multicopter,hover_climb,74.27334907318564,5.150996351597237,0.0,0.0,0.1638547715366552,True
multicopter,hover_climb,282.3826486059498,5.150996351597237,0.0,0.0,0.62296563909689,True
multicopter,hover_climb,583.1092995327641,5.150996351597237,0.0,0.0,1.2864000647351193,True
multicopter,hover_climb,916.8907004672358,5.150996351597237,0.0,0.0,2.0227567239644184,True
multicopter,hover_climb,1217.61735139405,5.150996351597237,0.0,0.0,2.6861911496026476,True
multicopter,hover_climb,1425.7266509268143,5.150996351597237,0.0,0.0,3.1453020171628827,True
multicopter,hover_climb,1500.0,5.150996351597237,0.0,0.0,3.309156788699538,True
multicopter,hover_descent,1500.0,3.23053735254752,0.0,0.0,3.309156788699538,True
multicopter,hover_descent,1425.7266509268143,3.23053735254752,0.0,0.0,3.570418380277032,True
multicopter,hover_descent,1217.6173513940503,3.23053735254752,0.0,0.0,4.3024570926344445,True
multicopter,hover_descent,916.890700467236,3.23053735254752,0.0,0.0,5.3602836809237555,True
multicopter,hover_descent,583.1092995327642,3.23053735254752,0.0,0.0,6.534382615942541,True
multicopter,hover_descent,282.38264860594995,3.23053735254752,0.0,0.0,7.592209204231852,True
multicopter,hover_descent,74.27334907318571,3.23053735254752,0.0,0.0,8.324247916589265,True
multicopter,hover_descent,-0.0,3.23053735254752,0.0,0.0,8.585509508166759,True
