segment_type,climb_rate,descend_rate,start_altitude,end_altitude,climb_angle,descent_angle,speed,time_required
hover_climb,2.1567971192077113,,0.0,15.24,,,,
second_climb,2.54,,15.24,91.44,,,40.09030076895378,
departure_terminal_procedures,,,91.44,91.44,,,38.181266594819654,51.06262130473643
accel_climb,2.54,,91.44,457.20000000000005,,,36.98864414001141,
cruise_0,,,457.20000000000005,457.20000000000005,,,45.48632,1241.5366794151082
decel_descend,,2.54,457.20000000000005,91.44,,,40.77326932001922,
arrival_terminal_procedure,,,91.44,91.44,,,40.918016998139194,48.95750181937072
second_descent,,2.54,91.44,15.24,,,39.271222934823236,
hover_descent,,1.4439879315244097,15.24,0.0,,,,
