eVTOL_type,mission_segment,velocity_kts,equivalent_airspeed_kts,Mach,time_min,fesibility
multicopter,hover_climb,4.915383908425441,4.915383908828222,0.0074309039080291,0.0,True
multicopter,hover_climb,4.915383908425441,4.910044012066411,0.007432802008444256,0.1492109840373742,True
multicopter,hover_climb,4.915383908425441,4.89509854157556,0.007438128052827062,0.5672908708082663,True
multicopter,hover_climb,4.915383908425441,4.87354489371886,0.007445844487864001,1.171433811324377,True
multicopter,hover_climb,4.915383908425441,4.849681896755233,0.007454437007243547,1.8419818868895617,True
multicopter,hover_climb,4.915383908425441,4.828235890452078,0.007462203891980343,2.4461248274056717,True
multicopter,hover_climb,4.915383908425441,4.813424646760562,0.007467592847035627,2.8642047141765645,True
multicopter,hover_climb,4.915383908425441,4.808144486536238,0.0074695189456643754,3.013415698213939,True
multicopter,hover_descent,2.8118119639751376,2.7504663813928754,0.004272887556261289,3.013415698213939,True
multicopter,hover_descent,2.8118119639751376,2.753486861169645,0.004271785744628869,3.2742543600072276,True
multicopter,hover_descent,2.8118119639751376,2.761959532478547,0.004268703029508328,4.00510804944268,True
multicopter,hover_descent,2.8118119639751376,2.774227574655138,0.004264260035871899,5.061222229995322,True
multicopter,hover_descent,2.8118119639751376,2.787878239915203,0.004259344743548408,6.233420535816279,True
multicopter,hover_descent,2.8118119639751376,2.800207857711057,0.004254930609319968,7.289534716368921,True
multicopter,hover_descent,2.8118119639751376,2.8087573125484258,0.004251883881822129,8.020388405804374,True
multicopter,hover_descent,2.8118119639751376,2.8118119642055457,0.004250798086377542,8.281227067597662,True
