eVTOL_type,mission_segment,velocity_kts,equivalent_airspeed_kts,Mach,time_min,fesibility
multicopter,hover_climb,4.360520110793247,4.36052011115056,0.006592080402263563,0.0,True
multicopter,hover_climb,4.360520110793247,4.355782998515366,0.0065937642392103375,0.16819765790833885,True
multicopter,hover_climb,4.360520110793247,4.342524619138545,0.006598489063166081,0.6394770226757066,True
multicopter,hover_climb,4.360520110793247,4.32340401397503,0.006605334443056862,1.320495436247821,True
multicopter,hover_climb,4.360520110793247,4.302234746202206,0.006612957012169453,2.076368849673992,True
multicopter,hover_climb,4.360520110793247,4.2832096316794495,0.006619847146841326,2.7573872632461063,True
multicopter,hover_climb,4.360520110793247,4.270070327164087,0.006624627779917503,3.2286666280134737,True
multicopter,hover_climb,4.360520110793247,4.265386207820549,0.0066263364545525874,3.396864285921813,True
multicopter,hover_descent,2.8665441849261732,2.8040045040104236,0.004356059770059541,3.396864285921813,True
multicopter,hover_descent,2.8665441849261732,2.807083777749463,0.004354936511545721,3.6527226375057165,True
multicopter,hover_descent,2.8665441849261732,2.815721370512597,0.004351793791045278,4.369621807829477,True
multicopter,hover_descent,2.8665441849261732,2.828228211443745,0.004347264314061987,5.405571124019137,True
multicopter,hover_descent,2.8665441849261732,2.8421445883647296,0.004342253345047118,6.555388118918745,True
multicopter,hover_descent,2.8665441849261732,2.854714203491163,0.004337753289223283,7.591337435108405,True
multicopter,hover_descent,2.8665441849261732,2.863430074382366,0.004334647256848473,8.308236605432166,True
multicopter,hover_descent,2.8665441849261732,2.866544185161066,0.004333540326279296,8.564094957016069,True
