eVTOL_type,mission_segment,velocity_kts,equivalent_airspeed_kts,Mach,time_min,fesibility
multicopter,hover_climb,3.837978062183584,3.837978062498079,0.005802119775898792,0.0,True
multicopter,hover_climb,3.837978062183584,3.833808620800753,0.005803601830584429,0.1910978275577626,True
multicopter,hover_climb,3.837978062183584,3.822139056644314,0.005807760456213729,0.7265420418221834,True
multicopter,hover_climb,3.837978062183584,3.805309765346791,0.005813785521384991,1.5002813493658522,True
multicopter,hover_climb,3.837978062183584,3.7866773125108364,0.005820494641464312,2.359067191039873,True
multicopter,hover_climb,3.837978062183584,3.769932068752383,0.005826559098236495,3.1328064985835415,True
multicopter,hover_climb,3.837978062183584,3.758367310145379,0.00583076684511153,3.6682507128479624,True
multicopter,hover_climb,3.837978062183584,3.754244511299284,0.005832270761066104,3.8593485404057253,True
multicopter,hover_descent,2.8856436474194136,2.822687271621976,0.004385083707884769,3.8593485404057253,True
multicopter,hover_descent,2.8856436474194136,2.8257870622166763,0.004383952965225416,4.113513419895793,True
multicopter,hover_descent,2.8856436474194136,2.8344822062919013,0.004380789305130656,4.825667586855302,True
multicopter,hover_descent,2.8856436474194136,2.8470723789018457,0.004376229648750093,5.854760174520235,True
multicopter,hover_descent,2.8856436474194136,2.861081479081883,0.004371185292210532,6.996966774911215,True
multicopter,hover_descent,2.8856436474194136,2.8737348441445376,0.004366655253019311,8.026059362576147,True
multicopter,hover_descent,2.8856436474194136,2.8825087879062226,0.004363528525499051,8.738213529535656,True
multicopter,hover_descent,2.8856436474194136,2.8856436476558716,0.004362414219575607,8.992378409025724,True
