eVTOL_type,mission_segment,altitude_ft,air_speed_mph,pitch_angle_deg,range_nmi,time_min,fesibility
multicopter,hover_climb,0.0,5.627147720551072,0.0,0.0,0.0,True
multicopter,hover_climb,74.27334907318564,5.627147720551072,0.0,0.0,0.14998990115270236,True
multicopter,hover_climb,282.3826486059498,5.627147720551072,0.0,0.0,0.5702522651820967,True
multicopter,hover_climb,583.1092995327641,5.627147720551072,0.0,0.0,1.1775489767125102,True
multicopter,hover_climb,916.8907004672358,5.627147720551072,0.0,0.0,1.8515974740199528,True
multicopter,hover_climb,1217.61735139405,5.627147720551072,0.0,0.0,2.4588941855503657,True
multicopter,hover_climb,1425.7266509268143,5.627147720551072,0.0,0.0,2.8791565495797604,True
multicopter,hover_climb,1500.0,5.627147720551072,0.0,0.0,3.029146450732463,True
multicopter,hover_descent,1500.0,3.352443515837358,0.0,0.0,3.029146450732463,True
multicopter,hover_descent,1425.7266509268143,3.352443515837358,0.0,0.0,3.2809076888830466,True
multicopter,hover_descent,1217.6173513940503,3.352443515837358,0.0,0.0,3.9863270024701163,True
multicopter,hover_descent,916.890700467236,3.352443515837358,0.0,0.0,5.00568744503762,True
multicopter,hover_descent,583.1092995327642,3.352443515837358,0.0,0.0,6.137092179299656,True
multicopter,hover_descent,282.38264860594995,3.352443515837358,0.0,0.0,7.156452621867159,True
multicopter,hover_descent,74.27334907318571,3.352443515837358,0.0,0.0,7.8618719354542295,True
multicopter,hover_descent,-0.0,3.352443515837358,0.0,0.0,8.113633173604814,True
