eVTOL_type,mission_segment,altitude_ft,air_speed_mph,pitch_angle_deg,range_nmi,time_min,fesibility
multicopter,hover_climb,0.0,5.13961445096476,0.0,0.0,0.0,True
multicopter,hover_climb,74.27334907318564,5.13961445096476,0.0,0.0,0.16421763508324622,True
multicopter,hover_climb,282.3826486059498,5.13961445096476,0.0,0.0,0.6243452237076224,True
multicopter,hover_climb,583.1092995327641,5.13961445096476,0.0,0.0,1.2892488538515245,True
multicopter,hover_climb,916.8907004672358,5.13961445096476,0.0,0.0,2.0272362070570686,True
multicopter,hover_climb,1217.61735139405,5.13961445096476,0.0,0.0,2.692139837200971,True
multicopter,hover_climb,1425.7266509268143,5.13961445096476,0.0,0.0,3.1522674258253476,True
multicopter,hover_climb,1500.0,5.13961445096476,0.0,0.0,3.3164850609085934,True
multicopter,hover_descent,1500.0,3.397132935340695,0.0,0.0,3.3164850609085934,True
multicopter,hover_descent,1425.7266509268143,3.397132935340695,0.0,0.0,3.5649343699117058,True
multicopter,hover_descent,1217.6173513940503,3.397132935340695,0.0,0.0,4.261073864242162,True
multicopter,hover_descent,916.890700467236,3.397132935340695,0.0,0.0,5.267024579457199,True
multicopter,hover_descent,583.1092995327642,3.397132935340695,0.0,0.0,6.383545639232581,True
multicopter,hover_descent,282.38264860594995,3.397132935340695,0.0,0.0,7.389496354447617,True
multicopter,hover_descent,74.27334907318571,3.397132935340695,0.0,0.0,8.085635848778075,True
multicopter,hover_descent,-0.0,3.397132935340695,0.0,0.0,8.334085157781185,True
