eVTOL_type,mission_segment,altitude_ft,air_speed_mph,pitch_angle_deg,range_nmi,time_min,fesibility
multicopter,hover_climb,0.0,5.1566503929772445,0.0,0.0,0.0,True
multicopter,hover_climb,74.27334907318564,5.1566503929772445,0.0,0.0,0.16367511195379078,True
multicopter,hover_climb,282.3826486059498,5.1566503929772445,0.0,0.0,0.6222825845491987,True
multicopter,hover_climb,583.1092995327641,5.1566503929772445,0.0,0.0,1.2849895833871572,True
multicopter,hover_climb,916.8907004672358,5.1566503929772445,0.0,0.0,2.020538859779839,True
multicopter,hover_climb,1217.61735139405,5.1566503929772445,0.0,0.0,2.6832458586177967,True
multicopter,hover_climb,1425.7266509268143,5.1566503929772445,0.0,0.0,3.141853331213205,True
multicopter,hover_climb,1500.0,5.1566503929772445,0.0,0.0,3.305528443166996,True
multicopter,hover_descent,1500.0,3.3003601362007546,0.0,0.0,3.305528443166996,True
multicopter,hover_descent,1425.7266509268143,3.3003601362007546,0.0,0.0,3.5612627556498477,True
multicopter,hover_descent,1217.6173513940503,3.3003601362007546,0.0,0.0,4.277814376135654,True
multicopter,hover_descent,916.890700467236,3.3003601362007546,0.0,0.0,5.313261468258288,True
multicopter,hover_descent,583.1092995327642,3.3003601362007546,0.0,0.0,6.46252103649764,True
multicopter,hover_descent,282.38264860594995,3.3003601362007546,0.0,0.0,7.497968128620273,True
multicopter,hover_descent,74.27334907318571,3.3003601362007546,0.0,0.0,8.21451974910608,True
multicopter,hover_descent,-0.0,3.3003601362007546,0.0,0.0,8.470254061588932,True
