eVTOL_type,mission_segment,altitude_ft,air_speed_mph,pitch_angle_deg,range_nmi,time_min,fesibility
multicopter,hover_climb,0.0,4.115428717808209,0.0,0.0,0.0,True
multicopter,hover_climb,74.27334907318564,4.115428717808209,0.0,0.0,0.20508563949240616,True
multicopter,hover_climb,282.3826486059498,4.115428717808209,0.0,0.0,0.7797228318578461,True
multicopter,hover_climb,583.1092995327641,4.115428717808209,0.0,0.0,1.61009763368567,True
multicopter,hover_climb,916.8907004672358,4.115428717808209,0.0,0.0,2.53174413159525,True
multicopter,hover_climb,1217.61735139405,4.115428717808209,0.0,0.0,3.362118933423074,True
multicopter,hover_climb,1425.7266509268143,4.115428717808209,0.0,0.0,3.936756125788514,True
multicopter,hover_climb,1500.0,4.115428717808209,0.0,0.0,4.141841765280921,True
multicopter,hover_descent,1500.0,3.224049404487077,0.0,0.0,4.141841765280921,True
multicopter,hover_descent,1425.7266509268143,3.224049404487077,0.0,0.0,4.40362910923491,True
multicopter,hover_descent,1217.6173513940503,3.224049404487077,0.0,0.0,5.137140947015709,True
multicopter,hover_descent,916.890700467236,3.224049404487077,0.0,0.0,6.197096263218502,True
multicopter,hover_descent,583.1092995327642,3.224049404487077,0.0,0.0,7.373557907970464,True
multicopter,hover_descent,282.38264860594995,3.224049404487077,0.0,0.0,8.433513224173257,True
multicopter,hover_descent,74.27334907318571,3.224049404487077,0.0,0.0,9.167025061954059,True
multicopter,hover_descent,-0.0,3.224049404487077,0.0,0.0,9.428812405908047,True
