eVTOL_type,mission_segment,velocity_kts,equivalent_airspeed_kts,Mach,time_min,fesibility
multicopter,hover_climb,4.780085549332798,4.780085549724492,0.0072263646240053,0.0,True
multicopter,hover_climb,4.780085549332798,4.774892636246807,0.007228210478273186,0.15343433968457032,True
multicopter,hover_climb,4.780085549332798,4.760358547180266,0.007233389920665411,0.5833478060150659,True
multicopter,hover_climb,4.780085549332798,4.7393981740792706,0.0072408939570336,1.2045907644420781,True
multicopter,hover_climb,4.780085549332798,4.716192017841082,0.007249249963092075,1.8941184280042525,True
multicopter,hover_climb,4.780085549332798,4.6953363234069405,0.007256803060507325,2.5153613864312647,True
multicopter,hover_climb,4.780085549332798,4.680932766481082,0.007262043681924833,2.9452748527617607,True
multicopter,hover_climb,4.780085549332798,4.675797945263315,0.007263916763741715,3.098709192446331,True
multicopter,hover_descent,2.9342154904865874,2.8701994179355177,0.004458894484169039,3.098709192446331,True
multicopter,hover_descent,2.9342154904865874,2.873351384945847,0.004457744708579184,3.348666727015821,True
multicopter,hover_descent,2.9342154904865874,2.8821928877628546,0.004454527797002114,4.049032175474817,True
multicopter,hover_descent,2.9342154904865874,2.894994981165148,0.004449891391396346,5.061089571337472,True
multicopter,hover_descent,2.9342154904865874,2.9092398858652846,0.004444762127042741,6.184388535283768,True
multicopter,hover_descent,2.9342154904865874,2.922106235390745,0.004440155837149918,7.196445931146422,True
multicopter,hover_descent,2.9342154904865874,2.9310278642693555,0.0044369764798052646,7.89681137960542,True
multicopter,hover_descent,2.9342154904865874,2.9342154907270253,0.004435843417618382,8.14676891417491,True
