eVTOL_type,mission_segment,altitude_ft,air_speed_mph,pitch_angle_deg,range_nmi,time_min,fesibility
multicopter,hover_climb,0.0,5.403477957484218,0.0,0.0,0.0,True
multicopter,hover_climb,74.27334907318564,5.403477957484218,0.0,0.0,0.15619853305926523,True
multicopter,hover_climb,282.3826486059498,5.403477957484218,0.0,0.0,0.5938570971153802,True
multicopter,hover_climb,583.1092995327641,5.403477957484218,0.0,0.0,1.2262920460269875,True
multicopter,hover_climb,916.8907004672358,5.403477957484218,0.0,0.0,1.9282418818565024,True
multicopter,hover_climb,1217.61735139405,5.403477957484218,0.0,0.0,2.56067683076811,True
multicopter,hover_climb,1425.7266509268143,5.403477957484218,0.0,0.0,2.998335394824225,True
multicopter,hover_climb,1500.0,5.403477957484218,0.0,0.0,3.1545339278834903,True
multicopter,hover_descent,1500.0,3.163023460428759,0.0,0.0,3.1545339278834903,True
multicopter,hover_descent,1425.7266509268143,3.163023460428759,0.0,0.0,3.42137207844931,True
multicopter,hover_descent,1217.6173513940503,3.163023460428759,0.0,0.0,4.169035961872054,True
multicopter,hover_descent,916.890700467236,3.163023460428759,0.0,0.0,5.249441576544065,True
multicopter,hover_descent,583.1092995327642,3.163023460428759,0.0,0.0,6.448601340174241,True
multicopter,hover_descent,282.38264860594995,3.163023460428759,0.0,0.0,7.5290069548462535,True
multicopter,hover_descent,74.27334907318571,3.163023460428759,0.0,0.0,8.276670838268997,True
multicopter,hover_descent,-0.0,3.163023460428759,0.0,0.0,8.543508988834818,True
