eVTOL_type,mission_segment,velocity_kts,equivalent_airspeed_kts,Mach,time_min,fesibility
multicopter,hover_climb,3.470752236697522,3.4707522369819257,0.00524696073388457,0.0,True
multicopter,hover_climb,3.470752236697522,3.4669817362489064,0.005248300982456016,0.2113170920536536,True
multicopter,hover_climb,3.470752236697522,3.4564287405722713,0.005252061702025181,0.8034144264993304,True
multicopter,hover_climb,3.470752236697522,3.441209711316101,0.005257510276269378,1.6590198646527998,True
multicopter,hover_climb,3.470752236697522,3.4243600508157592,0.005263577453607105,2.6086702561756923,True
multicopter,hover_climb,3.470752236697522,3.4092170272530784,0.005269061650380871,3.4642756943291615,True
multicopter,hover_climb,3.470752236697522,3.3987588091101406,0.005272866791171508,4.056373028774838,True
multicopter,hover_climb,3.470752236697522,3.3950304883420963,0.005274226809279629,4.267690120828492,True
multicopter,hover_descent,2.769126435788903,2.7087121276403385,0.004208021745689251,4.267690120828492,True
multicopter,hover_descent,2.769126435788903,2.7116867541465846,0.00420693666042833,4.532549558237563,True
multicopter,hover_descent,2.769126435788903,2.720030803607866,0.004203900743360024,5.274669210598078,True
multicopter,hover_descent,2.769126435788903,2.7321126072070454,0.004199525197878923,6.347063179259789,True
multicopter,hover_descent,2.769126435788903,2.745556044578409,0.004194684523578154,7.537330686680319,True
multicopter,hover_descent,2.769126435788903,2.75769848903028,0.004190337399396417,8.60972465534203,True
multicopter,hover_descent,2.769126435788903,2.7661181563853727,0.004187336923630255,9.351844307702544,True
multicopter,hover_descent,2.769126435788903,2.7691264360158137,0.0041862676114187754,9.616703745111614,True
