eVTOL_type,mission_segment,velocity_kts,equivalent_airspeed_kts,Mach,time_min,fesibility
multicopter,hover_climb,4.647272803361451,4.647272803742261,0.007025583002170455,0.0,True
multicopter,hover_climb,4.647272803361451,4.642224173267767,0.00702737757012318,0.15781928475710155,True
multicopter,hover_climb,4.647272803361451,4.628093907994587,0.007032413103800882,0.6000190941557537,True
multicopter,hover_climb,4.647272803361451,4.607715910392815,0.007039708643549997,1.2390163327197905,True
multicopter,hover_climb,4.647272803361451,4.585154527831087,0.007047832481355722,1.948249760564763,True
multicopter,hover_climb,4.647272803361451,4.5648783004416975,0.007055175719010523,2.5872469991288,True
multicopter,hover_climb,4.647272803361451,4.550874940526401,0.007060270731879006,3.029446808527452,True
multicopter,hover_climb,4.647272803361451,4.545882788241851,0.007062091770874277,3.187266093284554,True
multicopter,hover_descent,2.684181160110926,2.6256201115298,0.004078937149685724,3.187266093284554,True
multicopter,hover_descent,2.684181160110926,2.628503488873369,0.004077885350325161,3.460507438092787,True
multicopter,hover_descent,2.684181160110926,2.6365915776198925,0.004074942562558923,4.22611267309304,True
multicopter,hover_descent,2.684181160110926,2.6483027617615584,0.004070701240604899,5.332444291961491,True
multicopter,hover_descent,2.684181160110926,2.6613338104175455,0.004066009058047819,6.5603797493143565,True
multicopter,hover_descent,2.684181160110926,2.673103775202891,0.004061795285545967,7.666711368182807,True
multicopter,hover_descent,2.684181160110926,2.6812651622009183,0.004058886851890207,8.43231660318306,True
multicopter,hover_descent,2.684181160110926,2.6841811603308754,0.004057850341727567,8.705557947991291,True
