eVTOL_type,mission_segment,altitude_ft,air_speed_mph,pitch_angle_deg,range_nmi,time_min,fesibility
multicopter,hover_climb,0.0,5.199338294855701,0.0,0.0,0.0,True
multicopter,hover_climb,74.27334907318564,5.199338294855701,0.0,0.0,0.16233129727530723,True
multicopter,hover_climb,282.3826486059498,5.199338294855701,0.0,0.0,0.6171734848131437,True
multicopter,hover_climb,583.1092995327641,5.199338294855701,0.0,0.0,1.2744394890982853,True
multicopter,hover_climb,916.8907004672358,5.199338294855701,0.0,0.0,2.0039497171435094,True
multicopter,hover_climb,1217.61735139405,5.199338294855701,0.0,0.0,2.6612157214286514,True
multicopter,hover_climb,1425.7266509268143,5.199338294855701,0.0,0.0,3.116057908966488,True
multicopter,hover_climb,1500.0,5.199338294855701,0.0,0.0,3.2783892062417954,True
multicopter,hover_descent,1500.0,3.183744840603965,0.0,0.0,3.2783892062417954,True
multicopter,hover_descent,1425.7266509268143,3.183744840603965,0.0,0.0,3.543490642642395,True
multicopter,hover_descent,1217.6173513940503,3.183744840603965,0.0,0.0,4.2862883611093014,True
multicopter,hover_descent,916.890700467236,3.183744840603965,0.0,0.0,5.359662163683961,True
multicopter,hover_descent,583.1092995327642,3.183744840603965,0.0,0.0,6.551017204700662,True
multicopter,hover_descent,282.38264860594995,3.183744840603965,0.0,0.0,7.62439100727532,True
multicopter,hover_descent,74.27334907318571,3.183744840603965,0.0,0.0,8.367188725742228,True
multicopter,hover_descent,-0.0,3.183744840603965,0.0,0.0,8.632290162142827,True
