eVTOL_type,mission_segment,velocity_kts,equivalent_airspeed_kts,Mach,time_min,fesibility
multicopter,hover_climb,4.216579039304646,4.216579039650165,0.006374475370677501,0.0,True
multicopter,hover_climb,4.216579039304646,4.2119982994318255,0.0063761036240498,0.17393940990101392,True
multicopter,hover_climb,4.216579039304646,4.1991775800784,0.0063806724812388495,0.6613068062462906,True
multicopter,hover_climb,4.216579039304646,4.180688147418351,0.0063872918946643485,1.3655730990207837,True
multicopter,hover_climb,4.216579039304646,4.16021767864391,0.006394662842241507,2.147249711681245,True
multicopter,hover_climb,4.216579039304646,4.141820584471941,0.006401325533089669,2.8515160044557377,True
multicopter,hover_climb,4.216579039304646,4.129115009310533,0.006405948357136214,3.3388834008010146,True
multicopter,hover_climb,4.216579039304646,4.124585513071614,0.006407600628303007,3.5128228107020285,True
multicopter,hover_descent,2.751751444443963,2.6917162082177297,0.004181618349850866,3.5128228107020285,True
multicopter,hover_descent,2.751751444443963,2.6946721703144587,0.004180540072999547,3.779354612249183,True
multicopter,hover_descent,2.751751444443963,2.7029638647134004,0.004177523204910769,4.526160124796203,True
multicopter,hover_descent,2.751751444443963,2.7149698605667676,0.004173175113959689,5.6053253576145945,True
multicopter,hover_descent,2.751751444443963,2.7283289465683436,0.004168364812657781,6.8031084012516505,True
multicopter,hover_descent,2.751751444443963,2.7403952027810172,0.004164044964675519,7.882273634070044,True
multicopter,hover_descent,2.751751444443963,2.7487620406063593,0.004161063315511058,8.629079146617062,True
multicopter,hover_descent,2.751751444443963,2.7517514446694498,0.00416000071274057,8.895610948164217,True
