eVTOL_type,mission_segment,altitude_ft,air_speed_mph,pitch_angle_deg,range_nmi,time_min,fesibility
multicopter,hover_climb,0.0,4.231507780608106,0.0,0.0,0.0,True
multicopter,hover_climb,74.27334907318564,4.231507780608106,0.0,0.0,0.1994597136852758,True
multicopter,hover_climb,282.3826486059498,4.231507780608106,0.0,0.0,0.7583334122328789,True
multicopter,hover_climb,583.1092995327641,4.231507780608106,0.0,0.0,1.5659293055093466,True
multicopter,hover_climb,916.8907004672358,4.231507780608106,0.0,0.0,2.4622931223376274,True
multicopter,hover_climb,1217.61735139405,4.231507780608106,0.0,0.0,3.2698890156140954,True
multicopter,hover_climb,1425.7266509268143,4.231507780608106,0.0,0.0,3.8287627141616984,True
multicopter,hover_climb,1500.0,4.231507780608106,0.0,0.0,4.028222427846974,True
multicopter,hover_descent,1500.0,3.311019164515403,0.0,0.0,4.028222427846974,True
multicopter,hover_descent,1425.7266509268143,3.311019164515403,0.0,0.0,4.283133465337341,True
multicopter,hover_descent,1217.6173513940503,3.311019164515403,0.0,0.0,4.997378320554763,True
multicopter,hover_descent,916.890700467236,3.311019164515403,0.0,0.0,6.029492040285131,True
multicopter,hover_descent,583.1092995327642,3.311019164515403,0.0,0.0,7.175051844291757,True
multicopter,hover_descent,282.38264860594995,3.311019164515403,0.0,0.0,8.207165564022125,True
multicopter,hover_descent,74.27334907318571,3.311019164515403,0.0,0.0,8.921410419239548,True
multicopter,hover_descent,-0.0,3.311019164515403,0.0,0.0,9.176321456729914,True
