eVTOL_type,mission_segment,velocity_kts,equivalent_airspeed_kts,Mach,time_min,fesibility
multicopter,hover_climb,4.236557743322984,4.236557743670139,0.0064046784702792925,0.0,True
multicopter,hover_climb,4.236557743322984,4.2319552993043965,0.006406314438529433,0.17311914868941744,True
multicopter,hover_climb,4.236557743322984,4.219073833702679,0.006410904943562536,0.6581882241927048,True
multicopter,hover_climb,4.236557743322984,4.2004967956878785,0.006417555720636237,1.3591333471246274,True
multicopter,hover_climb,4.236557743322984,4.179929335149984,0.006424961592728887,2.1371237393607325,True
multicopter,hover_climb,4.236557743322984,4.161445073135118,0.006431655852279349,2.838068862292655,True
multicopter,hover_climb,4.236557743322984,4.148679297293687,0.00643630057987199,3.3231379377959427,True
multicopter,hover_climb,4.236557743322984,4.144128339708055,0.006437960679716081,3.49625708648536,True
multicopter,hover_descent,2.9086934267117845,2.8452341715763265,0.004420110628736797,3.49625708648536,True
multicopter,hover_descent,2.9086934267117845,2.8483587225010565,0.004418970853995899,3.748407850523343,True
multicopter,hover_descent,2.9086934267117845,2.8571233211508376,0.004415781923397969,4.454918591393389,True
multicopter,hover_descent,2.9086934267117845,2.8698140608215033,0.0044111858456549425,5.475856192080573,True
multicopter,hover_descent,2.9086934267117845,2.8839350620907562,0.00440610119609271,6.6090114397908195,True
multicopter,hover_descent,2.9086934267117845,2.896689498979193,0.004401534972113516,7.629949040478004,True
multicopter,hover_descent,2.9086934267117845,2.9055335267470617,0.004398383269097992,8.33645978134805,True
multicopter,hover_descent,2.9086934267117845,2.9086934269501312,0.004397260062385422,8.588610545386032,True
