eVTOL_type,mission_segment,velocity_kts,equivalent_airspeed_kts,Mach,time_min,fesibility
multicopter,hover_climb,4.313466273587622,4.31346627394108,0.006520946071905417,0.0,True
multicopter,hover_climb,4.313466273587622,4.308780278906789,0.0065226117387744125,0.1700324572811885,True
multicopter,hover_climb,4.313466273587622,4.2956649690741875,0.006527285577734882,0.6464528156489746,True
multicopter,hover_climb,4.313466273587622,4.2767506920136915,0.00653405708997162,1.3349001802163645,True
multicopter,hover_climb,4.313466273587622,4.255809859210604,0.006541597404876686,2.0990191071779485,True
multicopter,hover_climb,4.313466273587622,4.236990042363085,0.0065484131889511675,2.7874664717453386,True
multicopter,hover_climb,4.313466273587622,4.223992522469729,0.006553142234802704,3.2638868301131247,True
multicopter,hover_climb,4.313466273587622,4.2193589488829915,0.006554832471339563,3.433919287394313,True
multicopter,hover_descent,2.9392275310620195,2.8751021103208982,0.004466510884582943,3.433919287394313,True
multicopter,hover_descent,2.9392275310620195,2.878259461321122,0.004465359145019437,3.683450588440826,True
multicopter,hover_descent,2.9392275310620195,2.8871160666317977,0.004462136738518288,4.382621757107527,True
multicopter,hover_descent,2.9392275310620195,2.899940027757096,0.004457492413298881,5.392953368668312,True
multicopter,hover_descent,2.9392275310620195,2.9142092646988766,0.00445235438746162,6.514336856549505,True
multicopter,hover_descent,2.9392275310620195,2.927097591705571,0.004447740229396906,7.52466846811029,True
multicopter,hover_descent,2.9392275310620195,2.9360344599441004,0.0044445554412759275,8.223839636776992,True
multicopter,hover_descent,2.9392275310620195,2.9392275313028686,0.004443420443664168,8.473370937823503,True
