eVTOL_type,mission_segment,velocity_kts,equivalent_airspeed_kts,Mach,time_min,fesibility
multicopter,hover_climb,4.336740044495798,4.336740044851163,0.006556130537334393,0.0,True
multicopter,hover_climb,4.336740044495798,4.332028766026995,0.006557805191488013,0.16911995240030697,True
multicopter,hover_climb,4.336740044495798,4.318842691130505,0.006562504248648958,0.6429835289082452,True
multicopter,hover_climb,4.336740044495798,4.299826360055144,0.006569312297307798,1.327736236641035,True
multicopter,hover_climb,4.336740044495798,4.278772538737862,0.006576893296792398,2.0877544038913527,True
multicopter,hover_climb,4.336740044495798,4.259851177545711,0.006583745856162442,2.7725071116241424,True
multicopter,hover_climb,4.336740044495798,4.246783528136743,0.006588500418089168,3.246370688132081,True
multicopter,hover_climb,4.336740044495798,4.242124953605682,0.006590199774478935,3.415490640532388,True
multicopter,hover_descent,2.949909574782643,2.885551102826289,0.004482743538926146,3.415490640532388,True
multicopter,hover_descent,2.949909574782643,2.8887199285970326,0.004481587613591976,3.6641183531129253,True
multicopter,hover_descent,2.949909574782643,2.897608721495823,0.004478353495888899,4.360757723159173,True
multicopter,hover_descent,2.949909574782643,2.910479288782762,0.00447369229178396,5.367430779712279,True
multicopter,hover_descent,2.949909574782643,2.9248003844565607,0.004468535592803483,6.484753577887072,True
multicopter,hover_descent,2.949909574782643,2.9377355515500185,0.004463904665489822,7.491426634440178,True
multicopter,hover_descent,2.949909574782643,2.9467048990764693,0.004460708302883511,8.188066004486425,True
multicopter,hover_descent,2.949909574782643,2.949909575024367,0.004459569180346415,8.436693717066964,True
