eVTOL_type,mission_segment,altitude_ft,air_speed_mph,pitch_angle_deg,range_nmi,time_min,fesibility
multicopter,hover_climb,0.0,5.109192414398129,0.0,0.0,0.0,True
multicopter,hover_climb,74.27334907318564,5.109192414398129,0.0,0.0,0.16519544811007786,True
multicopter,hover_climb,282.3826486059498,5.109192414398129,0.0,0.0,0.6280628079528952,True
multicopter,hover_climb,583.1092995327641,5.109192414398129,0.0,0.0,1.2969255222159468,True
multicopter,hover_climb,916.8907004672358,5.109192414398129,0.0,0.0,2.0393071272765715,True
multicopter,hover_climb,1217.61735139405,5.109192414398129,0.0,0.0,2.7081698415396227,True
multicopter,hover_climb,1425.7266509268143,5.109192414398129,0.0,0.0,3.17103720138244,True
multicopter,hover_climb,1500.0,5.109192414398129,0.0,0.0,3.3362326494925183,True
multicopter,hover_descent,1500.0,3.1454065495554433,0.0,0.0,3.3362326494925183,True
multicopter,hover_descent,1425.7266509268143,3.1454065495554433,0.0,0.0,3.6045653171714864,True
multicopter,hover_descent,1217.6173513940503,3.1454065495554433,0.0,0.0,4.356416744490366,True
multicopter,hover_descent,916.890700467236,3.1454065495554433,0.0,0.0,5.442873535416015,True
multicopter,hover_descent,583.1092995327642,3.1454065495554433,0.0,0.0,6.648749597987491,True
multicopter,hover_descent,282.38264860594995,3.1454065495554433,0.0,0.0,7.7352063889131415,True
multicopter,hover_descent,74.27334907318571,3.1454065495554433,0.0,0.0,8.48705781623202,True
multicopter,hover_descent,-0.0,3.1454065495554433,0.0,0.0,8.755390483910988,True
