eVTOL_type,mission_segment,velocity_kts,equivalent_airspeed_kts,Mach,time_min,fesibility
multicopter,hover_climb,3.57444838665436,3.5744483869472603,0.005403724913512742,0.0,True
multicopter,hover_climb,3.57444838665436,3.57056523443654,0.00540510520487819,0.20518670031325179,True
multicopter,hover_climb,3.57444838665436,3.5596969454322487,0.005408978283991856,0.7801070588062304,True
multicopter,hover_climb,3.57444838665436,3.544023215110627,0.005414589646050724,1.6108910475439226,True
multicopter,hover_climb,3.57444838665436,3.5266701349471092,0.005420838093294259,2.532991708659853,True
multicopter,hover_climb,3.57444838665436,3.511074681151711,0.005426486142181993,3.363775697397545,True
multicopter,hover_climb,3.57444838665436,3.5003040013627453,0.005430404969696177,3.938696055890524,True
multicopter,hover_climb,3.57444838665436,3.4964642890337125,0.005431805621255512,4.143882756203776,True
multicopter,hover_descent,2.9138486453452965,2.850276918289787,0.004427944605486009,4.143882756203776,True
multicopter,hover_descent,2.9138486453452965,2.8534070070078785,0.004426802810666979,4.3955874118554155,True
multicopter,hover_descent,2.9138486453452965,2.8621871395815366,0.004423608228172467,5.100848184803508,True
multicopter,hover_descent,2.9138486453452965,2.8749003716665023,0.004419004004577628,6.119979529509922,True
multicopter,hover_descent,2.9138486453452965,2.8890464002721528,0.0044139103432440175,7.2511299843298485,True
multicopter,hover_descent,2.9138486453452965,2.9018234424685607,0.004409336026324288,8.270261329036263,True
multicopter,hover_descent,2.9138486453452965,2.910683144936392,0.004406178737392433,8.975522101984355,True
multicopter,hover_descent,2.9138486453452965,2.9138486455840655,0.004405053539966053,9.227226757635995,True
