eVTOL_type,mission_segment,altitude_ft,air_speed_mph,pitch_angle_deg,range_nmi,time_min,fesibility
multicopter,hover_climb,0.0,4.978943562170925,0.0,0.0,0.0,True
multicopter,hover_climb,74.27334907318564,4.978943562170925,0.0,0.0,0.1695169507021086,True
multicopter,hover_climb,282.3826486059498,4.978943562170925,0.0,0.0,0.6444928917329152,True
multicopter,hover_climb,583.1092995327641,4.978943562170925,0.0,0.0,1.3308530127736309,True
multicopter,hover_climb,916.8907004672358,4.978943562170925,0.0,0.0,2.0926552741976656,True
multicopter,hover_climb,1217.61735139405,4.978943562170925,0.0,0.0,2.7790153952383814,True
multicopter,hover_climb,1425.7266509268143,4.978943562170925,0.0,0.0,3.253991336269188,True
multicopter,hover_climb,1500.0,4.978943562170925,0.0,0.0,3.423508286971297,True
multicopter,hover_descent,1500.0,3.234422749575194,0.0,0.0,3.423508286971297,True
multicopter,hover_descent,1425.7266509268143,3.234422749575194,0.0,0.0,3.6844560342897203,True
multicopter,hover_descent,1217.6173513940503,3.234422749575194,0.0,0.0,4.415615374574478,True
multicopter,hover_descent,916.890700467236,3.234422749575194,0.0,0.0,5.472171233401331,True
multicopter,hover_descent,583.1092995327642,3.234422749575194,0.0,0.0,6.644859765122367,True
multicopter,hover_descent,282.38264860594995,3.234422749575194,0.0,0.0,7.701415623949219,True
multicopter,hover_descent,74.27334907318571,3.234422749575194,0.0,0.0,8.432574964233975,True
multicopter,hover_descent,-0.0,3.234422749575194,0.0,0.0,8.6935227115524,True
