eVTOL_type,mission_segment,altitude_ft,air_speed_mph,pitch_angle_deg,range_nmi,time_min,fesibility
multicopter,hover_climb,0.0,4.792148575289264,0.0,0.0,0.0,True
multicopter,hover_climb,74.27334907318564,4.792148575289264,0.0,0.0,0.17612461657163103,True
multicopter,hover_climb,282.3826486059498,4.792148575289264,0.0,0.0,0.6696148259478424,True
multicopter,hover_climb,583.1092995327641,4.792148575289264,0.0,0.0,1.382728839901437,True
multicopter,hover_climb,916.8907004672358,4.792148575289264,0.0,0.0,2.1742256821994657,True
multicopter,hover_climb,1217.61735139405,4.792148575289264,0.0,0.0,2.887339696153061,True
multicopter,hover_climb,1425.7266509268143,4.792148575289264,0.0,0.0,3.380829905529272,True
multicopter,hover_climb,1500.0,4.792148575289264,0.0,0.0,3.556954522100903,True
multicopter,hover_descent,1500.0,3.0967068479559496,0.0,0.0,3.556954522100903,True
multicopter,hover_descent,1425.7266509268143,3.0967068479559496,0.0,0.0,3.829507066405903,True
multicopter,hover_descent,1217.6173513940503,3.0967068479559496,0.0,0.0,4.593182325283702,True
multicopter,hover_descent,916.890700467236,3.0967068479559496,0.0,0.0,5.696725047851135,True
multicopter,hover_descent,583.1092995327642,3.0967068479559496,0.0,0.0,6.921565063840406,True
multicopter,hover_descent,282.38264860594995,3.0967068479559496,0.0,0.0,8.02510778640784,True
multicopter,hover_descent,74.27334907318571,3.0967068479559496,0.0,0.0,8.788783045285639,True
multicopter,hover_descent,-0.0,3.0967068479559496,0.0,0.0,9.06133558959064,True
