eVTOL_type,mission_segment,velocity_kts,equivalent_airspeed_kts,Mach,time_min,fesibility
multicopter,hover_climb,3.6640444673501555,3.664044467650398,0.0055391731060832694,0.0,True
multicopter,hover_climb,3.6640444673501555,3.6600639811714486,0.005540587995429493,0.20016931465573945,True
multicopter,hover_climb,3.6640444673501555,3.6489232708049433,0.005544558156014555,0.7610312709398482,True
multicopter,hover_climb,3.6640444673501555,3.6328566673306573,0.005550310170838118,1.5715002798897681,True
multicopter,hover_climb,3.6640444673501555,3.6150686199211566,0.005556715239837766,2.471053014532869,True
multicopter,hover_climb,3.6640444673501555,3.5990822550296695,0.005562504861071546,3.281522023482789,True
multicopter,hover_climb,3.6640444673501555,3.5880416005226126,0.005566521916773191,3.842383979766898,True
multicopter,hover_climb,3.6640444673501555,3.584105643084274,0.005567957676655982,4.042553294422637,True
multicopter,hover_descent,2.881789170373904,2.8189168880873186,0.004379226364927749,4.042553294422637,True
multicopter,hover_descent,2.881789170373904,2.8220125381597807,0.0043780971326494965,4.297058126850221,True
multicopter,hover_descent,2.881789170373904,2.830696067760961,0.004374937698390184,5.0101648207737535,True
multicopter,hover_descent,2.881789170373904,2.843269423141457,0.004370384132536727,6.040633849782013,True
multicopter,hover_descent,2.881789170373904,2.857259810770095,0.004365346513958907,7.184368184806637,True
multicopter,hover_descent,2.881789170373904,2.8698962741944527,0.004360822525733851,8.214837213814898,True
multicopter,hover_descent,2.881789170373904,2.878658498225998,0.0043576999747166265,8.927943907738431,True
multicopter,hover_descent,2.881789170373904,2.8817891706100456,0.004356587157219034,9.182448740166013,True
