eVTOL_type,mission_segment,velocity_kts,equivalent_airspeed_kts,Mach,time_min,fesibility
multicopter,hover_climb,3.990061387923254,3.9900613882502114,0.006032033980086962,0.0,True
multicopter,hover_climb,3.990061387923254,3.985726728683076,0.006033574762519832,0.18381403156290024,True
multicopter,hover_climb,3.990061387923254,3.973594747572166,0.006037898177422537,0.698849502969412,True
multicopter,hover_climb,3.990061387923254,3.956098580500759,0.006044161991209398,1.4430973226119395,True
multicopter,hover_climb,3.990061387923254,3.9367277999964148,0.006051136966194066,2.2691500822097703,True
multicopter,hover_climb,3.990061387923254,3.9193190109232554,0.006057441732509392,3.013397901852297,True
multicopter,hover_climb,3.990061387923254,3.9072959883757505,0.006061816215131286,3.5284333732588093,True
multicopter,hover_climb,3.990061387923254,3.9030098199246943,0.006063379725105497,3.71224740482171,True
multicopter,hover_descent,2.907936490869206,2.8444937498786604,0.004418960373391104,3.71224740482171,True
multicopter,hover_descent,2.907936490869206,2.847617487694465,0.0044178208952563545,3.9644638037013173,True
multicopter,hover_descent,2.907936490869206,2.856379805512996,0.0044146327945210175,4.671158449310896,True
multicopter,hover_descent,2.907936490869206,2.86906724264389,0.004410037912825656,5.692361800046414,True
multicopter,hover_descent,2.907936490869206,2.8831845691731735,0.004404954586453232,6.825812008057509,True
multicopter,hover_descent,2.907936490869206,2.895935686945768,0.004400389550752791,7.847015358793028,True
multicopter,hover_descent,2.907936490869206,2.904777413212369,0.004397238667912042,8.553710004402607,True
multicopter,hover_descent,2.907936490869206,2.9079364911074905,0.004396115753494085,8.805926403282212,True
