eVTOL_type,mission_segment,velocity_kts,equivalent_airspeed_kts,Mach,time_min,fesibility
multicopter,hover_climb,4.491049603899059,4.491049604267069,0.006789410283001961,0.0,True
multicopter,hover_climb,4.491049603899059,4.486170689072696,0.0067911445245742285,0.16330910022923875,True
multicopter,hover_climb,4.491049603899059,4.472515428246992,0.006796010783235073,0.6208910307618773,True
multicopter,hover_climb,4.491049603899059,4.452822459503798,0.006803061075371311,1.2821160783818286,True
multicopter,hover_climb,4.491049603899059,4.431019502693521,0.006810911821411688,2.0160205130149307,True
multicopter,hover_climb,4.491049603899059,4.411424883044807,0.00681800820803592,2.6772455606348813,True
multicopter,hover_climb,4.491049603899059,4.3978922615134515,0.006822931946428964,3.1348274911675205,True
multicopter,hover_climb,4.491049603899059,4.393067925932395,0.006824691769190494,3.298136591396759,True
multicopter,hover_descent,2.6738565097270484,2.615520715075016,0.004063247597641265,3.298136591396759,True
multicopter,hover_descent,2.6738565097270484,2.6183930015639736,0.0040621998440063915,3.5724330120272385,True
multicopter,hover_descent,2.6738565097270484,2.6264499796351735,0.004059268375615794,4.340994503787973,True
multicopter,hover_descent,2.6738565097270484,2.638116116935873,0.004055043367823793,5.451598037447623,True
multicopter,hover_descent,2.6738565097270484,2.6510970419178297,0.004050369233655233,6.684274962506409,True
multicopter,hover_descent,2.6738565097270484,2.662821733763612,0.004046171669346972,7.79487849616606,True
multicopter,hover_descent,2.6738565097270484,2.6709517281460236,0.00404327442292444,8.563439987926794,True
multicopter,hover_descent,2.6738565097270484,2.6738565099461518,0.004042241899677887,8.837736408557275,True
