eVTOL_type,mission_segment,velocity_kts,equivalent_airspeed_kts,Mach,time_min,fesibility
multicopter,hover_climb,3.646676130855881,3.6466761311547002,0.0055129162679734235,0.0,True
multicopter,hover_climb,3.646676130855881,3.6427145130135106,0.005514324450448459,0.20112267818132162,True
multicopter,hover_climb,3.646676130855881,3.63162661194235,0.005518275791642656,0.7646558997036992,True
multicopter,hover_climb,3.646676130855881,3.6156361675261612,0.005524000540713889,1.578984998763217,True
multicopter,hover_climb,3.646676130855881,3.597932439178762,0.005530375248347935,2.4828221102001407,True
multicopter,hover_climb,3.646676130855881,3.582021852997722,0.0055361374255671406,3.2971512092596584,True
multicopter,hover_climb,3.646676130855881,3.5710335335003256,0.005540135439585267,3.860684430782036,True
multicopter,hover_climb,3.646676130855881,3.5671162333227886,0.005541564393666167,4.061807108963357,True
multicopter,hover_descent,2.751712019940221,2.691677643842325,0.004181558439560416,4.061807108963357,True
multicopter,hover_descent,2.751712019940221,2.694633563588812,0.004180480178157633,4.328342729181918,True
multicopter,hover_descent,2.751712019940221,2.702925139192164,0.004177463353291701,5.075158941408449,True
multicopter,hover_descent,2.751712019940221,2.714930963034927,0.004173115324635974,6.154339635711711,True
multicopter,hover_descent,2.751712019940221,2.7282898576400973,0.004168305092251533,7.352139840302291,True
multicopter,hover_descent,2.751712019940221,2.7403559409788127,0.004163985306159986,8.431320534605552,True
multicopter,hover_descent,2.751712019940221,2.748722658931981,0.004161003699713787,9.178136746832084,True
multicopter,hover_descent,2.751712019940221,2.751712020165704,0.0041599411121672715,9.444672367050646,True
