eVTOL_type,mission_segment,velocity_kts,equivalent_airspeed_kts,Mach,time_min,fesibility
multicopter,hover_climb,4.0996379484685415,4.099637948804478,0.006197687956898144,0.0,True
multicopter,hover_climb,4.0996379484685415,4.095184249192511,0.006199271052875376,0.17890098567645804,True
multicopter,hover_climb,4.0996379484685415,4.0827190950715915,0.0062037131990177255,0.6801704084160067,True
multicopter,hover_climb,4.0996379484685415,4.06474244170586,0.006210149032005278,1.4045257113790495,True
multicopter,hover_climb,4.0996379484685415,4.044839693570851,0.006217315556365859,2.2084994431789533,True
multicopter,hover_climb,4.0996379484685415,4.026952817810687,0.006223793466535555,2.9328547461419965,True
multicopter,hover_climb,4.0996379484685415,4.014599614514059,0.006228288082837929,3.434124168881545,True
multicopter,hover_climb,4.0996379484685415,4.010195737699366,0.0062298945305087556,3.613025154558003,True
multicopter,hover_descent,2.7864181162532593,2.72562655378417,0.0042342985405921865,3.613025154558003,True
multicopter,hover_descent,2.7864181162532593,2.7286197552064553,0.004233206679567123,3.876240953227815,True
multicopter,hover_descent,2.7864181162532593,2.7370159086941896,0.0042301518048567304,4.61375523218077,True
multicopter,hover_descent,2.7864181162532593,2.7491731565506523,0.004225748936486599,5.679494243451185,True
multicopter,hover_descent,2.7864181162532593,2.76270054083768,0.004220878034821647,6.862375305425726,True
multicopter,hover_descent,2.7864181162532593,2.774918808215801,0.004216503765226354,7.928114316696139,True
multicopter,hover_descent,2.7864181162532593,2.783391051789747,0.004213484553129659,8.665628595649093,True
multicopter,hover_descent,2.7864181162532593,2.7864181164815864,0.0042124085636481064,8.928844394318906,True
