eVTOL_type,mission_segment,velocity_kts,equivalent_airspeed_kts,Mach,time_min,fesibility
multicopter,hover_climb,4.594555904423127,4.594555904799618,0.006945887454958264,0.0,True
multicopter,hover_climb,4.594555904423127,4.589564544073158,0.006947661666013212,0.15963006766150573,True
multicopter,hover_climb,4.594555904423127,4.575594567166489,0.0069526400785079705,0.6069035780113583,True
multicopter,hover_climb,4.594555904423127,4.555447729835611,0.00695985286042299,1.2532325268751479,True
multicopter,hover_climb,4.594555904423127,4.533142275035117,0.006967884544495824,1.970603539226033,True
multicopter,hover_climb,4.594555904423127,4.513096053473957,0.0069751444832495905,2.6169324880898226,True
multicopter,hover_climb,4.594555904423127,4.499251542358953,0.006980181700225763,3.0642059984396752,True
multicopter,hover_climb,4.594555904423127,4.494316019155286,0.006981982082045797,3.223836066101181,True
multicopter,hover_descent,2.705675094515184,2.6466451106194264,0.004111599776499934,3.223836066101181,True
multicopter,hover_descent,2.705675094515184,2.649551576987091,0.004110539554717369,3.494906776470067,True
multicopter,hover_descent,2.705675094515184,2.6577044321702314,0.004107573202190244,4.254430028924074,True
multicopter,hover_descent,2.705675094515184,2.6695093951624,0.004103297917291684,5.351972928373287,True
multicopter,hover_descent,2.705675094515184,2.682644791657942,0.0040985681614643665,6.570153643101471,True
multicopter,hover_descent,2.705675094515184,2.694509005987542,0.004094320646623847,7.667696542550685,True
multicopter,hover_descent,2.705675094515184,2.702735746367595,0.0040913889233022685,8.427219795004692,True
multicopter,hover_descent,2.705675094515184,2.705675094736895,0.004090344113147893,8.698290505373576,True
