eVTOL_type,mission_segment,altitude_ft,air_speed_mph,pitch_angle_deg,range_nmi,time_min,fesibility
multicopter,hover_climb,0.0,5.164127285891223,0.0,0.0,0.0,True
multicopter,hover_climb,74.27334907318564,5.164127285891223,0.0,0.0,0.1634381345872364,True
multicopter,hover_climb,282.3826486059498,5.164127285891223,0.0,0.0,0.6213816113567641,True
multicopter,hover_climb,583.1092995327641,5.164127285891223,0.0,0.0,1.283129108426206,True
multicopter,hover_climb,916.8907004672358,5.164127285891223,0.0,0.0,2.017613418200507,True
multicopter,hover_climb,1217.61735139405,5.164127285891223,0.0,0.0,2.6793609152699487,True
multicopter,hover_climb,1425.7266509268143,5.164127285891223,0.0,0.0,3.1373043920394768,True
multicopter,hover_climb,1500.0,5.164127285891223,0.0,0.0,3.3007425266267134,True
multicopter,hover_descent,1500.0,3.2748178721429655,0.0,0.0,3.3007425266267134,True
multicopter,hover_descent,1425.7266509268143,3.2748178721429655,0.0,0.0,3.558471464030126,True
multicopter,hover_descent,1217.6173513940503,3.2748178721429655,0.0,0.0,4.280611899349629,True
multicopter,hover_descent,916.890700467236,3.2748178721429655,0.0,0.0,5.324135062898963,True
multicopter,hover_descent,583.1092995327642,3.2748178721429655,0.0,0.0,6.482358394165449,True
multicopter,hover_descent,282.38264860594995,3.2748178721429655,0.0,0.0,7.525881557714784,True
multicopter,hover_descent,74.27334907318571,3.2748178721429655,0.0,0.0,8.248021993034287,True
multicopter,hover_descent,-0.0,3.2748178721429655,0.0,0.0,8.5057509304377,True
