eVTOL_type,mission_segment,altitude_ft,air_speed_mph,pitch_angle_deg,range_nmi,time_min,fesibility
multicopter,hover_climb,0.0,4.742584948817384,0.0,0.0,0.0,True
multicopter,hover_climb,74.27334907318564,4.742584948817384,0.0,0.0,0.177965253018309,True
multicopter,hover_climb,282.3826486059498,4.742584948817384,0.0,0.0,0.6766128111123649,True
multicopter,hover_climb,583.1092995327641,4.742584948817384,0.0,0.0,1.397179409890671,True
multicopter,hover_climb,916.8907004672358,4.742584948817384,0.0,0.0,2.1969479972957884,True
multicopter,hover_climb,1217.61735139405,4.742584948817384,0.0,0.0,2.917514596074094,True
multicopter,hover_climb,1425.7266509268143,4.742584948817384,0.0,0.0,3.41616215416815,True
multicopter,hover_climb,1500.0,4.742584948817384,0.0,0.0,3.594127407186459,True
multicopter,hover_descent,1500.0,3.072023186070822,0.0,0.0,3.594127407186459,True
multicopter,hover_descent,1425.7266509268143,3.072023186070822,0.0,0.0,3.8688699072444166,True
multicopter,hover_descent,1217.6173513940503,3.072023186070822,0.0,0.0,4.638681285786172,True
multicopter,hover_descent,916.890700467236,3.072023186070822,0.0,0.0,5.751090958174543,True
multicopter,hover_descent,583.1092995327642,3.072023186070822,0.0,0.0,6.985772545983695,True
multicopter,hover_descent,282.38264860594995,3.072023186070822,0.0,0.0,8.098182218372067,True
multicopter,hover_descent,74.27334907318571,3.072023186070822,0.0,0.0,8.86799359691382,True
multicopter,hover_descent,-0.0,3.072023186070822,0.0,0.0,9.14273609697178,True
