eVTOL_type,mission_segment,velocity_kts,equivalent_airspeed_kts,Mach,time_min,fesibility
multicopter,hover_climb,3.5220888739771024,3.522088874265713,0.005324569650236356,0.0,True
multicopter,hover_climb,3.5220888739771024,3.5182626032514137,0.005325929722710543,0.20823701392561808,True
multicopter,hover_climb,3.5220888739771024,3.50755351596284,0.0053297460678857055,0.791704161235125,True
multicopter,hover_climb,3.5220888739771024,3.4921093787959374,0.005335275233154726,1.634838617648908,True
multicopter,hover_climb,3.5220888739771024,3.4750104913700195,0.005341432151407695,2.5706472637086963,True
multicopter,hover_climb,3.5220888739771024,3.4596434841130455,0.0053469974661067236,3.413781720122479,True
multicopter,hover_climb,3.5220888739771024,3.4490305762329037,0.005350858889547128,3.997248867431986,True
multicopter,hover_climb,3.5220888739771024,3.4452471090764463,0.005352239023973427,4.205485881357605,True
multicopter,hover_descent,2.939084586027523,2.874962283932503,0.004466293662355086,4.205485881357605,True
multicopter,hover_descent,2.939084586027523,2.878119481379576,0.00446514197880475,4.455029318584411,True
multicopter,hover_descent,2.939084586027523,2.886975655962199,0.004461919729020632,5.154234492072647,True
multicopter,hover_descent,2.939084586027523,2.899798993412894,0.004457275629671191,6.164615242024261,True
multicopter,hover_descent,2.939084586027523,2.914067536391194,0.004452137853714307,7.286053269404631,True
multicopter,hover_descent,2.939084586027523,2.9269552365929443,0.004447523920052426,8.296434019356244,True
multicopter,hover_descent,2.939084586027523,2.9358916701999505,0.004444339286818962,8.995639192844479,True
multicopter,hover_descent,2.939084586027523,2.9390845862683603,0.004443204344406152,9.245182630071287,True
