eVTOL_type,mission_segment,altitude_ft,air_speed_mph,pitch_angle_deg,range_nmi,time_min,fesibility
multicopter,hover_climb,0.0,4.7923432067581135,0.0,0.0,0.0,True
multicopter,hover_climb,74.27334907318564,4.7923432067581135,0.0,0.0,0.17611746362132158,True
multicopter,hover_climb,282.3826486059498,4.7923432067581135,0.0,0.0,0.6695876308761384,True
multicopter,hover_climb,583.1092995327641,4.7923432067581135,0.0,0.0,1.3826726831251963,True
multicopter,hover_climb,916.8907004672358,4.7923432067581135,0.0,0.0,2.1741373803563215,True
multicopter,hover_climb,1217.61735139405,4.7923432067581135,0.0,0.0,2.887222432605379,True
multicopter,hover_climb,1425.7266509268143,4.7923432067581135,0.0,0.0,3.3806925998601964,True
multicopter,hover_climb,1500.0,4.7923432067581135,0.0,0.0,3.556810063481518,True
multicopter,hover_descent,1500.0,3.077197005423856,0.0,0.0,3.556810063481518,True
multicopter,hover_descent,1425.7266509268143,3.077197005423856,0.0,0.0,3.8310906275433743,True
multicopter,hover_descent,1217.6173513940503,3.077197005423856,0.0,0.0,4.599607690186125,True
multicopter,hover_descent,916.890700467236,3.077197005423856,0.0,0.0,5.710147021910133,True
multicopter,hover_descent,583.1092995327642,3.077197005423856,0.0,0.0,6.942752688196358,True
multicopter,hover_descent,282.38264860594995,3.077197005423856,0.0,0.0,8.053292019920367,True
multicopter,hover_descent,74.27334907318571,3.077197005423856,0.0,0.0,8.821809082563117,True
multicopter,hover_descent,-0.0,3.077197005423856,0.0,0.0,9.096089646624973,True
