eVTOL_type,mission_segment,velocity_kts,equivalent_airspeed_kts,Mach,time_min,fesibility
multicopter,hover_climb,3.965145874831141,3.965145875156057,0.00599436758676835,0.0,True
multicopter,hover_climb,3.965145874831141,3.960838282908618,0.005995898747949528,0.18496905108916534,True
multicopter,hover_climb,3.965145874831141,3.9487820586607767,0.006000195165748645,0.7032408152919107,True
multicopter,hover_climb,3.965145874831141,3.9313951445399753,0.006006419865817886,1.4521652135218195,True
multicopter,hover_climb,3.965145874831141,3.9121453228100305,0.0060133512863146275,2.283408583754477,True
multicopter,hover_climb,3.965145874831141,3.8948452410648793,0.006019616683188634,3.032332981984385,True
multicopter,hover_climb,3.965145874831141,3.8828972950003076,0.006023963849820011,3.550604746187131,True
multicopter,hover_climb,3.965145874831141,3.8786378910713415,0.006025517596622821,3.7355737972762966,True
multicopter,hover_descent,2.690235357332152,2.631542223725298,0.0040881372328709295,3.7355737972762966,True
multicopter,hover_descent,2.690235357332152,2.634432104555055,0.00408708306116648,4.008200230461295,True
multicopter,hover_descent,2.690235357332152,2.6425384360659425,0.004084133635913256,4.772082521380218,True
multicopter,hover_descent,2.690235357332152,2.65427603489956,0.004079882747615511,5.875924413915079,True
multicopter,hover_descent,2.690235357332152,2.667336475214998,0.004075179981794149,7.101096483516948,True
multicopter,hover_descent,2.690235357332152,2.679132987272621,0.004070956705086637,8.204938376051809,True
multicopter,hover_descent,2.690235357332152,2.6873127823599448,0.004068041711429929,8.968820666970734,True
multicopter,hover_descent,2.690235357332152,2.6902353575525972,0.004067002863408341,9.241447100155732,True
