segment_type,climb_rate,descend_rate,start_altitude,end_altitude,climb_angle,descent_angle,speed,time_required
hover_climb,2.4045280293374756,,0.0,15.24,,,,
second_climb,2.54,,15.24,91.44,,,36.20582610088889,
departure_terminal_procedures,,,91.44,91.44,,,36.59472368775366,52.25581402887483
accel_climb,2.54,,91.44,457.20000000000005,,,42.22229028022804,
cruise_0,,,457.20000000000005,457.20000000000005,,,45.48632,812.7765444976922
decel_descend,,2.54,457.20000000000005,91.44,,,42.97951020114581,
arrival_terminal_procedure,,,91.44,91.44,,,36.96425487193638,48.76627299509575
second_descent,,2.54,91.44,15.24,,,39.03826786042539,
hover_descent,,1.4318988311796448,15.24,0.0,,,,
