eVTOL_type,mission_segment,velocity_kts,equivalent_airspeed_kts,Mach,time_min,fesibility
multicopter,hover_climb,3.893342725030146,3.893342725349178,0.005885818119136649,0.0,False
multicopter,hover_climb,3.893342725030146,3.8891131374680823,0.00588732155316752,0.18838035120372187,False
multicopter,hover_climb,3.893342725030146,3.87727523428661,0.005891540168953652,0.7162103659255987,False
multicopter,hover_climb,3.893342725030146,3.8602031724407575,0.0058976521485617425,1.4789468363396499,False
multicopter,hover_climb,3.893342725030146,3.8413019375918376,0.005904458050895983,2.325520450131443,False
multicopter,hover_climb,3.893342725030146,3.8243151357108656,0.005910609990347613,3.0882569205454935,False
multicopter,hover_climb,3.893342725030146,3.8125835499488323,0.005914878435976863,3.6160869352673704,False
multicopter,hover_climb,3.893342725030146,3.808401277764329,0.005916404046635895,3.804467286471093,False
multicopter,hover_descent,2.83000965162974,2.7682670482775524,0.004300541138409845,3.804467286471093,True
multicopter,hover_descent,2.83000965162974,2.7713070762133913,0.004299432195993363,4.063628688791848,True
multicopter,hover_descent,2.83000965162974,2.779834581568117,0.00429632952993456,4.789782801618471,True
multicopter,hover_descent,2.83000965162974,2.7921820209457024,0.004291857781811174,5.839105897209891,True
multicopter,hover_descent,2.83000965162974,2.8059210315666463,0.004286910678343986,7.003766667380997,True
multicopter,hover_descent,2.83000965162974,2.818330445073033,0.004282467976402988,8.053089762972418,True
multicopter,hover_descent,2.83000965162974,2.826935230889408,0.0042794015308741835,8.779243875799041,True
multicopter,hover_descent,2.83000965162974,2.830009651861639,0.004278308708300255,9.038405278119797,True
