eVTOL_type,mission_segment,altitude_ft,air_speed_mph,pitch_angle_deg,range_nmi,time_min,fesibility
multicopter,hover_climb,0.0,4.265575249753677,0.0,0.0,0.0,True
multicopter,hover_climb,74.27334907318564,4.265575249753677,0.0,0.0,0.19786670752692706,True
multicopter,hover_climb,282.3826486059498,4.265575249753677,0.0,0.0,0.7522769020060832,True
multicopter,hover_climb,583.1092995327641,4.265575249753677,0.0,0.0,1.5534228450260472,True
multicopter,hover_climb,916.8907004672358,4.265575249753677,0.0,0.0,2.4426277571615165,True
multicopter,hover_climb,1217.61735139405,4.265575249753677,0.0,0.0,3.24377370018148,True
multicopter,hover_climb,1425.7266509268143,4.265575249753677,0.0,0.0,3.7981838946606366,True
multicopter,hover_climb,1500.0,4.265575249753677,0.0,0.0,3.9960506021875637,True
multicopter,hover_descent,1500.0,3.2694982712348506,0.0,0.0,3.9960506021875637,True
multicopter,hover_descent,1425.7266509268143,3.2694982712348506,0.0,0.0,4.254198874600729,True
multicopter,hover_descent,1217.6173513940503,3.2694982712348506,0.0,0.0,4.9775142605080065,True
multicopter,hover_descent,916.890700467236,3.2694982712348506,0.0,0.0,6.022735276849403,True
multicopter,hover_descent,583.1092995327642,3.2694982712348506,0.0,0.0,7.182843082543972,True
multicopter,hover_descent,282.38264860594995,3.2694982712348506,0.0,0.0,8.228064098885367,True
multicopter,hover_descent,74.27334907318571,3.2694982712348506,0.0,0.0,8.951379484792646,True
multicopter,hover_descent,-0.0,3.2694982712348506,0.0,0.0,9.209527757205812,True
