eVTOL_type,mission_segment,altitude_ft,air_speed_mph,pitch_angle_deg,range_nmi,time_min,fesibility
multicopter,hover_climb,0.0,3.991946163008932,0.0,0.0,0.0,True
multicopter,hover_climb,74.27334907318564,3.991946163008932,0.0,0.0,0.2114295373515089,True
multicopter,hover_climb,282.3826486059498,3.991946163008932,0.0,0.0,0.8038419365204602,True
multicopter,hover_climb,583.1092995327641,3.991946163008932,0.0,0.0,1.6599026563901635,True
multicopter,hover_climb,916.8907004672358,3.991946163008932,0.0,0.0,2.6100583724946853,True
multicopter,hover_climb,1217.61735139405,3.991946163008932,0.0,0.0,3.4661190923643885,True
multicopter,hover_climb,1425.7266509268143,3.991946163008932,0.0,0.0,4.058531491533341,True
multicopter,hover_climb,1500.0,3.991946163008932,0.0,0.0,4.2699610288848495,True
multicopter,hover_descent,1500.0,3.390486619069603,0.0,0.0,4.2699610288848495,True
multicopter,hover_descent,1425.7266509268143,3.390486619069603,0.0,0.0,4.518897369063865,True
multicopter,hover_descent,1217.6173513940503,3.390486619069603,0.0,0.0,5.2164014944245976,True
multicopter,hover_descent,916.890700467236,3.390486619069603,0.0,0.0,6.224324158612635,True
multicopter,hover_descent,583.1092995327642,3.390486619069603,0.0,0.0,7.343033916625275,True
multicopter,hover_descent,282.38264860594995,3.390486619069603,0.0,0.0,8.350956580813314,True
multicopter,hover_descent,74.27334907318571,3.390486619069603,0.0,0.0,9.048460706174046,True
multicopter,hover_descent,-0.0,3.390486619069603,0.0,0.0,9.297397046353062,True
