eVTOL_type,mission_segment,altitude_ft,air_speed_mph,pitch_angle_deg,range_nmi,time_min,fesibility
multicopter,hover_climb,0.0,5.164320660827041,0.0,0.0,0.0,True
multicopter,hover_climb,74.27334907318564,5.164320660827041,0.0,0.0,0.16343201474285385,True
multicopter,hover_climb,282.3826486059498,5.164320660827041,0.0,0.0,0.6213583440894687,True
multicopter,hover_climb,583.1092995327641,5.164320660827041,0.0,0.0,1.283081062414875,True
multicopter,hover_climb,916.8907004672358,5.164320660827041,0.0,0.0,2.017537869858165,True
multicopter,hover_climb,1217.61735139405,5.164320660827041,0.0,0.0,2.6792605881835705,True
multicopter,hover_climb,1425.7266509268143,5.164320660827041,0.0,0.0,3.137186917530186,True
multicopter,hover_climb,1500.0,5.164320660827041,0.0,0.0,3.3006189322730397,True
multicopter,hover_descent,1500.0,3.3414363309849286,0.0,0.0,3.3006189322730397,True
multicopter,hover_descent,1425.7266509268143,3.3414363309849286,0.0,0.0,3.5532095091308444,True
multicopter,hover_descent,1217.6173513940503,3.3414363309849286,0.0,0.0,4.26095257813744,True
multicopter,hover_descent,916.890700467236,3.3414363309849286,0.0,0.0,5.283670944576947,True
multicopter,hover_descent,583.1092995327642,3.3414363309849286,0.0,0.0,6.418802693158381,True
multicopter,hover_descent,282.38264860594995,3.3414363309849286,0.0,0.0,7.441521059597888,True
multicopter,hover_descent,74.27334907318571,3.3414363309849286,0.0,0.0,8.149264128604482,True
multicopter,hover_descent,-0.0,3.3414363309849286,0.0,0.0,8.401854705462288,True
