eVTOL_type,mission_segment,altitude_ft,air_speed_mph,pitch_angle_deg,range_nmi,time_min,fesibility
multicopter,hover_climb,0.0,4.337602446394682,0.0,0.0,0.0,True
multicopter,hover_climb,74.27334907318564,4.337602446394682,0.0,0.0,0.19458107118107065,True
multicopter,hover_climb,282.3826486059498,4.337602446394682,0.0,0.0,0.7397851171966399,True
multicopter,hover_climb,583.1092995327641,4.337602446394682,0.0,0.0,1.527627790244501,True
multicopter,hover_climb,916.8907004672358,4.337602446394682,0.0,0.0,2.4020671866712258,True
multicopter,hover_climb,1217.61735139405,4.337602446394682,0.0,0.0,3.1899098597190867,True
multicopter,hover_climb,1425.7266509268143,4.337602446394682,0.0,0.0,3.7351139057346563,True
multicopter,hover_climb,1500.0,4.337602446394682,0.0,0.0,3.929694976915727,True
multicopter,hover_descent,1500.0,3.0858902085023354,0.0,0.0,3.929694976915727,True
multicopter,hover_descent,1425.7266509268143,3.0858902085023354,0.0,0.0,4.203202870375985,True
multicopter,hover_descent,1217.6173513940503,3.0858902085023354,0.0,0.0,4.969554958102771,True
multicopter,hover_descent,916.890700467236,3.0858902085023354,0.0,0.0,6.076965810430228,True
multicopter,hover_descent,583.1092995327642,3.0858902085023354,0.0,0.0,7.306099126552088,True
multicopter,hover_descent,282.38264860594995,3.0858902085023354,0.0,0.0,8.413509978879546,True
multicopter,hover_descent,74.27334907318571,3.0858902085023354,0.0,0.0,9.179862066606331,True
multicopter,hover_descent,-0.0,3.0858902085023354,0.0,0.0,9.45336996006659,True
