eVTOL_type,mission_segment,altitude_ft,air_speed_mph,pitch_angle_deg,range_nmi,time_min,fesibility
multicopter,hover_climb,0.0,4.033885307295986,0.0,0.0,0.0,True
multicopter,hover_climb,74.27334907318564,4.033885307295986,0.0,0.0,0.2092313653168474,True
multicopter,hover_climb,282.3826486059498,4.033885307295986,0.0,0.0,0.7954846233120898,True
multicopter,hover_climb,583.1092995327641,4.033885307295986,0.0,0.0,1.6426451263153992,True
multicopter,hover_climb,916.8907004672358,4.033885307295986,0.0,0.0,2.582922346965228,True
multicopter,hover_climb,1217.61735139405,4.033885307295986,0.0,0.0,3.4300828499685374,True
multicopter,hover_climb,1425.7266509268143,4.033885307295986,0.0,0.0,4.01633610796378,True
multicopter,hover_climb,1500.0,4.033885307295986,0.0,0.0,4.225567473280628,True
multicopter,hover_descent,1500.0,3.278884481323755,0.0,0.0,4.225567473280628,True
multicopter,hover_descent,1425.7266509268143,3.278884481323755,0.0,0.0,4.482976764515056,True
multicopter,hover_descent,1217.6173513940503,3.278884481323755,0.0,0.0,5.204221571171574,True
multicopter,hover_descent,916.890700467236,3.278884481323755,0.0,0.0,6.246450513804792,True
multicopter,hover_descent,583.1092995327642,3.278884481323755,0.0,0.0,7.403237368227045,True
multicopter,hover_descent,282.38264860594995,3.278884481323755,0.0,0.0,8.445466310860265,True
multicopter,hover_descent,74.27334907318571,3.278884481323755,0.0,0.0,9.166711117516783,True
multicopter,hover_descent,-0.0,3.278884481323755,0.0,0.0,9.424120408751211,True
