eVTOL_type,mission_segment,velocity_kts,equivalent_airspeed_kts,Mach,time_min,fesibility
multicopter,hover_climb,4.0039381782877,4.003938178615794,0.006053012421989193,0.0,True
multicopter,hover_climb,4.0039381782877,3.999588443801372,0.006054558563015011,0.18317697158133658,True
multicopter,hover_climb,4.0039381782877,3.987414269615665,0.006058897014057873,0.696427440585534,True
multicopter,hover_climb,4.0039381782877,3.969857253695324,0.006065182612379444,1.4380958570223925,True
multicopter,hover_climb,4.0039381782877,3.9504191047386885,0.00607218184520284,2.2612856950503875,True
multicopter,hover_climb,4.0039381782877,3.9329497707031886,0.00607850853847917,3.002954111487245,True
multicopter,hover_climb,4.0039381782877,3.9208849340212093,0.006082898234846516,3.516204580491443,True
multicopter,hover_climb,4.0039381782877,3.9165838589671518,0.006084467182456401,3.6993815520727797,True
multicopter,hover_descent,2.8506274138368295,2.7884349907063846,0.0043318723158503455,3.6993815520727797,True
multicopter,hover_descent,2.8506274138368295,2.7914971664723724,0.004330755294340906,3.956668515054192,True
multicopter,hover_descent,2.8506274138368295,2.800086798144414,0.004327630024107955,4.677570565562433,True
multicopter,hover_descent,2.8506274138368295,2.8125241935999963,0.004323125697495161,5.719304211210904,True
multicopter,hover_descent,2.8506274138368295,2.8263632984569367,0.004318142552383083,6.875541327454192,True
multicopter,hover_descent,2.8506274138368295,2.838863119547855,0.004313667483565837,7.917274973102665,True
multicopter,hover_descent,2.8506274138368295,2.84753059470089,0.0043105786977440585,8.638177023610904,True
multicopter,hover_descent,2.8506274138368295,2.8506274140704178,0.004309477913516731,8.895463986592318,True
