eVTOL_type,mission_segment,altitude_ft,air_speed_mph,pitch_angle_deg,range_nmi,time_min,fesibility
multicopter,hover_climb,0.0,3.992427892178228,0.0,0.0,0.0,True
multicopter,hover_climb,74.27334907318564,3.992427892178228,0.0,0.0,0.2114040261142008,True
multicopter,hover_climb,282.3826486059498,3.992427892178228,0.0,0.0,0.8037449443846514,True
multicopter,hover_climb,583.1092995327641,3.992427892178228,0.0,0.0,1.6597023713632655,True
multicopter,hover_climb,916.8907004672358,3.992427892178228,0.0,0.0,2.6097434410079936,True
multicopter,hover_climb,1217.61735139405,3.992427892178228,0.0,0.0,3.465700867986607,True
multicopter,hover_climb,1425.7266509268143,3.992427892178228,0.0,0.0,4.058041786257059,True
multicopter,hover_climb,1500.0,3.992427892178228,0.0,0.0,4.269445812371259,True
multicopter,hover_descent,1500.0,3.265023544140411,0.0,0.0,4.269445812371259,True
multicopter,hover_descent,1425.7266509268143,3.265023544140411,0.0,0.0,4.527947877966414,True
multicopter,hover_descent,1217.6173513940503,3.265023544140411,0.0,0.0,5.252254570340977,True
multicopter,hover_descent,916.890700467236,3.265023544140411,0.0,0.0,6.298908066031531,True
multicopter,hover_descent,583.1092995327642,3.265023544140411,0.0,0.0,7.460605803853826,True
multicopter,hover_descent,282.38264860594995,3.265023544140411,0.0,0.0,8.507259299544382,True
multicopter,hover_descent,74.27334907318571,3.265023544140411,0.0,0.0,9.231565991918945,True
multicopter,hover_descent,-0.0,3.265023544140411,0.0,0.0,9.4900680575141,True
