eVTOL_type,mission_segment,altitude_ft,air_speed_mph,pitch_angle_deg,range_nmi,time_min,fesibility
multicopter,hover_climb,0.0,4.6861180468904235,0.0,0.0,0.0,False
multicopter,hover_climb,74.27334907318564,4.6861180468904235,0.0,0.0,0.1801097031555094,False
multicopter,hover_climb,282.3826486059498,4.6861180468904235,0.0,0.0,0.684765877011539,False
multicopter,hover_climb,583.1092995327641,4.6861180468904235,0.0,0.0,1.4140151771340965,False
multicopter,hover_climb,916.8907004672358,4.6861180468904235,0.0,0.0,2.2234208359781706,False
multicopter,hover_climb,1217.61735139405,4.6861180468904235,0.0,0.0,2.9526701361007284,False
multicopter,hover_climb,1425.7266509268143,4.6861180468904235,0.0,0.0,3.4573263099567577,False
multicopter,hover_climb,1500.0,4.6861180468904235,0.0,0.0,3.6374360131122674,False
multicopter,hover_descent,1500.0,3.1634851993564803,0.0,0.0,3.6374360131122674,True
multicopter,hover_descent,1425.7266509268143,3.1634851993564803,0.0,0.0,3.904235216266055,True
multicopter,hover_descent,1217.6173513940503,3.1634851993564803,0.0,0.0,4.651789971465314,True
multicopter,hover_descent,916.890700467236,3.1634851993564803,0.0,0.0,5.732037891285419,True
multicopter,hover_descent,583.1092995327642,3.1634851993564803,0.0,0.0,6.931022626834686,True
multicopter,hover_descent,282.38264860594995,3.1634851993564803,0.0,0.0,8.01127054665479,True
multicopter,hover_descent,74.27334907318571,3.1634851993564803,0.0,0.0,8.75882530185405,True
multicopter,hover_descent,-0.0,3.1634851993564803,0.0,0.0,9.025624505007837,True
