eVTOL_type,mission_segment,altitude_ft,air_speed_mph,pitch_angle_deg,range_nmi,time_min,fesibility
multicopter,hover_climb,0.0,4.771064038188646,0.0,0.0,0.0,True
multicopter,hover_climb,74.27334907318564,4.771064038188646,0.0,0.0,0.1769029557393121,True
multicopter,hover_climb,282.3826486059498,4.771064038188646,0.0,0.0,0.6725740230007038,True
multicopter,hover_climb,583.1092995327641,4.771064038188646,0.0,0.0,1.3888394679063516,True
multicopter,hover_climb,916.8907004672358,4.771064038188646,0.0,0.0,2.183834134673488,True
multicopter,hover_climb,1217.61735139405,4.771064038188646,0.0,0.0,2.9000995795791353,True
multicopter,hover_climb,1425.7266509268143,4.771064038188646,0.0,0.0,3.395770646840527,True
multicopter,hover_climb,1500.0,4.771064038188646,0.0,0.0,3.57267360257984,True
multicopter,hover_descent,1500.0,3.137310503874702,0.0,0.0,3.57267360257984,True
multicopter,hover_descent,1425.7266509268143,3.137310503874702,0.0,0.0,3.841698721175757,True
multicopter,hover_descent,1217.6173513940503,3.137310503874702,0.0,0.0,4.595490352849031,True
multicopter,hover_descent,916.890700467236,3.137310503874702,0.0,0.0,5.684750820299087,True
multicopter,hover_descent,583.1092995327642,3.137310503874702,0.0,0.0,6.893738729044486,True
multicopter,hover_descent,282.38264860594995,3.137310503874702,0.0,0.0,7.98299919649454,True
multicopter,hover_descent,74.27334907318571,3.137310503874702,0.0,0.0,8.736790828167814,True
multicopter,hover_descent,-0.0,3.137310503874702,0.0,0.0,9.005815946763732,True
