eVTOL_type,mission_segment,altitude_ft,air_speed_mph,pitch_angle_deg,range_nmi,time_min,fesibility
multicopter,hover_climb,0.0,4.205874917577928,0.0,0.0,0.0,True
multicopter,hover_climb,74.27334907318564,4.205874917577928,0.0,0.0,0.20067532841969532,True
multicopter,hover_climb,282.3826486059498,4.205874917577928,0.0,0.0,0.7629551037638688,True
multicopter,hover_climb,583.1092995327641,4.205874917577928,0.0,0.0,1.5754729206167066,True
multicopter,hover_climb,916.8907004672358,4.205874917577928,0.0,0.0,2.477299660473426,True
multicopter,hover_climb,1217.61735139405,4.205874917577928,0.0,0.0,3.289817477326263,True
multicopter,hover_climb,1425.7266509268143,4.205874917577928,0.0,0.0,3.8520972526704367,True
multicopter,hover_climb,1500.0,4.205874917577928,0.0,0.0,4.0527725810901325,True
multicopter,hover_descent,1500.0,3.289876934463799,0.0,0.0,4.0527725810901325,True
multicopter,hover_descent,1425.7266509268143,3.289876934463799,0.0,0.0,4.3093217916503965,True
multicopter,hover_descent,1217.6173513940503,3.289876934463799,0.0,0.0,5.028156705810143,True
multicopter,hover_descent,916.890700467236,3.289876934463799,0.0,0.0,6.066903252888355,True
multicopter,hover_descent,583.1092995327642,3.289876934463799,0.0,0.0,7.219824939845819,True
multicopter,hover_descent,282.38264860594995,3.289876934463799,0.0,0.0,8.258571486924032,True
multicopter,hover_descent,74.27334907318571,3.289876934463799,0.0,0.0,8.977406401083776,True
multicopter,hover_descent,-0.0,3.289876934463799,0.0,0.0,9.23395561164404,True
