eVTOL_type,mission_segment,altitude_ft,air_speed_mph,pitch_angle_deg,range_nmi,time_min,fesibility
multicopter,hover_climb,0.0,4.716508423180658,0.0,0.0,0.0,True
multicopter,hover_climb,74.27334907318564,4.716508423180658,0.0,0.0,0.17894918330452883,True
multicopter,hover_climb,282.3826486059498,4.716508423180658,0.0,0.0,0.6803536527969454,True
multicopter,hover_climb,583.1092995327641,4.716508423180658,0.0,0.0,1.4049041039720078,True
multicopter,hover_climb,916.8907004672358,4.716508423180658,0.0,0.0,2.209094433946357,True
multicopter,hover_climb,1217.61735139405,4.716508423180658,0.0,0.0,2.9336448851214194,True
multicopter,hover_climb,1425.7266509268143,4.716508423180658,0.0,0.0,3.4350493546138363,True
multicopter,hover_climb,1500.0,4.716508423180658,0.0,0.0,3.613998537918365,True
multicopter,hover_descent,1500.0,3.318650264356649,0.0,0.0,3.613998537918365,True
multicopter,hover_descent,1425.7266509268143,3.318650264356649,0.0,0.0,3.868323417958332,True
multicopter,hover_descent,1217.6173513940503,3.318650264356649,0.0,0.0,4.580925896496354,True
multicopter,hover_descent,916.890700467236,3.318650264356649,0.0,0.0,5.610666313162108,True
multicopter,hover_descent,583.1092995327642,3.318650264356649,0.0,0.0,6.753591949497503,True
multicopter,hover_descent,282.38264860594995,3.318650264356649,0.0,0.0,7.783332366163255,True
multicopter,hover_descent,74.27334907318571,3.318650264356649,0.0,0.0,8.495934844701278,True
multicopter,hover_descent,-0.0,3.318650264356649,0.0,0.0,8.750259724741246,True
