eVTOL_type,mission_segment,altitude_ft,air_speed_mph,pitch_angle_deg,range_nmi,time_min,fesibility
multicopter,hover_climb,0.0,4.134331446425367,0.0,0.0,0.0,True
multicopter,hover_climb,74.27334907318564,4.134331446425367,0.0,0.0,0.20414795990942228,True
multicopter,hover_climb,282.3826486059498,4.134331446425367,0.0,0.0,0.7761578324672058,True
multicopter,hover_climb,583.1092995327641,4.134331446425367,0.0,0.0,1.6027360471725705,True
multicopter,hover_climb,916.8907004672358,4.134331446425367,0.0,0.0,2.5201686512865766,True
multicopter,hover_climb,1217.61735139405,4.134331446425367,0.0,0.0,3.346746865991941,True
multicopter,hover_climb,1425.7266509268143,4.134331446425367,0.0,0.0,3.9187567385497246,True
multicopter,hover_climb,1500.0,4.134331446425367,0.0,0.0,4.1229046984591475,True
multicopter,hover_descent,1500.0,3.3017137692179763,0.0,0.0,4.1229046984591475,True
multicopter,hover_descent,1425.7266509268143,3.3017137692179763,0.0,0.0,4.378534165266931,True
multicopter,hover_descent,1217.6173513940503,3.3017137692179763,0.0,0.0,5.0947920146993315,True
multicopter,hover_descent,916.890700467236,3.3017137692179763,0.0,0.0,6.12981459535021,True
multicopter,hover_descent,583.1092995327642,3.3017137692179763,0.0,0.0,7.278602991402733,True
multicopter,hover_descent,282.38264860594995,3.3017137692179763,0.0,0.0,8.31362557205361,True
multicopter,hover_descent,74.27334907318571,3.3017137692179763,0.0,0.0,9.02988342148601,True
multicopter,hover_descent,-0.0,3.3017137692179763,0.0,0.0,9.285512888293795,True
