eVTOL_type,mission_segment,altitude_ft,air_speed_mph,pitch_angle_deg,range_nmi,time_min,fesibility
multicopter,hover_climb,0.0,4.246824162494265,0.0,0.0,0.0,True
multicopter,hover_climb,74.27334907318564,4.246824162494265,0.0,0.0,0.1987403523392875,True
multicopter,hover_climb,282.3826486059498,4.246824162494265,0.0,0.0,0.7555984451858866,True
multicopter,hover_climb,583.1092995327641,4.246824162494265,0.0,0.0,1.5602817038352004,True
multicopter,hover_climb,916.8907004672358,4.246824162494265,0.0,0.0,2.4534127401192043,True
multicopter,hover_climb,1217.61735139405,4.246824162494265,0.0,0.0,3.2580959987685176,True
multicopter,hover_climb,1425.7266509268143,4.246824162494265,0.0,0.0,3.814954091615117,True
multicopter,hover_climb,1500.0,4.246824162494265,0.0,0.0,4.013694443954405,True
multicopter,hover_descent,1500.0,3.1445472943772574,0.0,0.0,4.013694443954405,True
multicopter,hover_descent,1425.7266509268143,3.1445472943772574,0.0,0.0,4.282100434185904,True
multicopter,hover_descent,1217.6173513940503,3.1445472943772574,0.0,0.0,5.034157306731606,True
multicopter,hover_descent,916.890700467236,3.1445472943772574,0.0,0.0,6.120910974611579,True
multicopter,hover_descent,583.1092995327642,3.1445472943772574,0.0,0.0,7.327116545743116,True
multicopter,hover_descent,282.38264860594995,3.1445472943772574,0.0,0.0,8.413870213623088,True
multicopter,hover_descent,74.27334907318571,3.1445472943772574,0.0,0.0,9.16592708616879,True
multicopter,hover_descent,-0.0,3.1445472943772574,0.0,0.0,9.434333076400291,True
