eVTOL_type,mission_segment,velocity_kts,equivalent_airspeed_kts,Mach,time_min,fesibility
multicopter,hover_climb,3.7928200756161647,3.7928200759269592,0.005733851525622883,0.0,True
multicopter,hover_climb,3.7928200756161647,3.7886996922464093,0.005735316142323076,0.19337307208765625,True
multicopter,hover_climb,3.7928200756161647,3.7771674332055514,0.005739425837198405,0.7351923798585696,True
multicopter,hover_climb,3.7928200756161647,3.7605361568257893,0.0057453800109243105,1.5181439644309778,True
multicopter,hover_climb,3.7928200756161647,3.74212293506444,0.005752010190908219,2.38715466220928,True
multicopter,hover_climb,3.7928200756161647,3.7255747173130302,0.005758003292750014,3.170106246781688,True
multicopter,hover_climb,3.7928200756161647,3.7141460306703182,0.005762161530906191,3.711925554552602,True
multicopter,hover_climb,3.7928200756161647,3.7100717410371202,0.005763647751653713,3.9052986266402585,True
multicopter,hover_descent,2.794230471152135,2.7332684657555846,0.004246170356510243,3.9052986266402585,True
multicopter,hover_descent,2.794230471152135,2.7362700592966465,0.004245075434205259,4.167778503468465,True
multicopter,hover_descent,2.794230471152135,2.744689753304179,0.004242011994461044,4.9032307752428235,True
multicopter,hover_descent,2.794230471152135,2.7568810867611817,0.004237596781651262,5.965990099808229,True
multicopter,hover_descent,2.794230471152135,2.770446398136857,0.004232712223309208,7.145563959046736,True
multicopter,hover_descent,2.794230471152135,2.782698922197581,0.004228325689457412,8.208323283612142,True
multicopter,hover_descent,2.794230471152135,2.7911949196271317,0.004225298012315117,8.943775555386502,True
multicopter,hover_descent,2.794230471152135,2.794230471381102,0.004224219006053115,9.206255432214707,True
