eVTOL_type,mission_segment,altitude_ft,air_speed_mph,pitch_angle_deg,range_nmi,time_min,fesibility
multicopter,hover_climb,0.0,4.006949894270289,0.0,0.0,0.0,True
multicopter,hover_climb,74.27334907318564,4.006949894270289,0.0,0.0,0.21063785488907755,True
multicopter,hover_climb,282.3826486059498,4.006949894270289,0.0,0.0,0.8008320090917677,True
multicopter,hover_climb,583.1092995327641,4.006949894270289,0.0,0.0,1.6536872721119373,True
multicopter,hover_climb,916.8907004672358,4.006949894270289,0.0,0.0,2.600285199525051,True
multicopter,hover_climb,1217.61735139405,4.006949894270289,0.0,0.0,3.4531404625452202,True
multicopter,hover_climb,1425.7266509268143,4.006949894270289,0.0,0.0,4.04333461674791,True
multicopter,hover_climb,1500.0,4.006949894270289,0.0,0.0,4.253972471636988,True
multicopter,hover_descent,1500.0,3.217093921881793,0.0,0.0,4.253972471636988,True
multicopter,hover_descent,1425.7266509268143,3.217093921881793,0.0,0.0,4.516325810044782,True
multicopter,hover_descent,1217.6173513940503,3.217093921881793,0.0,0.0,5.251423529043956,True
multicopter,hover_descent,916.890700467236,3.217093921881793,0.0,0.0,6.313670510004835,True
multicopter,hover_descent,583.1092995327642,3.217093921881793,0.0,0.0,7.492675710743831,True
multicopter,hover_descent,282.38264860594995,3.217093921881793,0.0,0.0,8.55492269170471,True
multicopter,hover_descent,74.27334907318571,3.217093921881793,0.0,0.0,9.290020410703884,True
multicopter,hover_descent,-0.0,3.217093921881793,0.0,0.0,9.552373749111677,True
