segment_type,climb_rate,descend_rate,start_altitude,end_altitude,climb_angle,descent_angle,speed,time_required
hover_climb,1.8412127151054096,,0.0,15.24,,,,
second_climb,2.54,,15.24,91.44,,,33.479532485444395,
departure_terminal_procedures,,,91.44,91.44,,,42.751872551174436,55.224448483332985
accel_climb,2.54,,91.44,457.20000000000005,,,41.432833214010394,
cruise_0,,,457.20000000000005,457.20000000000005,,,45.48632,1241.5366794151078
decel_descend,,2.54,457.20000000000005,91.44,,,41.398789180411285,
arrival_terminal_procedure,,,91.44,91.44,,,37.6977015083084,52.446724266973895
second_descent,,2.54,91.44,15.24,,,34.03374119298754,
hover_descent,,1.4392430377999683,15.24,0.0,,,,
