eVTOL_type,mission_segment,altitude_ft,air_speed_mph,pitch_angle_deg,range_nmi,time_min,fesibility
multicopter,hover_climb,0.0,4.440592830866179,0.0,0.0,0.0,True
multicopter,hover_climb,74.27334907318564,4.440592830866179,0.0,0.0,0.19006816488790226,True
multicopter,hover_climb,282.3826486059498,4.440592830866179,0.0,0.0,0.7226273284624919,True
multicopter,hover_climb,583.1092995327641,4.440592830866179,0.0,0.0,1.4921976169683042,True
multicopter,hover_climb,916.8907004672358,4.440592830866179,0.0,0.0,2.3463561966065543,True
multicopter,hover_climb,1217.61735139405,4.440592830866179,0.0,0.0,3.1159264851123663,True
multicopter,hover_climb,1425.7266509268143,4.440592830866179,0.0,0.0,3.648485648686956,True
multicopter,hover_climb,1500.0,4.440592830866179,0.0,0.0,3.8385538135748583,True
multicopter,hover_descent,1500.0,3.3568829303467336,0.0,0.0,3.8385538135748583,True
multicopter,hover_descent,1425.7266509268143,3.3568829303467336,0.0,0.0,4.0899821022253455,True
multicopter,hover_descent,1217.6173513940503,3.3568829303467336,0.0,0.0,4.7944685120439745,True
multicopter,hover_descent,916.890700467236,3.3568829303467336,0.0,0.0,5.812480869607349,True
multicopter,hover_descent,583.1092995327642,3.3568829303467336,0.0,0.0,6.942389342397813,True
multicopter,hover_descent,282.38264860594995,3.3568829303467336,0.0,0.0,7.960401699961186,True
multicopter,hover_descent,74.27334907318571,3.3568829303467336,0.0,0.0,8.664888109779815,True
multicopter,hover_descent,-0.0,3.3568829303467336,0.0,0.0,8.916316398430302,True
