eVTOL_type,mission_segment,velocity_kts,equivalent_airspeed_kts,Mach,time_min,fesibility
multicopter,hover_climb,3.5104338167306954,3.5104338170183507,0.0053069499460476,0.0,True
multicopter,hover_climb,3.5104338167306954,3.5066202076401733,0.005308305517862345,0.20892838554657184,True
multicopter,hover_climb,3.5104338167306954,3.495946558135788,0.0053121092342472975,0.7943327130902936,True
multicopter,hover_climb,3.5104338167306954,3.4805535276584783,0.005317620102778206,1.6402664760482102,True
multicopter,hover_climb,3.5104338167306954,3.463511222709303,0.005323756646975532,2.5791821179697427,True
multicopter,hover_climb,3.5104338167306954,3.448195066908864,0.00532930354531321,3.4251158809276583,True
multicopter,hover_climb,3.5104338167306954,3.437617278542544,0.005333152190793471,4.01052020847138,True
multicopter,hover_climb,3.5104338167306954,3.4338463313785903,0.0053345277581726795,4.219448594017953,True
multicopter,hover_descent,2.8989941769504655,2.8357465313162264,0.004405371448399993,4.219448594017953,True
multicopter,hover_descent,2.8989941769504655,2.8388606631986706,0.004404235474320857,4.472442986255453,True
multicopter,hover_descent,2.8989941769504655,2.847596035656862,0.004401057177443915,5.181317520812715,True
multicopter,hover_descent,2.8989941769504655,2.860244457133183,0.004396476425656365,6.205670902345036,True
multicopter,hover_descent,2.8989941769504655,2.8743183708967774,0.004391408731227871,7.342617380770154,True
multicopter,hover_descent,2.8989941769504655,2.8870302771878635,0.004386857733654608,8.366970762302476,True
multicopter,hover_descent,2.8989941769504655,2.8958448139019732,0.004383716540221991,9.075845296859738,True
multicopter,hover_descent,2.8989941769504655,2.8989941771880177,0.004382597078923888,9.328839689097238,True
