eVTOL_type,mission_segment,altitude_ft,air_speed_mph,pitch_angle_deg,range_nmi,time_min,fesibility
multicopter,hover_climb,0.0,4.500778856315885,0.0,0.0,0.0,True
multicopter,hover_climb,74.27334907318564,4.500778856315885,0.0,0.0,0.18752650537200108,True
multicopter,hover_climb,282.3826486059498,4.500778856315885,0.0,0.0,0.7129640972374196,True
multicopter,hover_climb,583.1092995327641,4.500778856315885,0.0,0.0,1.4722434164581377,True
multicopter,hover_climb,916.8907004672358,4.500778856315885,0.0,0.0,2.314979881912739,True
multicopter,hover_climb,1217.61735139405,4.500778856315885,0.0,0.0,3.0742592011334566,True
multicopter,hover_climb,1425.7266509268143,4.500778856315885,0.0,0.0,3.5996967929988752,True
multicopter,hover_climb,1500.0,4.500778856315885,0.0,0.0,3.7872232983708765,True
multicopter,hover_descent,1500.0,3.1261542578672086,0.0,0.0,3.7872232983708765,True
multicopter,hover_descent,1425.7266509268143,3.1261542578672086,0.0,0.0,4.057208481684553,True
multicopter,hover_descent,1217.6173513940503,3.1261542578672086,0.0,0.0,4.813690154919331,True
multicopter,hover_descent,916.890700467236,3.1261542578672086,0.0,0.0,5.906837845052186,True
multicopter,hover_descent,583.1092995327642,3.1261542578672086,0.0,0.0,7.120140245475693,True
multicopter,hover_descent,282.38264860594995,3.1261542578672086,0.0,0.0,8.213287935608546,True
multicopter,hover_descent,74.27334907318571,3.1261542578672086,0.0,0.0,8.969769608843327,True
multicopter,hover_descent,-0.0,3.1261542578672086,0.0,0.0,9.239754792157001,True
