eVTOL_type,mission_segment,altitude_ft,air_speed_mph,pitch_angle_deg,range_nmi,time_min,fesibility
multicopter,hover_climb,0.0,4.026161256640547,0.0,0.0,0.0,True
multicopter,hover_climb,74.27334907318564,4.026161256640547,0.0,0.0,0.20963276843048287,True
multicopter,hover_climb,282.3826486059498,4.026161256640547,0.0,0.0,0.7970107329570901,True
multicopter,hover_climb,583.1092995327641,4.026161256640547,0.0,0.0,1.6457964839873365,True
multicopter,hover_climb,916.8907004672358,4.026161256640547,0.0,0.0,2.5878775938555805,True
multicopter,hover_climb,1217.61735139405,4.026161256640547,0.0,0.0,3.4366633448858273,True
multicopter,hover_climb,1425.7266509268143,4.026161256640547,0.0,0.0,4.024041309412435,True
multicopter,hover_climb,1500.0,4.026161256640547,0.0,0.0,4.233674077842918,True
multicopter,hover_descent,1500.0,3.3493175562358846,0.0,0.0,4.233674077842918,True
multicopter,hover_descent,1425.7266509268143,3.3493175562358846,0.0,0.0,4.485670287878508,True
multicopter,hover_descent,1217.6173513940503,3.3493175562358846,0.0,0.0,5.191747978057032,True
multicopter,hover_descent,916.890700467236,3.3493175562358846,0.0,0.0,6.212059802364041,True
multicopter,hover_descent,583.1092995327642,3.3493175562358846,0.0,0.0,7.344520490692192,True
multicopter,hover_descent,282.38264860594995,3.3493175562358846,0.0,0.0,8.3648323149992,True
multicopter,hover_descent,74.27334907318571,3.3493175562358846,0.0,0.0,9.070910005177724,True
multicopter,hover_descent,-0.0,3.3493175562358846,0.0,0.0,9.322906215213315,True
