eVTOL_type,mission_segment,altitude_ft,air_speed_mph,pitch_angle_deg,range_nmi,time_min,fesibility
multicopter,hover_climb,0.0,5.576739591033381,0.0,0.0,0.0,True
multicopter,hover_climb,74.27334907318564,5.576739591033381,0.0,0.0,0.15134565934083932,True
multicopter,hover_climb,282.3826486059498,5.576739591033381,0.0,0.0,0.575406773398201,True
multicopter,hover_climb,583.1092995327641,5.576739591033381,0.0,0.0,1.1881928377647613,True
multicopter,hover_climb,916.8907004672358,5.576739591033381,0.0,0.0,1.8683340570648372,True
multicopter,hover_climb,1217.61735139405,5.576739591033381,0.0,0.0,2.4811201214313976,True
multicopter,hover_climb,1425.7266509268143,5.576739591033381,0.0,0.0,2.9051812354887594,True
multicopter,hover_climb,1500.0,5.576739591033381,0.0,0.0,3.0565268948295987,True
multicopter,hover_descent,1500.0,3.197085680091343,0.0,0.0,3.0565268948295987,True
multicopter,hover_descent,1425.7266509268143,3.197085680091343,0.0,0.0,3.320522112609623,True
multicopter,hover_descent,1217.6173513940503,3.197085680091343,0.0,0.0,4.060220275379488,True
multicopter,hover_descent,916.890700467236,3.197085680091343,0.0,0.0,5.129115090199993,True
multicopter,hover_descent,583.1092995327642,3.197085680091343,0.0,0.0,6.315498829861323,True
multicopter,hover_descent,282.38264860594995,3.197085680091343,0.0,0.0,7.384393644681828,True
multicopter,hover_descent,74.27334907318571,3.197085680091343,0.0,0.0,8.124091807451693,True
multicopter,hover_descent,-0.0,3.197085680091343,0.0,0.0,8.388087025231718,True
