eVTOL_type,mission_segment,velocity_kts,equivalent_airspeed_kts,Mach,time_min,fesibility
multicopter,hover_climb,3.5823931920868333,3.582393192380385,0.005415735589959704,0.0,True
multicopter,hover_climb,3.5823931920868333,3.5785014089180254,0.005417118949252046,0.20473165020459233,True
multicopter,hover_climb,3.5823931920868333,3.56760896333566,0.005421000636927553,0.778376986626436,True
multicopter,hover_climb,3.5823931920868333,3.5519003955442146,0.005426624471170922,1.6073185150888254,True
multicopter,hover_climb,3.5823931920868333,3.5345087452768267,0.005432886806626632,2.5273741995791017,True
multicopter,hover_climb,3.5823931920868333,3.5188786279941895,0.00543854740924144,3.3563157280414906,True
multicopter,hover_climb,3.5823931920868333,3.508084008579849,0.005442474947000887,3.9299610644633347,True
multicopter,hover_climb,3.5823931920868333,3.5042357618521986,0.00544387871174103,4.134692714667927,True
multicopter,hover_descent,2.7107393307696888,2.6515988599255333,0.00411929549454619,4.134692714667927,True
multicopter,hover_descent,2.7107393307696888,2.654510766352274,0.004118233288337039,4.405257007432066,True
multicopter,hover_descent,2.7107393307696888,2.6626788813073206,0.00411526138366138,5.163361309289253,True
multicopter,hover_descent,2.7107393307696888,2.6745059397542206,0.004110978096673867,6.2588537657175625,True
multicopter,hover_descent,2.7107393307696888,2.6876659218887715,0.004106239488120299,7.4747586603880825,True
multicopter,hover_descent,2.7107393307696888,2.6995523425743606,0.004101984023168293,8.570251116816392,True
multicopter,hover_descent,2.7107393307696888,2.7077944810179035,0.004099046812513973,9.32835541867358,True
multicopter,hover_descent,2.7107393307696888,2.7107393309918146,0.004098000046779095,9.598919711437716,True
