eVTOL_type,mission_segment,altitude_ft,air_speed_mph,pitch_angle_deg,range_nmi,time_min,fesibility
multicopter,hover_climb,0.0,5.197038411862436,0.0,0.0,0.0,True
multicopter,hover_climb,74.27334907318564,5.197038411862436,0.0,0.0,0.1624031349182667,True
multicopter,hover_climb,282.3826486059498,5.197038411862436,0.0,0.0,0.6174466070587625,True
multicopter,hover_climb,583.1092995327641,5.197038411862436,0.0,0.0,1.2750034760221132,True
multicopter,hover_climb,916.8907004672358,5.197038411862436,0.0,0.0,2.004836539504356,True
multicopter,hover_climb,1217.61735139405,5.197038411862436,0.0,0.0,2.662393408467706,True
multicopter,hover_climb,1425.7266509268143,5.197038411862436,0.0,0.0,3.1174368806082025,True
multicopter,hover_climb,1500.0,5.197038411862436,0.0,0.0,3.279840015526469,True
multicopter,hover_descent,1500.0,3.3689634991088235,0.0,0.0,3.279840015526469,True
multicopter,hover_descent,1425.7266509268143,3.3689634991088235,0.0,0.0,3.530366722212479,True
multicopter,hover_descent,1217.6173513940503,3.3689634991088235,0.0,0.0,4.23232695550292,True
multicopter,hover_descent,916.890700467236,3.3689634991088235,0.0,0.0,5.246688882217325,True
multicopter,hover_descent,583.1092995327642,3.3689634991088235,0.0,0.0,6.372545682437269,True
multicopter,hover_descent,282.38264860594995,3.3689634991088235,0.0,0.0,7.386907609151674,True
multicopter,hover_descent,74.27334907318571,3.3689634991088235,0.0,0.0,8.088867842442115,True
multicopter,hover_descent,-0.0,3.3689634991088235,0.0,0.0,8.339394549128125,True
