eVTOL_type,mission_segment,altitude_ft,air_speed_mph,pitch_angle_deg,range_nmi,time_min,fesibility
multicopter,hover_climb,0.0,4.225049123574032,0.0,0.0,0.0,True
multicopter,hover_climb,74.27334907318564,4.225049123574032,0.0,0.0,0.1997646194615471,True
multicopter,hover_climb,282.3826486059498,4.225049123574032,0.0,0.0,0.7594926450095496,True
multicopter,hover_climb,583.1092995327641,4.225049123574032,0.0,0.0,1.5683230765704828,True
multicopter,hover_climb,916.8907004672358,4.225049123574032,0.0,0.0,2.4660571275194387,True
multicopter,hover_climb,1217.61735139405,4.225049123574032,0.0,0.0,3.2748875590803714,True
multicopter,hover_climb,1425.7266509268143,4.225049123574032,0.0,0.0,3.834615584628374,True
multicopter,hover_climb,1500.0,4.225049123574032,0.0,0.0,4.0343802040899215,True
multicopter,hover_descent,1500.0,3.277632530092603,0.0,0.0,4.0343802040899215,True
multicopter,hover_descent,1425.7266509268143,3.277632530092603,0.0,0.0,4.2918878174748984,True
multicopter,hover_descent,1217.6173513940503,3.277632530092603,0.0,0.0,5.013408116675309,True
multicopter,hover_descent,916.890700467236,3.277632530092603,0.0,0.0,6.056035157568748,True
multicopter,hover_descent,583.1092995327642,3.277632530092603,0.0,0.0,7.213263867724761,True
multicopter,hover_descent,282.38264860594995,3.277632530092603,0.0,0.0,8.2558909086182,True
multicopter,hover_descent,74.27334907318571,3.277632530092603,0.0,0.0,8.97741120781861,True
multicopter,hover_descent,-0.0,3.277632530092603,0.0,0.0,9.234918821203587,True
