eVTOL_type,mission_segment,altitude_ft,air_speed_mph,pitch_angle_deg,range_nmi,time_min,fesibility
multicopter,hover_climb,0.0,4.514684503935047,0.0,0.0,0.0,True
multicopter,hover_climb,74.27334907318564,4.514684503935047,0.0,0.0,0.18694890631703212,True
multicopter,hover_climb,282.3826486059498,4.514684503935047,0.0,0.0,0.7107681015941679,True
multicopter,hover_climb,583.1092995327641,4.514684503935047,0.0,0.0,1.4677087699859304,True
multicopter,hover_climb,916.8907004672358,4.514684503935047,0.0,0.0,2.307849528849248,True
multicopter,hover_climb,1217.61735139405,4.514684503935047,0.0,0.0,3.06479019724101,True
multicopter,hover_climb,1425.7266509268143,4.514684503935047,0.0,0.0,3.588609392518146,True
multicopter,hover_climb,1500.0,4.514684503935047,0.0,0.0,3.7755582988351786,True
multicopter,hover_descent,1500.0,3.127289420404949,0.0,0.0,3.7755582988351786,True
multicopter,hover_descent,1425.7266509268143,3.127289420404949,0.0,0.0,4.045445481284642,True
multicopter,hover_descent,1217.6173513940503,3.127289420404949,0.0,0.0,4.801652562199841,True
multicopter,hover_descent,916.890700467236,3.127289420404949,0.0,0.0,5.894403454934297,True
multicopter,hover_descent,583.1092995327642,3.127289420404949,0.0,0.0,7.107265443471739,True
multicopter,hover_descent,282.38264860594995,3.127289420404949,0.0,0.0,8.200016336206197,True
multicopter,hover_descent,74.27334907318571,3.127289420404949,0.0,0.0,8.956223417121397,True
multicopter,hover_descent,-0.0,3.127289420404949,0.0,0.0,9.226110599570859,True
