eVTOL_type,mission_segment,altitude_ft,air_speed_mph,pitch_angle_deg,range_nmi,time_min,fesibility
multicopter,hover_climb,0.0,4.72332259673752,0.0,0.0,0.0,True
multicopter,hover_climb,74.27334907318564,4.72332259673752,0.0,0.0,0.1786910195293638,True
multicopter,hover_climb,282.3826486059498,4.72332259673752,0.0,0.0,0.6793721301981276,True
multicopter,hover_climb,583.1092995327641,4.72332259673752,0.0,0.0,1.402877297587488,True
multicopter,hover_climb,916.8907004672358,4.72332259673752,0.0,0.0,2.205907450087408,True
multicopter,hover_climb,1217.61735139405,4.72332259673752,0.0,0.0,2.9294126174767685,True
multicopter,hover_climb,1425.7266509268143,4.72332259673752,0.0,0.0,3.430093728145532,True
multicopter,hover_climb,1500.0,4.72332259673752,0.0,0.0,3.608784747674896,True
multicopter,hover_descent,1500.0,3.2564794043204515,0.0,0.0,3.608784747674896,True
multicopter,hover_descent,1425.7266509268143,3.2564794043204515,0.0,0.0,3.8679650542530166,True
multicopter,hover_descent,1217.6173513940503,3.2564794043204515,0.0,0.0,4.5941721356317196,True
multicopter,hover_descent,916.890700467236,3.2564794043204515,0.0,0.0,5.643571772998579,True
multicopter,hover_descent,583.1092995327642,3.2564794043204515,0.0,0.0,6.8083174981311325,True
multicopter,hover_descent,282.38264860594995,3.2564794043204515,0.0,0.0,7.857717135497992,True
multicopter,hover_descent,74.27334907318571,3.2564794043204515,0.0,0.0,8.583924216876692,True
multicopter,hover_descent,-0.0,3.2564794043204515,0.0,0.0,8.843104523454816,True
