eVTOL_type,mission_segment,velocity_kts,equivalent_airspeed_kts,Mach,time_min,fesibility
multicopter,hover_climb,3.4767356681674078,3.4767356684523016,0.00525600627440009,0.0,True
multicopter,hover_climb,3.4767356681674078,3.472958667533961,0.005257348833503932,0.2109534171990205,True
multicopter,hover_climb,3.4767356681674078,3.4623874789348332,0.005261116036396102,0.8020317573459373,True
multicopter,hover_climb,3.4767356681674078,3.447142212709734,0.005266574003754061,1.6561647060745346,True
multicopter,hover_climb,3.4767356681674078,3.430263504100505,0.00527265164065137,2.604180757635936,True
multicopter,hover_climb,3.4767356681674078,3.4150943745995277,0.0052781452919506465,3.458313706364533,True
multicopter,hover_climb,3.4767356681674078,3.404618126926595,0.005281956992644613,4.04939204651145,True
multicopter,hover_climb,3.4767356681674078,3.400883378689722,0.005283319355366983,4.260345463710471,True
multicopter,hover_descent,2.8993859387434795,2.8361297460030563,0.004405966777714981,4.260345463710471,True
multicopter,hover_descent,2.8993859387434795,2.8392442987203883,0.004404830650123552,4.513305671627974,True
multicopter,hover_descent,2.8993859387434795,2.847980851651864,0.0044016519237406486,5.222084423849063,True
multicopter,hover_descent,2.8993859387434795,2.8606309823997376,0.004397070552923385,6.246299395895407,True
multicopter,hover_descent,2.8993859387434795,2.8747067980718395,0.00439200217366114,7.383092251380924,True
multicopter,hover_descent,2.8993859387434795,2.887420422213635,0.004387450561079063,8.407307223427269,True
multicopter,hover_descent,2.8993859387434795,2.8962361500990603,0.004384308943154538,9.116085975648359,True
multicopter,hover_descent,2.8993859387434795,2.8993859389810632,0.004383189330575632,9.369046183565862,True
