eVTOL_type,mission_segment,velocity_kts,equivalent_airspeed_kts,Mach,time_min,fesibility
multicopter,hover_climb,3.6810666966909897,3.681066696992627,0.005564906711614133,0.0,True
multicopter,hover_climb,3.6810666966909897,3.6770677181743143,0.005566328174180511,0.19924367862091005,True
multicopter,hover_climb,3.6810666966909897,3.6658752508685666,0.00557031677913343,0.7575120603694095,True
multicopter,hover_climb,3.6810666966909897,3.6497340059941816,0.005576095516371628,1.5642332455278218,True
multicopter,hover_climb,3.6810666966909897,3.631863319788884,0.005582530341711416,2.4596262095894676,True
multicopter,hover_climb,3.6810666966909897,3.6158026862655785,0.005588346860069758,3.2663473947478803,True
multicopter,hover_climb,3.6810666966909897,3.604710739653645,0.00559238257800218,3.8246157764963797,True
multicopter,hover_climb,3.6810666966909897,3.60075649674667,0.005593825008064392,4.0238594551172895,True
multicopter,hover_descent,2.7273586429608048,2.667855586921927,0.004144550544729079,4.0238594551172895,True
multicopter,hover_descent,2.7273586429608048,2.670785345999207,0.004143481826224039,4.292775049254711,True
multicopter,hover_descent,2.7273586429608048,2.6790035389720517,0.004140491701053681,5.046259800214728,True
multicopter,hover_descent,2.7273586429608048,2.690903108107973,0.004136182153598096,6.135076812185675,True
multicopter,hover_descent,2.7273586429608048,2.704143772973261,0.004131414493038674,7.343572522482373,True
multicopter,hover_descent,2.7273586429608048,2.716103068292706,0.004127132938193127,8.432389534453318,True
multicopter,hover_descent,2.7273586429608048,2.7243957385857565,0.004124177719750202,9.185874285413338,True
multicopter,hover_descent,2.7273586429608048,2.7273586431842927,0.004123124536383667,9.454789879550757,True
