eVTOL_type,mission_segment,altitude_ft,air_speed_mph,pitch_angle_deg,range_nmi,time_min,fesibility
multicopter,hover_climb,0.0,4.304943075687532,0.0,0.0,0.0,True
multicopter,hover_climb,74.27334907318564,4.304943075687532,0.0,0.0,0.19605725686449735,True
multicopter,hover_climb,282.3826486059498,4.304943075687532,0.0,0.0,0.7453974832515146,True
multicopter,hover_climb,583.1092995327641,4.304943075687532,0.0,0.0,1.5392171101093566,True
multicopter,hover_climb,916.8907004672358,4.304943075687532,0.0,0.0,2.4202904247800006,True
multicopter,hover_climb,1217.61735139405,4.304943075687532,0.0,0.0,3.2141100516378422,True
multicopter,hover_climb,1425.7266509268143,4.304943075687532,0.0,0.0,3.7634502780248593,True
multicopter,hover_climb,1500.0,4.304943075687532,0.0,0.0,3.959507534889357,True
multicopter,hover_descent,1500.0,3.361208185102416,0.0,0.0,3.959507534889357,True
multicopter,hover_descent,1425.7266509268143,3.361208185102416,0.0,0.0,4.210612281723535,True
multicopter,hover_descent,1217.6173513940503,3.361208185102416,0.0,0.0,4.91419214751794,True
multicopter,hover_descent,916.890700467236,3.361208185102416,0.0,0.0,5.930894511011203,True
multicopter,hover_descent,583.1092995327642,3.361208185102416,0.0,0.0,7.059349000077276,True
multicopter,hover_descent,282.38264860594995,3.361208185102416,0.0,0.0,8.076051363570539,True
multicopter,hover_descent,74.27334907318571,3.361208185102416,0.0,0.0,8.779631229364945,True
multicopter,hover_descent,-0.0,3.361208185102416,0.0,0.0,9.030735976199121,True
