eVTOL_type,mission_segment,altitude_ft,air_speed_mph,pitch_angle_deg,range_nmi,time_min,fesibility
multicopter,hover_climb,0.0,4.1841936139243305,0.0,0.0,0.0,True
multicopter,hover_climb,74.27334907318564,4.1841936139243305,0.0,0.0,0.2017151710112938,True
multicopter,hover_climb,282.3826486059498,4.1841936139243305,0.0,0.0,0.7669085205521641,True
multicopter,hover_climb,583.1092995327641,4.1841936139243305,0.0,0.0,1.5836365741044989,True
multicopter,hover_climb,916.8907004672358,4.1841936139243305,0.0,0.0,2.490136324150015,True
multicopter,hover_climb,1217.61735139405,4.1841936139243305,0.0,0.0,3.3068643777023494,True
multicopter,hover_climb,1425.7266509268143,4.1841936139243305,0.0,0.0,3.8720577272432197,True
multicopter,hover_climb,1500.0,4.1841936139243305,0.0,0.0,4.073772898254514,True
multicopter,hover_descent,1500.0,3.1811689354387207,0.0,0.0,4.073772898254514,True
multicopter,hover_descent,1425.7266509268143,3.1811689354387207,0.0,0.0,4.339088996678162,True
multicopter,hover_descent,1217.6173513940503,3.1811689354387207,0.0,0.0,5.0824881847678895,True
multicopter,hover_descent,916.890700467236,3.1811689354387207,0.0,0.0,6.156731136129804,True
multicopter,hover_descent,583.1092995327642,3.1811689354387207,0.0,0.0,7.349050859521468,True
multicopter,hover_descent,282.38264860594995,3.1811689354387207,0.0,0.0,8.423293810883381,True
multicopter,hover_descent,74.27334907318571,3.1811689354387207,0.0,0.0,9.16669299897311,True
multicopter,hover_descent,-0.0,3.1811689354387207,0.0,0.0,9.432009097396758,True
