eVTOL_type,mission_segment,altitude_ft,air_speed_mph,pitch_angle_deg,range_nmi,time_min,fesibility
multicopter,hover_climb,0.0,5.622827471359833,0.0,0.0,0.0,True
multicopter,hover_climb,74.27334907318564,5.622827471359833,0.0,0.0,0.15010514455158835,True
multicopter,hover_climb,282.3826486059498,5.622827471359833,0.0,0.0,0.5706904134091237,True
multicopter,hover_climb,583.1092995327641,5.622827471359833,0.0,0.0,1.178453735935552,True
multicopter,hover_climb,916.8907004672358,5.622827471359833,0.0,0.0,1.8530201323765143,True
multicopter,hover_climb,1217.61735139405,5.622827471359833,0.0,0.0,2.4607834549029426,True
multicopter,hover_climb,1425.7266509268143,5.622827471359833,0.0,0.0,2.8813687237604784,True
multicopter,hover_climb,1500.0,5.622827471359833,0.0,0.0,3.0314738683120668,True
multicopter,hover_descent,1500.0,3.148471335288823,0.0,0.0,3.0314738683120668,True
multicopter,hover_descent,1425.7266509268143,3.148471335288823,0.0,0.0,3.2995453355403637,True
multicopter,hover_descent,1217.6173513940503,3.148471335288823,0.0,0.0,4.0506648954598985,True
multicopter,hover_descent,916.890700467236,3.148471335288823,0.0,0.0,5.136064107351735,True
multicopter,hover_descent,583.1092995327642,3.148471335288823,0.0,0.0,6.3407663457529315,True
multicopter,hover_descent,282.38264860594995,3.148471335288823,0.0,0.0,7.426165557644769,True
multicopter,hover_descent,74.27334907318571,3.148471335288823,0.0,0.0,8.177285117564304,True
multicopter,hover_descent,-0.0,3.148471335288823,0.0,0.0,8.4453565847926,True
