eVTOL_type,mission_segment,velocity_kts,equivalent_airspeed_kts,Mach,time_min,fesibility
multicopter,hover_climb,4.360800177287919,4.360800177645256,0.006592503796905474,0.0,True
multicopter,hover_climb,4.360800177287919,4.356062760755867,0.006594187742001346,0.16818685564119815,True
multicopter,hover_climb,4.360800177287919,4.34280352982287,0.0065989128694220085,0.6394359531286321,True
multicopter,hover_climb,4.360800177287919,4.323681696585471,0.006605758688976293,1.320410629214014,True
multicopter,hover_climb,4.360800177287919,4.302511069157728,0.0066133817476695216,2.076235497692307,True
multicopter,hover_climb,4.360800177287919,4.283484732694239,0.0066202723248793985,2.7572101737776884,True
multicopter,hover_climb,4.360800177287919,4.270344584270613,0.00662505326500499,3.2284592712651228,True
multicopter,hover_climb,4.360800177287919,4.265660164076521,0.0066267620493844406,3.396646126906321,True
multicopter,hover_descent,2.945823267505259,2.881553946923091,0.004476533901958847,3.396646126906321,True
multicopter,hover_descent,2.945823267505259,2.884718383136976,0.00447537957784871,3.6456187241384543,True
multicopter,hover_descent,2.945823267505259,2.893594863001014,0.004472149940146925,4.343224439504509,True
multicopter,hover_descent,2.945823267505259,2.9064476015744165,0.004467495192888127,5.351293905503598,True
multicopter,hover_descent,2.945823267505259,2.9207488592172552,0.004462345637128836,6.4701666012339345,True
multicopter,hover_descent,2.945823267505259,2.9336661081114976,0.004457721124720956,7.478236067233023,True
multicopter,hover_descent,2.945823267505259,2.9426230310163994,0.004454529189816391,8.175841782599077,True
multicopter,hover_descent,2.945823267505259,2.9458232677466483,0.004453391645227567,8.424814379831211,True
