eVTOL_type,mission_segment,altitude_ft,air_speed_mph,pitch_angle_deg,range_nmi,time_min,fesibility
multicopter,hover_climb,0.0,5.3235584384382495,0.0,0.0,0.0,True
multicopter,hover_climb,74.27334907318564,5.3235584384382495,0.0,0.0,0.15854345174140985,True
multicopter,hover_climb,282.3826486059498,5.3235584384382495,0.0,0.0,0.6027723319404195,True
multicopter,hover_climb,583.1092995327641,5.3235584384382495,0.0,0.0,1.2447016627639316,True
multicopter,hover_climb,916.8907004672358,5.3235584384382495,0.0,0.0,1.9571894674957566,True
multicopter,hover_climb,1217.61735139405,5.3235584384382495,0.0,0.0,2.5991187983192687,True
multicopter,hover_climb,1425.7266509268143,5.3235584384382495,0.0,0.0,3.0433476785182787,True
multicopter,hover_climb,1500.0,5.3235584384382495,0.0,0.0,3.2018911302596886,True
multicopter,hover_descent,1500.0,3.276892159200883,0.0,0.0,3.2018911302596886,True
multicopter,hover_descent,1425.7266509268143,3.276892159200883,0.0,0.0,3.4594569241193605,True
multicopter,hover_descent,1217.6173513940503,3.276892159200883,0.0,0.0,4.181140241387306,True
multicopter,hover_descent,916.890700467236,3.276892159200883,0.0,0.0,5.224002850213558,True
multicopter,hover_descent,583.1092995327642,3.276892159200883,0.0,0.0,6.38149302104952,True
multicopter,hover_descent,282.38264860594995,3.276892159200883,0.0,0.0,7.424355629875773,True
multicopter,hover_descent,74.27334907318571,3.276892159200883,0.0,0.0,8.146038947143717,True
multicopter,hover_descent,-0.0,3.276892159200883,0.0,0.0,8.40360474100339,True
