eVTOL_type,mission_segment,velocity_kts,equivalent_airspeed_kts,Mach,time_min,fesibility
multicopter,hover_climb,4.780592128526402,4.780592128918138,0.007227130452550865,0.0,True
multicopter,hover_climb,4.780592128526402,4.775398665110988,0.007228976502436875,0.15341808089445,True
multicopter,hover_climb,4.780592128526402,4.760863035765085,0.007234156493730939,0.5832859911073688,True
multicopter,hover_climb,4.780592128526402,4.739900441346335,0.007241661325354497,1.2044631190371433,True
multicopter,hover_climb,4.780592128526402,4.716691825788999,0.007250018216957543,1.8939177162597545,True
multicopter,hover_climb,4.780592128526402,4.695833921130635,0.007257572114827504,2.5150948441895284,True
multicopter,hover_climb,4.780592128526402,4.681428837758821,0.007262813291630422,2.9449627544024475,True
multicopter,hover_climb,4.780592128526402,4.676293472368033,0.007264686571950923,3.098380835296898,True
multicopter,hover_descent,2.9071215281538643,2.843696567286313,0.00441772193921065,3.098380835296898,True
multicopter,hover_descent,2.9071215281538643,2.8468194296600786,0.004416582780419943,3.3506679388096945,True
multicopter,hover_descent,2.9071215281538643,2.85557929179832,0.0044133955731646525,4.057560694399102,True
multicopter,hover_descent,2.9071215281538643,2.868263173215997,0.004408801979206239,5.079050322349925,True
multicopter,hover_descent,2.9071215281538643,2.882376543298915,0.004403720077459655,6.212818274098349,True
multicopter,hover_descent,2.9071215281538643,2.895124087511496,0.004399156321131682,7.234307902049171,True
multicopter,hover_descent,2.9071215281538643,2.9039633358432217,0.0043960063213404925,7.9412006576385785,True
multicopter,hover_descent,2.9071215281538643,2.9071215283920826,0.00439488372162452,8.193487761151376,True
