eVTOL_type,mission_segment,altitude_ft,air_speed_mph,pitch_angle_deg,range_nmi,time_min,fesibility
multicopter,hover_climb,0.0,4.6683339799919095,0.0,0.0,0.0,True
multicopter,hover_climb,74.27334907318564,4.6683339799919095,0.0,0.0,0.18079583294479123,True
multicopter,hover_climb,282.3826486059498,4.6683339799919095,0.0,0.0,0.6873744997490694,True
multicopter,hover_climb,583.1092995327641,4.6683339799919095,0.0,0.0,1.419401882672613,True
multicopter,hover_climb,916.8907004672358,4.6683339799919095,0.0,0.0,2.231890980800726,True
multicopter,hover_climb,1217.61735139405,4.6683339799919095,0.0,0.0,2.963918363724269,True
multicopter,hover_climb,1425.7266509268143,4.6683339799919095,0.0,0.0,3.4704970305285476,True
multicopter,hover_climb,1500.0,4.6683339799919095,0.0,0.0,3.651292863473339,True
multicopter,hover_descent,1500.0,3.2353357892554855,0.0,0.0,3.651292863473339,True
multicopter,hover_descent,1425.7266509268143,3.2353357892554855,0.0,0.0,3.912166969085521,True
multicopter,hover_descent,1217.6173513940503,3.2353357892554855,0.0,0.0,4.643119969894633,True
multicopter,hover_descent,916.890700467236,3.2353357892554855,0.0,0.0,5.699377659540172,True
multicopter,hover_descent,583.1092995327642,3.2353357892554855,0.0,0.0,6.8717352484373935,True
multicopter,hover_descent,282.38264860594995,3.2353357892554855,0.0,0.0,7.927992938082933,True
multicopter,hover_descent,74.27334907318571,3.2353357892554855,0.0,0.0,8.658945938892044,True
multicopter,hover_descent,-0.0,3.2353357892554855,0.0,0.0,8.919820044504227,True
