eVTOL_type,mission_segment,velocity_kts,equivalent_airspeed_kts,Mach,time_min,fesibility
multicopter,hover_climb,4.710890127626478,4.710890128012502,0.007121757427669353,0.0,True
multicopter,hover_climb,4.710890127626478,4.705772385958898,0.007123576561774357,0.1556880440909717,True
multicopter,hover_climb,4.710890127626478,4.691448689031096,0.007128681027746843,0.5919162498431128,True
multicopter,hover_climb,4.710890127626478,4.670791733482125,0.007136076437406234,1.2222842711193613,True
multicopter,hover_climb,4.710890127626478,4.6479215042374,0.007144311483838144,1.9219399903495196,True
multicopter,hover_climb,4.710890127626478,4.627367712050918,0.007151755244348135,2.5523080116257684,True
multicopter,hover_climb,4.710890127626478,4.613172657710476,0.00715692000373237,2.9885362173779093,True
multicopter,hover_climb,4.710890127626478,4.608112166986564,0.007158765971246617,3.144224261468881,True
multicopter,hover_descent,2.811904563035371,2.7505569602101585,0.00427302827170644,3.144224261468881,True
multicopter,hover_descent,2.811904563035371,2.753577539457872,0.004271926423788977,3.4050543335627643,True
multicopter,hover_descent,2.811904563035371,2.762050489790198,0.004268843607147946,4.135883955195312,True
multicopter,hover_descent,2.811904563035371,2.7743189359799985,0.004264400467194111,5.191963356765088,True
multicopter,hover_descent,2.811904563035371,2.787970050786047,0.004259485012999394,6.364123060827311,True
multicopter,hover_descent,2.811904563035371,2.800300074622929,0.00425507073340395,7.420202462397087,True
multicopter,hover_descent,2.811904563035371,2.8088498110123696,0.004252023905570773,8.151032084029634,True
multicopter,hover_descent,2.811904563035371,2.8119045632657866,0.00425093807436859,8.411862156123517,True
