eVTOL_type,mission_segment,velocity_kts,equivalent_airspeed_kts,Mach,time_min,fesibility
multicopter,hover_climb,3.5471247522128606,3.5471247525035223,0.005362418007330935,0.0,True
multicopter,hover_climb,3.5471247522128606,3.543271283409152,0.005363787747536424,0.20676726112891503,True
multicopter,hover_climb,3.5471247522128606,3.5324860732812735,0.005367631220236339,0.7861162526150349,True
multicopter,hover_climb,3.5471247522128606,3.5169321553702155,0.005373199688178681,1.6232998014454354,True
multicopter,hover_climb,3.5471247522128606,3.4997117248263128,0.005379400371328336,2.5525034383918266,True
multicopter,hover_climb,3.5471247522128606,3.484235485083646,0.005385005245659769,3.3896869872222273,True
multicopter,hover_climb,3.5471247522128606,3.473547138031206,0.0053888941170523764,3.969035978708347,True
multicopter,hover_climb,3.5471247522128606,3.4697367770550787,0.005390284061815292,4.175803239837262,True
multicopter,hover_descent,2.7498872333041775,2.6898926687586577,0.004178785456085746,4.175803239837262,True
multicopter,hover_descent,2.7498872333041775,2.692846628298986,0.0041777079097276276,4.442515729358648,True
multicopter,hover_descent,2.7498872333041775,2.7011327053776943,0.004174693085456837,5.189827518359073,True
multicopter,hover_descent,2.7498872333041775,2.713130567607198,0.0041703479401786325,6.2697243418493755,True
multicopter,hover_descent,2.7498872333041775,2.726480603315736,0.004165540897680236,7.468319389871905,True
multicopter,hover_descent,2.7498872333041775,2.738538685080353,0.0041612239762372685,8.548216213362206,True
multicopter,hover_descent,2.7498872333041775,2.7468998546785337,0.00415824434703126,9.295528002362632,True
multicopter,hover_descent,2.7498872333041775,2.7498872335295115,0.004157182464135354,9.562240491884017,True
