eVTOL_type,mission_segment,altitude_ft,air_speed_mph,pitch_angle_deg,range_nmi,time_min,fesibility
multicopter,hover_climb,0.0,4.480726272404465,0.0,0.0,0.0,False
multicopter,hover_climb,74.27334907318564,4.480726272404465,0.0,0.0,0.18836574230726014,False
multicopter,hover_climb,282.3826486059498,4.480726272404465,0.0,0.0,0.7161548238108623,False
multicopter,hover_climb,583.1092995327641,4.480726272404465,0.0,0.0,1.4788321440107184,False
multicopter,hover_climb,916.8907004672358,4.480726272404465,0.0,0.0,2.3253401060177463,False
multicopter,hover_climb,1217.61735139405,4.480726272404465,0.0,0.0,3.0880174262176023,False
multicopter,hover_climb,1425.7266509268143,4.480726272404465,0.0,0.0,3.6158065077212043,False
multicopter,hover_climb,1500.0,4.480726272404465,0.0,0.0,3.804172250028465,False
multicopter,hover_descent,1500.0,3.176906831536526,0.0,0.0,3.804172250028465,True
multicopter,hover_descent,1425.7266509268143,3.176906831536526,0.0,0.0,4.069844293664978,True
multicopter,hover_descent,1217.6173513940503,3.176906831536526,0.0,0.0,4.814240818078515,True
multicopter,hover_descent,916.890700467236,3.176906831536526,0.0,0.0,5.889924962184722,True
multicopter,hover_descent,583.1092995327642,3.176906831536526,0.0,0.0,7.083844288843086,True
multicopter,hover_descent,282.38264860594995,3.176906831536526,0.0,0.0,8.159528432949292,True
multicopter,hover_descent,74.27334907318571,3.176906831536526,0.0,0.0,8.903924957362829,True
multicopter,hover_descent,-0.0,3.176906831536526,0.0,0.0,9.169597000999344,True
