eVTOL_type,mission_segment,altitude_ft,air_speed_mph,pitch_angle_deg,range_nmi,time_min,fesibility
multicopter,hover_climb,0.0,4.752080902732134,0.0,0.0,0.0,True
multicopter,hover_climb,74.27334907318564,4.752080902732134,0.0,0.0,0.17760962989747425,True
multicopter,hover_climb,282.3826486059498,4.752080902732134,0.0,0.0,0.6752607541495386,True
multicopter,hover_climb,583.1092995327641,4.752080902732134,0.0,0.0,1.3943874643075613,True
multicopter,hover_climb,916.8907004672358,4.752080902732134,0.0,0.0,2.192557895914427,True
multicopter,hover_climb,1217.61735139405,4.752080902732134,0.0,0.0,2.9116846060724497,True
multicopter,hover_climb,1425.7266509268143,4.752080902732134,0.0,0.0,3.409335730324514,True
multicopter,hover_climb,1500.0,4.752080902732134,0.0,0.0,3.5869453602219887,True
multicopter,hover_descent,1500.0,3.0697366149662235,0.0,0.0,3.5869453602219887,True
multicopter,hover_descent,1425.7266509268143,3.0697366149662235,0.0,0.0,3.8618925091930727,True
multicopter,hover_descent,1217.6173513940503,3.0697366149662235,0.0,0.0,4.6322773012471075,True
multicopter,hover_descent,916.890700467236,3.0697366149662235,0.0,0.0,5.7455155801683535,True
multicopter,hover_descent,583.1092995327642,3.0697366149662235,0.0,0.0,6.981116851844941,True
multicopter,hover_descent,282.38264860594995,3.0697366149662235,0.0,0.0,8.094355130766186,True
multicopter,hover_descent,74.27334907318571,3.0697366149662235,0.0,0.0,8.86473992282022,True
multicopter,hover_descent,-0.0,3.0697366149662235,0.0,0.0,9.139687071791306,True
