eVTOL_type,mission_segment,velocity_kts,equivalent_airspeed_kts,Mach,time_min,fesibility
multicopter,hover_climb,4.773663343294678,4.773663343685846,0.007216655759583738,0.0,True
multicopter,hover_climb,4.773663343294678,4.768477407062434,0.007218499133884205,0.15364076122541093,True
multicopter,hover_climb,4.773663343294678,4.753962845034395,0.007223671617521014,0.5841326078606707,True
multicopter,hover_climb,4.773663343294678,4.733030632901086,0.007231165571963434,1.2062113500436433,True
multicopter,hover_climb,4.773663343294678,4.709855654915917,0.0072395103514461484,1.896666663589891,True
multicopter,hover_climb,4.773663343294678,4.6890279808101445,0.00724705330102046,2.5187454057728638,True
multicopter,hover_climb,4.773663343294678,4.674643775548456,0.007252286881486469,2.949237252408124,True
multicopter,hover_climb,4.773663343294678,4.669515853136054,0.007254157446754803,3.1028780136335348,True
multicopter,hover_descent,2.726870329226911,2.6673779267775592,0.004143808493089838,3.1028780136335348,True
multicopter,hover_descent,2.726870329226911,2.6703071613027793,0.004142739965931075,3.371841763774733,True
multicopter,hover_descent,2.726870329226911,2.678523882867928,0.004139750376120886,4.125461444858941,True
multicopter,hover_descent,2.726870329226911,2.6904213214725194,0.004135441600258438,5.214473436508585,True
multicopter,hover_descent,2.726870329226911,2.703659615693039,0.004130674793313973,6.423185557921853,True
multicopter,hover_descent,2.726870329226911,2.7156167697876152,0.004126394005049689,7.512197549571495,True
multicopter,hover_descent,2.726870329226911,2.723907955338347,0.004123439315717138,8.265817230655705,True
multicopter,hover_descent,2.726870329226911,2.7268703294503585,0.004122386320915428,8.534780980796903,True
