eVTOL_type,mission_segment,velocity_kts,equivalent_airspeed_kts,Mach,time_min,fesibility
multicopter,hover_climb,3.9715195521457023,3.9715195524711406,0.006004003087178421,0.0,True
multicopter,hover_climb,3.9715195521457023,3.9672050360892928,0.006005536709587406,0.18467220424519448,True
multicopter,hover_climb,3.9715195521457023,3.95512943235696,0.006009840033558836,0.7021122220740634,True
multicopter,hover_climb,3.9715195521457023,3.9377145700638594,0.006016074739370835,1.4498347119702364,True
multicopter,hover_climb,3.9715195521457023,3.91843380567608,0.006023017301610901,2.279744064595233,True
multicopter,hover_climb,3.9715195521457023,3.90110591533522,0.0060292927696447545,3.0274665544914057,True
multicopter,hover_climb,3.9715195521457023,3.8891387638352897,0.006033646924023421,3.5449065723202744,True
multicopter,hover_climb,3.9715195521457023,3.884872513231055,0.006035203168358746,3.7295787765654693,True
multicopter,hover_descent,2.7193798372842006,2.660050855646034,0.0041324257867700895,3.7295787765654693,True
multicopter,hover_descent,2.7193798372842006,2.6629720438012554,0.004131360194768891,3.999283383418074,True
multicopter,hover_descent,2.7193798372842006,2.671166194697744,0.004128378817119782,4.754978898878794,True
multicopter,hover_descent,2.7193798372842006,2.6830309520020728,0.004124081877115656,5.84699055811335,True
multicopter,hover_descent,2.7193798372842006,2.69623288170055,0.004119328164203799,7.05903205936623,True
multicopter,hover_descent,2.7193798372842006,2.708157190461249,0.004115059134918173,8.151043718600787,True
multicopter,hover_descent,2.7193798372842006,2.7164256007967835,0.004112112561877915,8.906739234061508,True
multicopter,hover_descent,2.7193798372842006,2.7193798375070344,0.004111062459567642,9.176443840914112,True
