eVTOL_type,mission_segment,altitude_ft,air_speed_mph,pitch_angle_deg,range_nmi,time_min,fesibility
multicopter,hover_climb,0.0,4.761221796118716,0.0,0.0,0.0,True
multicopter,hover_climb,74.27334907318564,4.761221796118716,0.0,0.0,0.17726864374710286,True
multicopter,hover_climb,282.3826486059498,4.761221796118716,0.0,0.0,0.6739643460370547,True
multicopter,hover_climb,583.1092995327641,4.761221796118716,0.0,0.0,1.3917104314583018,True
multicopter,hover_climb,916.8907004672358,4.761221796118716,0.0,0.0,2.188348485215098,True
multicopter,hover_climb,1217.61735139405,4.761221796118716,0.0,0.0,2.906094570636345,True
multicopter,hover_climb,1425.7266509268143,4.761221796118716,0.0,0.0,3.4027902729262967,True
multicopter,hover_climb,1500.0,4.761221796118716,0.0,0.0,3.5800589166734,True
multicopter,hover_descent,1500.0,3.2050667811696063,0.0,0.0,3.5800589166734,True
multicopter,hover_descent,1425.7266509268143,3.2050667811696063,0.0,0.0,3.843396746429667,True
multicopter,hover_descent,1217.6173513940503,3.2050667811696063,0.0,0.0,4.581252948888703,True
multicopter,hover_descent,916.890700467236,3.2050667811696063,0.0,0.0,5.647486053941027,True
multicopter,hover_descent,583.1092995327642,3.2050667811696063,0.0,0.0,6.830915518640139,True
multicopter,hover_descent,282.38264860594995,3.2050667811696063,0.0,0.0,7.897148623692462,True
multicopter,hover_descent,74.27334907318571,3.2050667811696063,0.0,0.0,8.635004826151498,True
multicopter,hover_descent,-0.0,3.2050667811696063,0.0,0.0,8.898342655907765,True
