eVTOL_type,mission_segment,velocity_kts,equivalent_airspeed_kts,Mach,time_min,fesibility
multicopter,hover_climb,4.463213837524619,4.463213837890349,0.006747329153839241,0.0,True
multicopter,hover_climb,4.463213837524619,4.458365162474087,0.006749052646489207,0.16432761158143566,True
multicopter,hover_climb,4.463213837524619,4.444794537687539,0.006753888743817813,0.6247633475061404,True
multicopter,hover_climb,4.463213837524619,4.425223627021077,0.006760895337865166,1.2901122634005018,True
multicopter,hover_climb,4.463213837524619,4.403555806106763,0.0067686974245604195,2.028593846502686,True
multicopter,hover_climb,4.463213837524619,4.384082634961816,0.006775749827399658,2.6939427623970476,True
multicopter,hover_climb,4.463213837524619,4.370633889344691,0.006780643048198,3.154378498321752,True
multicopter,hover_climb,4.463213837524619,4.365839455254374,0.006782391963483646,3.318706109903188,True
multicopter,hover_descent,2.785965124846617,2.725183445336311,0.004233610165491243,3.318706109903188,True
multicopter,hover_descent,2.785965124846617,2.7281761601501735,0.004232518481971363,3.5819647068456075,True
multicopter,hover_descent,2.785965124846617,2.73657094866495,0.0042294641038956955,4.319598903893611,True
multicopter,hover_descent,2.785965124846617,2.748726220102735,0.0042250619513052685,5.38551120183209,True
multicopter,hover_descent,2.785965124846617,2.762251405226328,0.004220191841508768,6.56858459749788,True
multicopter,hover_descent,2.785965124846617,2.774467686265753,0.0042158182830438415,7.634496895436359,True
multicopter,hover_descent,2.785965124846617,2.7829385524966828,0.004212799561784155,8.372131092484361,True
multicopter,hover_descent,2.785965124846617,2.785965125074907,0.004211723747227531,8.635389689426782,True
