eVTOL_type,mission_segment,altitude_ft,air_speed_mph,pitch_angle_deg,range_nmi,time_min,fesibility
multicopter,hover_climb,0.0,4.849649610014491,0.0,0.0,0.0,True
multicopter,hover_climb,74.27334907318564,4.849649610014491,0.0,0.0,0.17403635277778093,True
multicopter,hover_climb,282.3826486059498,4.849649610014491,0.0,0.0,0.6616753770276885,True
multicopter,hover_climb,583.1092995327641,4.849649610014491,0.0,0.0,1.366334183496867,True
multicopter,hover_climb,916.8907004672358,4.849649610014491,0.0,0.0,2.14844645349097,True
multicopter,hover_climb,1217.61735139405,4.849649610014491,0.0,0.0,2.853105259960148,True
multicopter,hover_climb,1425.7266509268143,4.849649610014491,0.0,0.0,3.340744284210056,True
multicopter,hover_climb,1500.0,4.849649610014491,0.0,0.0,3.514780636987837,True
multicopter,hover_descent,1500.0,3.233345622616665,0.0,0.0,3.514780636987837,True
multicopter,hover_descent,1425.7266509268143,3.233345622616665,0.0,0.0,3.7758153140336113,True
multicopter,hover_descent,1217.6173513940503,3.233345622616665,0.0,0.0,4.507218226001796,True
multicopter,hover_descent,916.890700467236,3.233345622616665,0.0,0.0,5.564126056109037,True
multicopter,hover_descent,583.1092995327642,3.233345622616665,0.0,0.0,6.737205246478701,True
multicopter,hover_descent,282.38264860594995,3.233345622616665,0.0,0.0,7.794113076585942,True
multicopter,hover_descent,74.27334907318571,3.233345622616665,0.0,0.0,8.525515988554128,True
multicopter,hover_descent,-0.0,3.233345622616665,0.0,0.0,8.7865506655999,True
