eVTOL_type,mission_segment,velocity_kts,equivalent_airspeed_kts,Mach,time_min,fesibility
multicopter,hover_climb,3.575518523647402,3.575518523940391,0.005405342708849154,0.0,True
multicopter,hover_climb,3.575518523647402,3.5716342088712274,0.005406723413453427,0.2051252888348793,True
multicopter,hover_climb,3.575518523647402,3.5607626660619127,0.0054105976521097105,0.7798735761891944,True
multicopter,hover_climb,3.575518523647402,3.5450842432571936,0.005416210694127406,1.6104089149272585,True
multicopter,hover_climb,3.575518523647402,3.527725967838068,0.005422461012063652,2.5322335953645148,True
multicopter,hover_climb,3.575518523647402,3.512125844994407,0.005428110751893708,3.3627689341025784,True
multicopter,hover_climb,3.575518523647402,3.5013519406231746,0.005432030752646903,3.937517221456894,True
multicopter,hover_climb,3.575518523647402,3.497511078741047,0.0054334318235406045,4.142642510291774,True
multicopter,hover_descent,2.7742432986474803,2.713717355390639,0.004215797436210391,4.142642510291774,True
multicopter,hover_descent,2.7742432986474803,2.7166974784880447,0.004214710345901091,4.407013436322378,True
multicopter,hover_descent,2.7742432986474803,2.725056946297953,0.004211668818987352,5.1477643102172,True
multicopter,hover_descent,2.7742432986474803,2.7371610749637316,0.004207285188261075,6.218180336688085,True
multicopter,hover_descent,2.7742432986474803,2.750629353463506,0.004202435569238165,7.406252493901422,True
multicopter,hover_descent,2.7742432986474803,2.7627942350356993,0.0041980804123288576,8.476668520372307,True
multicopter,hover_descent,2.7742432986474803,2.771229460468103,0.00419507439220661,9.217419394267129,True
multicopter,hover_descent,2.7742432986474803,2.77424329887481,0.004194003104092597,9.481790320297735,True
