eVTOL_type,mission_segment,altitude_ft,air_speed_mph,pitch_angle_deg,range_nmi,time_min,fesibility
multicopter,hover_climb,0.0,4.8260594961595675,0.0,0.0,0.0,True
multicopter,hover_climb,74.27334907318564,4.8260594961595675,0.0,0.0,0.17488705455221834,True
multicopter,hover_climb,282.3826486059498,4.8260594961595675,0.0,0.0,0.6649096922058382,True
multicopter,hover_climb,583.1092995327641,4.8260594961595675,0.0,0.0,1.3730129198402987,True
multicopter,hover_climb,916.8907004672358,4.8260594961595675,0.0,0.0,2.1589482089064163,True
multicopter,hover_climb,1217.61735139405,4.8260594961595675,0.0,0.0,2.8670514365408764,True
multicopter,hover_climb,1425.7266509268143,4.8260594961595675,0.0,0.0,3.357074074194496,True
multicopter,hover_climb,1500.0,4.8260594961595675,0.0,0.0,3.531961128746715,True
multicopter,hover_descent,1500.0,3.263640290434806,0.0,0.0,3.531961128746715,True
multicopter,hover_descent,1425.7266509268143,3.263640290434806,0.0,0.0,3.7905727572557697,True
multicopter,hover_descent,1217.6173513940503,3.263640290434806,0.0,0.0,4.515186438093233,True
multicopter,hover_descent,916.890700467236,3.263640290434806,0.0,0.0,5.562283544965647,True
multicopter,hover_descent,583.1092995327642,3.263640290434806,0.0,0.0,6.724473654053655,True
multicopter,hover_descent,282.38264860594995,3.263640290434806,0.0,0.0,7.7715707609260685,True
multicopter,hover_descent,74.27334907318571,3.263640290434806,0.0,0.0,8.49618444176353,True
multicopter,hover_descent,-0.0,3.263640290434806,0.0,0.0,8.754796070272587,True
