eVTOL_type,mission_segment,velocity_kts,equivalent_airspeed_kts,Mach,time_min,fesibility
multicopter,hover_climb,3.5311920088121873,3.5311920091015434,0.005338331448191832,0.0,True
multicopter,hover_climb,3.5311920088121873,3.527355848768092,0.0053396950358876845,0.20770019530723374,True
multicopter,hover_climb,3.5311920088121873,3.516619082942992,0.005343521244727834,0.7896632102726071,True
multicopter,hover_climb,3.5311920088121873,3.5011350291050247,0.005349064700589389,1.6306241324742354,True
multicopter,hover_climb,3.5311920088121873,3.483991948166865,0.005355237531915262,2.564020337561213,True
multicopter,hover_climb,3.5311920088121873,3.468585223587564,0.005360817230638067,3.4049812597628413,True
multicopter,hover_climb,3.5311920088121873,3.4579448857546633,0.005364688634252024,3.9869442747282147,True
multicopter,hover_climb,3.5311920088121873,3.454151639909223,0.005366072335751791,4.194644470035448,True
multicopter,hover_descent,2.9551640938921953,2.8906909835673815,0.004490728414730431,4.194644470035448,True
multicopter,hover_descent,2.9551640938921953,2.8938654538011654,0.0044895704304071275,4.442830102573927,True
multicopter,hover_descent,2.9551640938921953,2.9027700798402485,0.004486330551939918,5.138230791868083,True
multicopter,hover_descent,2.9551640938921953,2.915663572793228,0.0044816610450767345,6.143113902873441,True
multicopter,hover_descent,2.9551640938921953,2.930010177883156,0.0044764951607389955,7.2584500113728,True
multicopter,hover_descent,2.9551640938921953,2.9429683857108984,0.00447185598459755,8.263333122378157,True
multicopter,hover_descent,2.9551640938921953,2.9519537098653723,0.004468653928478277,8.958733811672316,True
multicopter,hover_descent,2.9551640938921953,2.95516409413435,0.004467512776881989,9.206919444210794,True
