eVTOL_type,mission_segment,velocity_kts,equivalent_airspeed_kts,Mach,time_min,fesibility
multicopter,hover_climb,3.760403384146226,3.7604033844543645,0.0056848451155810465,0.0,True
multicopter,hover_climb,3.760403384146226,3.756318217104631,0.005686297214411489,0.195040051551319,True
multicopter,hover_climb,3.760403384146226,3.7448845226346794,0.005690371784311693,0.7415301319862808,True
multicopter,hover_climb,3.760403384146226,3.7283953913987435,0.00569627506856518,1.531231178613741,True
multicopter,hover_climb,3.760403384146226,3.7101395448138867,0.005702848581347733,2.4077332141013756,True
multicopter,hover_climb,3.760403384146226,3.6937327623160687,0.005708790461004061,3.1974342607288353,True
multicopter,hover_climb,3.760403384146226,3.6824017550257695,0.005712913159292626,3.7439243411637975,True
multicopter,hover_climb,3.760403384146226,3.6783622877641493,0.00571438667752369,3.9389643927151163,True
multicopter,hover_descent,2.9167668981360304,2.853131503267785,0.004432379242721823,3.9389643927151163,True
multicopter,hover_descent,2.9167668981360304,2.856264726805577,0.004431236304382206,4.190417215484853,True
multicopter,hover_descent,2.9167668981360304,2.865053652782567,0.004428038522476737,4.894972368378025,True
multicopter,hover_descent,2.9167668981360304,2.877779617315071,0.004423429687699236,5.913084062562243,True
multicopter,hover_descent,2.9167668981360304,2.891939813330385,0.004418330925005462,7.043102790683807,True
multicopter,hover_descent,2.9167668981360304,2.904729651880889,0.004413752026854947,8.061214484868024,True
multicopter,hover_descent,2.9167668981360304,2.9135982274422116,0.0044105915758620665,8.765769637761196,True
multicopter,hover_descent,2.9167668981360304,2.9167668983750388,0.004409465251537577,9.017222460530935,True
