eVTOL_type,mission_segment,altitude_ft,air_speed_mph,pitch_angle_deg,range_nmi,time_min,fesibility
multicopter,hover_climb,0.0,4.954160942962303,0.0,0.0,0.0,True
multicopter,hover_climb,74.27334907318564,4.954160942962303,0.0,0.0,0.1703649397131691,True
multicopter,hover_climb,282.3826486059498,4.954160942962303,0.0,0.0,0.6477168931536139,True
multicopter,hover_climb,583.1092995327641,4.954160942962303,0.0,0.0,1.3375104516049365,True
multicopter,hover_climb,916.8907004672358,4.954160942962303,0.0,0.0,2.1031235410530305,True
multicopter,hover_climb,1217.61735139405,4.954160942962303,0.0,0.0,2.792917099504353,True
multicopter,hover_climb,1425.7266509268143,4.954160942962303,0.0,0.0,3.2702690529447977,True
multicopter,hover_climb,1500.0,4.954160942962303,0.0,0.0,3.440633992657967,True
multicopter,hover_descent,1500.0,3.1155488207561954,0.0,0.0,3.440633992657967,True
multicopter,hover_descent,1425.7266509268143,3.1155488207561954,0.0,0.0,3.7115382149748086,True
multicopter,hover_descent,1217.6173513940503,3.1155488207561954,0.0,0.0,4.47059497827323,True
multicopter,hover_descent,916.890700467236,3.1155488207561954,0.0,0.0,5.567463781361695,True
multicopter,hover_descent,583.1092995327642,3.1155488207561954,0.0,0.0,6.784896305575465,True
multicopter,hover_descent,282.38264860594995,3.1155488207561954,0.0,0.0,7.881765108663931,True
multicopter,hover_descent,74.27334907318571,3.1155488207561954,0.0,0.0,8.640821871962352,True
multicopter,hover_descent,-0.0,3.1155488207561954,0.0,0.0,8.911726094279194,True
