eVTOL_type,mission_segment,velocity_kts,equivalent_airspeed_kts,Mach,time_min,fesibility
multicopter,hover_climb,4.436495951360913,4.436495951724451,0.006706937996524376,0.0,True
multicopter,hover_climb,4.436495951360913,4.43167630166134,0.006708651171927152,0.16531724088977298,True
multicopter,hover_climb,4.436495951360913,4.418186913943285,0.0067134583191981075,0.6285258565179664,True
multicopter,hover_climb,4.436495951360913,4.398733159519463,0.0067204229700652835,1.2978816996785545,True
multicopter,hover_climb,4.436495951360913,4.37719504746376,0.006728178351567429,2.0408106365228886,True
multicopter,hover_climb,4.436495951360913,4.3578384474688505,0.006735188537003895,2.710166479683476,True
multicopter,hover_climb,4.436495951360913,4.344470209321796,0.00674005246578957,3.17337509531167,True
multicopter,hover_climb,4.436495951360913,4.339704475882828,0.0067417909116419305,3.338692336201443,True
multicopter,hover_descent,2.7101097338220606,2.6509829989574225,0.004118338746016257,3.338692336201443,True
multicopter,hover_descent,2.7101097338220606,2.6538942290640986,0.004117276786515367,3.6093194848900985,True
multicopter,hover_descent,2.7101097338220606,2.6620604468908655,0.004114305572094979,4.367599905134108,True
multicopter,hover_descent,2.7101097338220606,2.6738847583824192,0.004110023279944699,5.463346860005086,True
multicopter,hover_descent,2.7101097338220606,2.687041683976458,0.0041052857719814555,6.679534226636331,True
multicopter,hover_descent,2.7101097338220606,2.6989253439192127,0.004101031295404729,7.775281181507308,True
multicopter,hover_descent,2.7101097338220606,2.7071655680417637,0.00409809476694764,8.53356160175132,True
multicopter,hover_descent,2.7101097338220606,2.7101097340441345,0.004097048244334814,8.804188750439975,True
