eVTOL_type,mission_segment,altitude_ft,air_speed_mph,pitch_angle_deg,range_nmi,time_min,fesibility
multicopter,hover_climb,0.0,5.203628930369494,0.0,0.0,0.0,True
multicopter,hover_climb,74.27334907318564,5.203628930369494,0.0,0.0,0.1621974475257556,True
multicopter,hover_climb,282.3826486059498,5.203628930369494,0.0,0.0,0.6166645963993953,True
multicopter,hover_climb,583.1092995327641,5.203628930369494,0.0,0.0,1.2733886541126866,True
multicopter,hover_climb,916.8907004672358,5.203628930369494,0.0,0.0,2.002297366843501,True
multicopter,hover_climb,1217.61735139405,5.203628930369494,0.0,0.0,2.6590214245567916,True
multicopter,hover_climb,1425.7266509268143,5.203628930369494,0.0,0.0,3.1134885734304314,True
multicopter,hover_climb,1500.0,5.203628930369494,0.0,0.0,3.2756860209561873,True
multicopter,hover_descent,1500.0,3.3794255507442275,0.0,0.0,3.2756860209561873,True
multicopter,hover_descent,1425.7266509268143,3.3794255507442275,0.0,0.0,3.52543714513504,True
multicopter,hover_descent,1217.6173513940503,3.3794255507442275,0.0,0.0,4.225224244531448,True
multicopter,hover_descent,916.890700467236,3.3794255507442275,0.0,0.0,5.236445901784394,True
multicopter,hover_descent,583.1092995327642,3.3794255507442275,0.0,0.0,6.358817265855176,True
multicopter,hover_descent,282.38264860594995,3.3794255507442275,0.0,0.0,7.37003892310812,True
multicopter,hover_descent,74.27334907318571,3.3794255507442275,0.0,0.0,8.069826022504529,True
multicopter,hover_descent,-0.0,3.3794255507442275,0.0,0.0,8.319577146683383,True
