eVTOL_type,mission_segment,altitude_ft,air_speed_mph,pitch_angle_deg,range_nmi,time_min,fesibility
multicopter,hover_climb,0.0,5.44762735086122,0.0,0.0,0.0,True
multicopter,hover_climb,74.27334907318564,5.44762735086122,0.0,0.0,0.15493264792491332,True
multicopter,hover_climb,282.3826486059498,5.44762735086122,0.0,0.0,0.5890442806538931,True
multicopter,hover_climb,583.1092995327641,5.44762735086122,0.0,0.0,1.2163537652951792,True
multicopter,hover_climb,916.8907004672358,5.44762735086122,0.0,0.0,1.9126147649696186,True
multicopter,hover_climb,1217.61735139405,5.44762735086122,0.0,0.0,2.539924249610905,True
multicopter,hover_climb,1425.7266509268143,5.44762735086122,0.0,0.0,2.9740358823398845,True
multicopter,hover_climb,1500.0,5.44762735086122,0.0,0.0,3.1289685302647983,True
multicopter,hover_descent,1500.0,3.0867313094881785,0.0,0.0,3.1289685302647983,True
multicopter,hover_descent,1425.7266509268143,3.0867313094881785,0.0,0.0,3.4024018957743665,True
multicopter,hover_descent,1217.6173513940503,3.0867313094881785,0.0,0.0,4.168545160823744,True
multicopter,hover_descent,916.890700467236,3.0867313094881785,0.0,0.0,5.275654255639376,True
multicopter,hover_descent,583.1092995327642,3.0867313094881785,0.0,0.0,6.504452646191022,True
multicopter,hover_descent,282.38264860594995,3.0867313094881785,0.0,0.0,7.611561741006653,True
multicopter,hover_descent,74.27334907318571,3.0867313094881785,0.0,0.0,8.377705006056031,True
multicopter,hover_descent,-0.0,3.0867313094881785,0.0,0.0,8.6511383715656,True
