eVTOL_type,mission_segment,velocity_kts,equivalent_airspeed_kts,Mach,time_min,fesibility
multicopter,hover_climb,3.6733488963926026,3.6733488966936076,0.0055532392135169105,0.0,True
multicopter,hover_climb,3.6733488963926026,3.669358302216699,0.005554657695815577,0.19966229470276992,True
multicopter,hover_climb,3.6733488963926026,3.6581893012685676,0.005558637938177152,0.7591036126478474,True
multicopter,hover_climb,3.6733488963926026,3.6420818984608365,0.005564404559595764,1.5675197397187053,True
multicopter,hover_climb,3.6733488963926026,3.624248680304529,0.005570825893548131,2.4647939473758056,True
multicopter,hover_climb,3.6733488963926026,3.608221719836458,0.005576630216874211,3.273210074446663,True
multicopter,hover_climb,3.6733488963926026,3.5971530288283815,0.005580657473437245,3.8326513923917407,True
multicopter,hover_climb,3.6733488963926026,3.5932070764685773,0.005582096879270863,4.032313687094511,True
multicopter,hover_descent,2.672480750765089,2.6141749711838,0.004061156965897648,4.032313687094511,True
multicopter,hover_descent,2.672480750765089,2.617045779817134,0.004060109751355447,4.306751312019467,True
multicopter,hover_descent,2.672480750765089,2.6250986123929616,0.004057179791270885,5.075708449421356,True
multicopter,hover_descent,2.672480750765089,2.636758747205164,0.004052956957339863,6.18688370759733,True
multicopter,hover_descent,2.672480750765089,2.6497329932109626,0.004048285228117848,7.420195198995411,True
multicopter,hover_descent,2.672480750765089,2.6614516524406246,0.004044089823550282,8.531370457171384,True
multicopter,hover_descent,2.672480750765089,2.669577463759139,0.004041194067825816,9.300327594573274,True
multicopter,hover_descent,2.672480750765089,2.67248075098408,0.004040162075835561,9.57476521949823,True
