eVTOL_type,mission_segment,velocity_kts,equivalent_airspeed_kts,Mach,time_min,fesibility
multicopter,hover_climb,4.309049546524856,4.309049546877953,0.006514269019816944,0.0,True
multicopter,hover_climb,4.309049546524856,4.304368350017514,0.006515932981144393,0.1702067386273447,True
multicopter,hover_climb,4.309049546524856,4.291266469464336,0.006520602034378091,0.6471154224755729,True
multicopter,hover_climb,4.309049546524856,4.272371559472936,0.00652736661299823,1.3362684378073701,True
multicopter,hover_climb,4.309049546524856,4.251452168808744,0.0065348992070795335,2.101170578029197,True
multicopter,hover_climb,4.309049546524856,4.2326516223088095,0.006541708012205748,2.7903235933609944,True
multicopter,hover_climb,4.309049546524856,4.219667411085146,0.006546432215802015,3.2672322772092226,True
multicopter,hover_climb,4.309049546524856,4.215038581995886,0.006548120721639482,3.4374390158365675,True
multicopter,hover_descent,2.8769111544932064,2.8141452963665157,0.004371813631209094,3.4374390158365675,True
multicopter,hover_descent,2.8769111544932064,2.8172357064199054,0.004370686310386767,3.692375380052109,True
multicopter,hover_descent,2.8769111544932064,2.8259045373763243,0.004367532224114272,4.406691199176521,True
multicopter,hover_descent,2.8769111544932064,2.838456609788638,0.004362986366099672,5.438907464723602,True
multicopter,hover_descent,2.8769111544932064,2.8524233158330263,0.004357957274718662,6.584581086000021,True
multicopter,hover_descent,2.8769111544932064,2.8650383894659672,0.004353440944266296,7.616797351547102,True
multicopter,hover_descent,2.8769111544932064,2.873785781646378,0.004350323678803479,8.331113170671513,True
multicopter,hover_descent,2.8769111544932064,2.876911154728949,0.004349212744976449,8.586049534887055,True
