eVTOL_type,mission_segment,altitude_ft,air_speed_mph,pitch_angle_deg,range_nmi,time_min,fesibility
multicopter,hover_climb,0.0,4.942940489645591,0.0,0.0,0.0,True
multicopter,hover_climb,74.27334907318564,4.942940489645591,0.0,0.0,0.17075166738202538,True
multicopter,hover_climb,282.3826486059498,4.942940489645591,0.0,0.0,0.6491872076713184,True
multicopter,hover_climb,583.1092995327641,4.942940489645591,0.0,0.0,1.3405465944867465,True
multicopter,hover_climb,916.8907004672358,4.942940489645591,0.0,0.0,2.1078976223030668,True
multicopter,hover_climb,1217.61735139405,4.942940489645591,0.0,0.0,2.7992570091184947,True
multicopter,hover_climb,1425.7266509268143,4.942940489645591,0.0,0.0,3.277692549407788,True
multicopter,hover_climb,1500.0,4.942940489645591,0.0,0.0,3.4484442167898135,True
multicopter,hover_descent,1500.0,3.3284338703088325,0.0,0.0,3.4484442167898135,True
multicopter,hover_descent,1425.7266509268143,3.3284338703088325,0.0,0.0,3.7020215337093765,True
multicopter,hover_descent,1217.6173513940503,3.3284338703088325,0.0,0.0,4.4125293869304425,True
multicopter,hover_descent,916.890700467236,3.3284338703088325,0.0,0.0,5.439242982315603,True
multicopter,hover_descent,583.1092995327642,3.3284338703088325,0.0,0.0,6.578809100482919,True
multicopter,hover_descent,282.38264860594995,3.3284338703088325,0.0,0.0,7.605522695868078,True
multicopter,hover_descent,74.27334907318571,3.3284338703088325,0.0,0.0,8.316030549089145,True
multicopter,hover_descent,-0.0,3.3284338703088325,0.0,0.0,8.569607866008708,True
