eVTOL_type,mission_segment,altitude_ft,air_speed_mph,pitch_angle_deg,range_nmi,time_min,fesibility
multicopter,hover_climb,0.0,4.57611308614154,0.0,0.0,0.0,True
multicopter,hover_climb,74.27334907318564,4.57611308614154,0.0,0.0,0.18443935158271219,True
multicopter,hover_climb,282.3826486059498,4.57611308614154,0.0,0.0,0.7012269307496893,True
multicopter,hover_climb,583.1092995327641,4.57611308614154,0.0,0.0,1.4480066194631835,True
multicopter,hover_climb,916.8907004672358,4.57611308614154,0.0,0.0,2.2768695417216422,True
multicopter,hover_climb,1217.61735139405,4.57611308614154,0.0,0.0,3.023649230435136,True
multicopter,hover_climb,1425.7266509268143,4.57611308614154,0.0,0.0,3.5404368096021135,True
multicopter,hover_climb,1500.0,4.57611308614154,0.0,0.0,3.724876161184826,True
multicopter,hover_descent,1500.0,3.186376625190351,0.0,0.0,3.724876161184826,True
multicopter,hover_descent,1425.7266509268143,3.186376625190351,0.0,0.0,3.9897586373191998,True
multicopter,hover_descent,1217.6173513940503,3.186376625190351,0.0,0.0,4.731942842753527,True
multicopter,hover_descent,916.890700467236,3.186376625190351,0.0,0.0,5.804430093309596,True
multicopter,hover_descent,583.1092995327642,3.186376625190351,0.0,0.0,6.994801135821829,True
multicopter,hover_descent,282.38264860594995,3.186376625190351,0.0,0.0,8.067288386377898,True
multicopter,hover_descent,74.27334907318571,3.186376625190351,0.0,0.0,8.809472591812227,True
multicopter,hover_descent,-0.0,3.186376625190351,0.0,0.0,9.074355067946598,True
