eVTOL_type,mission_segment,altitude_ft,air_speed_mph,pitch_angle_deg,range_nmi,time_min,fesibility
multicopter,hover_climb,0.0,4.6336137812320795,0.0,0.0,0.0,True
multicopter,hover_climb,74.27334907318564,4.6336137812320795,0.0,0.0,0.18215055682795508,True
multicopter,hover_climb,282.3826486059498,4.6336137812320795,0.0,0.0,0.6925250756020661,True
multicopter,hover_climb,583.1092995327641,4.6336137812320795,0.0,0.0,1.4300376235464165,True
multicopter,hover_climb,916.8907004672358,4.6336137812320795,0.0,0.0,2.2486147955428057,True
multicopter,hover_climb,1217.61735139405,4.6336137812320795,0.0,0.0,2.9861273434871562,True
multicopter,hover_climb,1425.7266509268143,4.6336137812320795,0.0,0.0,3.4965018622612676,True
multicopter,hover_climb,1500.0,4.6336137812320795,0.0,0.0,3.678652419089223,True
multicopter,hover_descent,1500.0,3.3901242400110685,0.0,0.0,3.678652419089223,True
multicopter,hover_descent,1425.7266509268143,3.3901242400110685,0.0,0.0,3.927615368710902,True
multicopter,hover_descent,1217.6173513940503,3.3901242400110685,0.0,0.0,4.625194052073165,True
multicopter,hover_descent,916.890700467236,3.3901242400110685,0.0,0.0,5.633224455695,True
multicopter,hover_descent,583.1092995327642,3.3901242400110685,0.0,0.0,6.752053795457506,True
multicopter,hover_descent,282.38264860594995,3.3901242400110685,0.0,0.0,7.760084199079341,True
multicopter,hover_descent,74.27334907318571,3.3901242400110685,0.0,0.0,8.457662882441605,True
multicopter,hover_descent,-0.0,3.3901242400110685,0.0,0.0,8.706625832063283,True
