eVTOL_type,mission_segment,velocity_kts,equivalent_airspeed_kts,Mach,time_min,fesibility
multicopter,hover_climb,3.755447082140999,3.755447082448731,0.0056773523531384465,0.0,True
multicopter,hover_climb,3.755447082140999,3.751367299447712,0.005678802538067743,0.19529745829343514,True
multicopter,hover_climb,3.755447082140999,3.7399486748617705,0.0056828717375869255,0.7425087763925827,True
multicopter,hover_climb,3.755447082140999,3.7234812766969605,0.005688767241169938,1.5332520416415067,True
multicopter,hover_climb,3.755447082140999,3.7052494917565046,0.005695332089904712,2.4109108525279295,True
multicopter,hover_climb,3.755447082140999,3.6888643337921976,0.0057012661380208985,3.2016541177768536,True
multicopter,hover_climb,3.755447082140999,3.677548261041738,0.00570538340249407,3.748865435876001,True
multicopter,hover_climb,3.755447082140999,3.6735141178950177,0.005706854978592703,3.9441628941694367,True
multicopter,hover_descent,2.755009963510637,2.694903635848325,0.004186570062749956,3.9441628941694367,True
multicopter,hover_descent,2.755009963510637,2.6978630982825837,0.004185490509044332,4.210379452226107,True
multicopter,hover_descent,2.755009963510637,2.7061646113896614,0.004182470068495472,4.95630167214117,True
multicopter,hover_descent,2.755009963510637,2.7181848242852253,0.0041781168287009915,6.03419051012477,True
multicopter,hover_descent,2.755009963510637,2.7315597296067256,0.004173300831223819,7.230556862375179,True
multicopter,hover_descent,2.755009963510637,2.743640274219614,0.004168975867842401,8.308445700358778,True
multicopter,hover_descent,2.755009963510637,2.7520170197350704,0.004165990687922766,9.054367920273842,True
multicopter,hover_descent,2.755009963510637,2.7550099637363905,0.004164926826858622,9.320584478330513,True
