eVTOL_type,mission_segment,velocity_kts,equivalent_airspeed_kts,Mach,time_min,fesibility
multicopter,hover_climb,4.890309029108305,4.890309029509031,0.007392996590476207,0.0,True
multicopter,hover_climb,4.890309029108305,4.884996373196667,0.007394885008099595,0.1499760578589381,True
multicopter,hover_climb,4.890309029108305,4.870127144129859,0.007400183882698184,0.5701996338411466,True
multicopter,hover_climb,4.890309029108305,4.848683448034591,0.007407860953835799,1.1774402950194016,True
multicopter,hover_climb,4.890309029108305,4.824942183529743,0.007416409640141371,1.8514265811293709,True
multicopter,hover_climb,4.890309029108305,4.803605579875476,0.007424136903619466,2.458667242307626,True
multicopter,hover_climb,4.890309029108305,4.788869892875974,0.0074294983679639185,2.8788908182898343,True
multicopter,hover_climb,4.890309029108305,4.783616668366718,0.007431414640973433,3.028866876148773,True
multicopter,hover_descent,2.675073755723155,2.616711404293595,0.004065097349806883,3.028866876148773,True
multicopter,hover_descent,2.675073755723155,2.6195849983617796,0.004064049119192817,3.3030384829422332,True
multicopter,hover_descent,2.675073755723155,2.627645644290347,0.004061116316281034,4.071250254103076,True
multicopter,hover_descent,2.675073755723155,2.6393170924814653,0.004056889385097183,5.181348426853811,True
multicopter,hover_descent,2.675073755723155,2.652303926897568,0.004052213123076556,6.413464443620512,True
multicopter,hover_descent,2.675073755723155,2.6640339562901305,0.004048013647869812,7.523562616371247,True
multicopter,hover_descent,2.675073755723155,2.6721676517698425,0.004045115082505296,8.29177438753209,True
multicopter,hover_descent,2.675073755723155,2.6750737559423583,0.004044082089213031,8.565945994325551,True
