eVTOL_type,mission_segment,velocity_kts,equivalent_airspeed_kts,Mach,time_min,fesibility
multicopter,hover_climb,3.9698694110353423,3.969869411360645,0.006001508462088251,0.0,True
multicopter,hover_climb,3.9698694110353423,3.965556687632909,0.006003041447286882,0.1847489662654561,True
multicopter,hover_climb,3.9698694110353423,3.953486101237112,0.006007342983254576,0.7024040664955726,True
multicopter,hover_climb,3.9698694110353423,3.936078474708515,0.00601357509858597,1.4504373594665994,True
multicopter,hover_climb,3.9698694110353423,3.9168057213556904,0.006020514776235587,2.2806916774793318,True
multicopter,hover_climb,3.9698694110353423,3.8994850306430417,0.006026787636852393,3.0287249704503583,True
multicopter,hover_climb,3.9698694110353423,3.8875228514184332,0.006031139982107613,3.5463800706804753,True
multicopter,hover_climb,3.9698694110353423,3.883258373414187,0.006032695579833315,3.7311290369459313,True
multicopter,hover_descent,2.9522283527258817,2.887819291759441,0.0044862672017977525,3.7311290369459313,True
multicopter,hover_descent,2.9522283527258817,2.8909906083873165,0.004485110367847877,3.979561469085009,True
multicopter,hover_descent,2.9522283527258817,2.8998863883263515,0.0044818737079649115,4.675653675493266,True
multicopter,hover_descent,2.9522283527258817,2.912767072529347,0.00447720883991808,5.681536057680878,True
multicopter,hover_descent,2.9522283527258817,2.9270994253077887,0.004472048087511709,6.797981273517742,True
multicopter,hover_descent,2.9522283527258817,2.940044760096014,0.0044674135200552445,7.803863655705354,True
multicopter,hover_descent,2.9522283527258817,2.9490211579827155,0.004464214644946457,8.49995586211361,True
multicopter,hover_descent,2.9522283527258817,2.9522283529677957,0.004463074627001503,8.74838829425269,True
