eVTOL_type,mission_segment,velocity_kts,equivalent_airspeed_kts,Mach,time_min,fesibility
multicopter,hover_climb,3.957597991448538,3.957597991772835,0.005982956963067321,0.0,True
multicopter,hover_climb,3.957597991448538,3.9532985992751586,0.005984485209595067,0.18532182184304896,True
multicopter,hover_climb,3.957597991448538,3.9412653247440566,0.005988773448915628,0.7045820277331892,True
multicopter,hover_climb,3.957597991448538,3.92391150761497,0.005994986299910031,1.454934765585374,True
multicopter,hover_climb,3.957597991448538,3.9046983290285917,0.006001904526048926,2.2877634731955605,True
multicopter,hover_climb,3.957597991448538,3.887431178984731,0.006008157996379385,3.0381162110477447,True
multicopter,hover_climb,3.957597991448538,3.8755059765231445,0.0060124968879288814,3.557376416937885,True
multicopter,hover_climb,3.957597991448538,3.871254680614703,0.006014047677085228,3.7426982387809344,True
multicopter,hover_descent,2.9120832841042237,2.8485500721113106,0.004425261926069345,3.7426982387809344,True
multicopter,hover_descent,2.9120832841042237,2.8516782644586645,0.004424120823009073,3.994555482665785,True
multicopter,hover_descent,2.9120832841042237,2.8604530775708055,0.004420928175958985,4.700243798342552,True
multicopter,hover_descent,2.9120832841042237,2.873158607317763,0.004416326741842554,5.719992960192221,True
multicopter,hover_descent,2.9120832841042237,2.887296065522663,0.004411236166514221,6.851829140307732,True
multicopter,hover_descent,2.9120832841042237,2.9000653667215746,0.004406664620953877,7.871578302157403,True
multicopter,hover_descent,2.9120832841042237,2.9089197015203023,0.004403509244872066,8.577266617834168,True
multicopter,hover_descent,2.9120832841042237,2.9120832843428484,0.004402384729148879,8.829123861719019,True
