segment_type,climb_rate,descend_rate,start_altitude,end_altitude,climb_angle,descent_angle,speed,time_required
hover_climb,2.3957296566083706,,0.0,15.24,,,,
second_climb,2.54,,15.24,91.44,,,37.92911840140579,
departure_terminal_procedures,,,91.44,91.44,,,38.260434988658666,45.78260427015435
accel_climb,2.54,,91.44,457.20000000000005,,,36.61777143757162,
cruise_0,,,457.20000000000005,457.20000000000005,,,45.48632,1241.5366794151068
decel_descend,,2.54,457.20000000000005,91.44,,,41.43493693237581,
arrival_terminal_procedure,,,91.44,91.44,,,37.58042713159305,48.628433809590625
second_descent,,2.54,91.44,15.24,,,36.69715343384506,
hover_descent,,1.084402815067034,15.24,0.0,,,,
