eVTOL_type,mission_segment,velocity_kts,equivalent_airspeed_kts,Mach,time_min,fesibility
multicopter,hover_climb,4.605673918603816,4.605673918981219,0.006962695276394792,0.0,True
multicopter,hover_climb,4.605673918603816,4.600670480042958,0.00696447378072728,0.15924472354307911,True
multicopter,hover_climb,4.605673918603816,4.586666698258389,0.006969464240101403,0.6054385236662417,True
multicopter,hover_climb,4.605673918603816,4.5664711091378285,0.006976694475675335,1.2502072460472506,True
multicopter,hover_climb,4.605673918603816,4.544111679074449,0.006984745595005738,1.9658465376491019,True
multicopter,hover_climb,4.605673918603816,4.524016949196006,0.006992023101529642,2.6106152600301105,True
multicopter,hover_climb,4.605673918603816,4.510138936808169,0.006997072507681643,3.0568090601532734,True
multicopter,hover_climb,4.605673918603816,4.505191470509651,0.006998877246107848,3.2160537836963528,True
multicopter,hover_descent,2.7892783255479032,2.728424361606833,0.004238644973732085,3.2160537836963528,True
multicopter,hover_descent,2.7892783255479032,2.731420635497847,0.004237551991930841,3.4789996730254735,True
multicopter,hover_descent,2.7892783255479032,2.739825407489784,0.004234493981445172,4.2157576828115,True
multicopter,hover_descent,2.7892783255479032,2.751995134547811,0.004230086593607929,5.280403853472291,True
multicopter,hover_descent,2.7892783255479032,2.7655364044574036,0.0042252106920479034,6.46207195388006,True
multicopter,hover_descent,2.7892783255479032,2.7777672136725573,0.004220831932341639,7.526718124540851,True
multicopter,hover_descent,2.7892783255479032,2.7862481538558437,0.004217809621076714,8.263476134326877,True
multicopter,hover_descent,2.7892783255479032,2.789278325776465,0.004216732527110842,8.526422023656,True
