eVTOL_type,mission_segment,altitude_ft,air_speed_mph,pitch_angle_deg,range_nmi,time_min,fesibility
multicopter,hover_climb,0.0,4.950179446525834,0.0,0.0,0.0,True
multicopter,hover_climb,74.27334907318564,4.950179446525834,0.0,0.0,0.1705019665437506,True
multicopter,hover_climb,282.3826486059498,4.950179446525834,0.0,0.0,0.6482378606316195,True
multicopter,hover_climb,583.1092995327641,4.950179446525834,0.0,0.0,1.3385862293932635,True
multicopter,hover_climb,916.8907004672358,4.950179446525834,0.0,0.0,2.104815111828315,True
multicopter,hover_climb,1217.61735139405,4.950179446525834,0.0,0.0,2.7951634805899586,True
multicopter,hover_climb,1425.7266509268143,4.950179446525834,0.0,0.0,3.2728993746778277,True
multicopter,hover_climb,1500.0,4.950179446525834,0.0,0.0,3.4434013412215787,True
multicopter,hover_descent,1500.0,3.372822441296581,0.0,0.0,3.4434013412215787,True
multicopter,hover_descent,1425.7266509268143,3.372822441296581,0.0,0.0,3.6936414131693485,True
multicopter,hover_descent,1217.6173513940503,3.372822441296581,0.0,0.0,4.394798513770324,True
multicopter,hover_descent,916.890700467236,3.372822441296581,0.0,0.0,5.407999880122959,True
multicopter,hover_descent,583.1092995327642,3.372822441296581,0.0,0.0,6.532568555521821,True
multicopter,hover_descent,282.38264860594995,3.372822441296581,0.0,0.0,7.545769921874456,True
multicopter,hover_descent,74.27334907318571,3.372822441296581,0.0,0.0,8.24692702247543,True
multicopter,hover_descent,-0.0,3.372822441296581,0.0,0.0,8.497167094423201,True
