eVTOL_type,mission_segment,velocity_kts,equivalent_airspeed_kts,Mach,time_min,fesibility
multicopter,hover_climb,4.509057967221125,4.50905796759061,0.006816634691080803,0.0,True
multicopter,hover_climb,4.509057967221125,4.50415948875629,0.006818375886673862,0.16265687317159014,True
multicopter,hover_climb,4.509057967221125,4.490449472601677,0.006823261658224056,0.6184113040990902,True
multicopter,hover_climb,4.509057967221125,4.470677538323187,0.006830340220861293,1.2769955382760219,True
multicopter,hover_climb,4.509057967221125,4.448787155275756,0.006838222447089937,2.007968891118066,True
multicopter,hover_climb,4.509057967221125,4.429113964455286,0.0068453472890464126,2.6665531252949974,True
multicopter,hover_climb,4.509057967221125,4.415527079358233,0.006850290770812989,3.1223075562224976,True
multicopter,hover_climb,4.509057967221125,4.410683398992416,0.0068520576501716335,3.284964429394088,True
multicopter,hover_descent,2.785646307925501,2.72487158407582,0.004233125684710729,3.284964429394088,True
multicopter,hover_descent,2.785646307925501,2.7278639564129894,0.004232034126119614,3.5482531562546873,True
multicopter,hover_descent,2.785646307925501,2.73625778425507,0.004228980097577184,4.285971775457414,True
multicopter,hover_descent,2.785646307925501,2.748411664682544,0.004224578448754994,5.352006066944047,True
multicopter,hover_descent,2.785646307925501,2.761935302027293,0.004219708896278251,6.53521486523306,True
multicopter,hover_descent,2.785646307925501,2.774150185074664,0.00421533583830934,7.6012491567196925,True
multicopter,hover_descent,2.785646307925501,2.782620081926807,0.004212317462502442,8.33896777592242,True
multicopter,hover_descent,2.785646307925501,2.785646308153765,0.004211241771058588,8.60225650278302,True
