eVTOL_type,mission_segment,velocity_kts,equivalent_airspeed_kts,Mach,time_min,fesibility
multicopter,hover_climb,3.6418626525606994,3.6418626528591242,0.005505639421374816,0.0,True
multicopter,hover_climb,3.6418626525606994,3.6379062639080932,0.005507045745100805,0.20138850359497742,True
multicopter,hover_climb,3.6418626525606994,3.6268329984583123,0.005510991870670036,0.765666551375013,True
multicopter,hover_climb,3.6418626525606994,3.6108636608403053,0.005516709063283164,1.5810719555611674,True
multicopter,hover_climb,3.6418626525606994,3.593183300762828,0.005523075356537723,2.4861036755633594,True
multicopter,hover_climb,3.6418626525606994,3.577293715970038,0.005528829927895047,3.301509079749514,True
multicopter,hover_climb,3.6418626525606994,3.5663199006500084,0.005532822664681796,3.86578712752955,True
multicopter,hover_climb,3.6418626525606994,3.5624077711645494,0.005534249732595894,4.0671756311245275,True
multicopter,hover_descent,2.9354160593145546,2.871373793833401,0.00446071889336538,4.0671756311245275,True
multicopter,hover_descent,2.9354160593145546,2.8745270505081577,0.0044595686473312985,4.317030934453793,True
multicopter,hover_descent,2.9354160593145546,2.8833721709301803,0.0044563504195169685,5.017109937343025,True
multicopter,hover_descent,2.9354160593145546,2.896179502459776,0.0044517121168712375,6.028753407364492,True
multicopter,hover_descent,2.9354160593145546,2.910430235630451,0.004446580753818708,7.151592948287492,True
multicopter,hover_descent,2.9354160593145546,2.9233018495743637,0.004441972579208122,8.16323641830896,True
multicopter,hover_descent,2.9354160593145546,2.932227128842511,0.0044387919209919625,8.863315421198193,True
multicopter,hover_descent,2.9354160593145546,2.935416059555091,0.004437658395199341,9.113170724527459,True
