eVTOL_type,mission_segment,altitude_ft,air_speed_mph,pitch_angle_deg,range_nmi,time_min,fesibility
multicopter,hover_climb,0.0,4.5060448716704595,0.0,0.0,0.0,True
multicopter,hover_climb,74.27334907318564,4.5060448716704595,0.0,0.0,0.1873073514388285,True
multicopter,hover_climb,282.3826486059498,4.5060448716704595,0.0,0.0,0.7121308876289408,True
multicopter,hover_climb,583.1092995327641,4.5060448716704595,0.0,0.0,1.4705228706896118,True
multicopter,hover_climb,916.8907004672358,4.5060448716704595,0.0,0.0,2.3122744673083866,True
multicopter,hover_climb,1217.61735139405,4.5060448716704595,0.0,0.0,3.0706664503690577,True
multicopter,hover_climb,1425.7266509268143,4.5060448716704595,0.0,0.0,3.5954899865591705,True
multicopter,hover_climb,1500.0,4.5060448716704595,0.0,0.0,3.782797337997999,True
multicopter,hover_descent,1500.0,3.1374113615519965,0.0,0.0,3.782797337997999,True
multicopter,hover_descent,1425.7266509268143,3.1374113615519965,0.0,0.0,4.05181380830223,True
multicopter,hover_descent,1217.6173513940503,3.1374113615519965,0.0,0.0,4.805581208000676,True
multicopter,hover_descent,916.890700467236,3.1374113615519965,0.0,0.0,5.8948066592325645,True
multicopter,hover_descent,583.1092995327642,3.1374113615519965,0.0,0.0,7.103755702907911,True
multicopter,hover_descent,282.38264860594995,3.1374113615519965,0.0,0.0,8.1929811541398,True
multicopter,hover_descent,74.27334907318571,3.1374113615519965,0.0,0.0,8.946748553838246,True
multicopter,hover_descent,-0.0,3.1374113615519965,0.0,0.0,9.215765024142478,True
