eVTOL_type,mission_segment,velocity_kts,equivalent_airspeed_kts,Mach,time_min,fesibility
multicopter,hover_climb,3.5865724772645056,3.5865724775584,0.005422053685786624,0.0,True
multicopter,hover_climb,3.5865724772645056,3.5826761538705356,0.005423438658931125,0.2044930848454578,True
multicopter,hover_climb,3.5865724772645056,3.5717710009626678,0.005427324875054208,0.7774699759850866,True
multicopter,hover_climb,3.5865724772645056,3.5560441072697886,0.005432955270165085,1.6054455730282668,True
multicopter,hover_climb,3.5865724772645056,3.538632167586281,0.005439224911375453,2.5244291545262856,True
multicopter,hover_climb,3.5865724772645056,3.5229838159240043,0.005444892117752421,3.3524047515694657,True
multicopter,hover_climb,3.5865724772645056,3.512176603309951,0.005448824237448986,3.9253816427090946,True
multicopter,hover_climb,3.5865724772645056,3.508323867147544,0.005450229639846656,4.129874727554553,True
multicopter,hover_descent,2.8827007286065696,2.8198085587629365,0.004380611587652123,4.129874727554553,True
multicopter,hover_descent,2.8827007286065696,2.8229051880414207,0.004379481998178767,4.384299081293193,True
multicopter,hover_descent,2.8827007286065696,2.831591464388608,0.004376321564537425,5.0971802789412495,True
multicopter,hover_descent,2.8827007286065696,2.8441687969322245,0.004371766558314741,6.127323456390387,True
multicopter,hover_descent,2.8827007286065696,2.8581636099550423,0.004366727346253699,7.2706961234698335,True
multicopter,hover_descent,2.8827007286065696,2.8708040705046525,0.0043622019270153165,8.300839300918971,True
multicopter,hover_descent,2.8827007286065696,2.879569066174572,0.00435907838828285,9.013720498567025,True
multicopter,hover_descent,2.8827007286065696,2.8827007288427864,0.0043579652187824254,9.268144852305667,True
