eVTOL_type,mission_segment,velocity_kts,equivalent_airspeed_kts,Mach,time_min,fesibility
multicopter,hover_climb,3.639252250150037,3.639252250448248,0.00550169310714254,0.0,True
multicopter,hover_climb,3.639252250150037,3.6352986973447603,0.005503098422848404,0.20153295772981855,True
multicopter,hover_climb,3.639252250150037,3.624233368954001,0.005507041719926645,0.7662157570013586,True
multicopter,hover_climb,3.639252250150037,3.6082754777856247,0.005512754814589136,1.582206044038837,True
multicopter,hover_climb,3.639252250150037,3.590607790578866,0.00551911654463282,2.487886935030351,True
multicopter,hover_climb,3.639252250150037,3.5747295950707367,0.005524866991247293,3.3038772220678285,True
multicopter,hover_climb,3.639252250150037,3.5637636455261905,0.005528856866133217,3.868560021339369,True
multicopter,hover_climb,3.639252250150037,3.5598543201641193,0.005530282911158238,4.070092979069187,True
multicopter,hover_descent,2.8166762988165255,2.7552245905549704,0.004280279499989941,4.070092979069187,True
multicopter,hover_descent,2.8166762988165255,2.7582502956544874,0.004279175782262526,4.330481178524623,True
multicopter,hover_descent,2.8166762988165255,2.766737624383863,0.004276087734154303,5.060072700537083,True
multicopter,hover_descent,2.8166762988165255,2.779026889837742,0.004271637054296668,6.114362996319188,True
multicopter,hover_descent,2.8166762988165255,2.792701170263929,0.004266713258692014,7.284536942769345,True
multicopter,hover_descent,2.8166762988165255,2.805052117860707,0.004262291488168119,8.33882723855145,True
multicopter,hover_descent,2.8166762988165255,2.8136163629513256,0.004259239489939907,9.06841876056391,True
multicopter,hover_descent,2.8166762988165255,2.8166762990473324,0.004258151816107762,9.328806960019346,True
