eVTOL_type,mission_segment,velocity_kts,equivalent_airspeed_kts,Mach,time_min,fesibility
multicopter,hover_climb,4.06877530863396,4.068775308967367,0.006151030907269573,0.0,True
multicopter,hover_climb,4.06877530863396,4.0643551374202636,0.006152602085481971,0.18025799270392104,True
multicopter,hover_climb,4.06877530863396,4.051983822698568,0.006157010790535569,0.6853296646414707,True
multicopter,hover_climb,4.06877530863396,4.034142500058435,0.006163398173684861,1.4151793768878622,True
multicopter,hover_climb,4.06877530863396,4.014389582556064,0.00617051074746176,2.2252514429133874,True
multicopter,hover_climb,4.06877530863396,3.9966373616633044,0.006176939891030365,2.955101155159779,True
multicopter,hover_climb,4.06877530863396,3.9843771549846556,0.006181400671241386,3.460172827097328,True
multicopter,hover_climb,4.06877530863396,3.9800064311619376,0.006182995025352611,3.6404308198012494,True
multicopter,hover_descent,2.751974187149808,2.691934091323704,0.004181956834268831,3.6404308198012494,True
multicopter,hover_descent,2.751974187149808,2.694890292693132,0.004180878470135536,3.9069410484663085,True
multicopter,hover_descent,2.751974187149808,2.7031826582698617,0.004177861357843975,4.653686115140912,True
multicopter,hover_descent,2.751974187149808,2.715189625958097,0.00417351291493322,5.7327640011429235,True
multicopter,hover_descent,2.751974187149808,2.728549793321498,0.004168702224257653,6.930450097127854,True
multicopter,hover_descent,2.751974187149808,2.7406170262468628,0.004164382026601865,8.009527983129864,True
multicopter,hover_descent,2.751974187149808,2.7489845413325367,0.004161400136085446,8.75627304980447,True
multicopter,hover_descent,2.751974187149808,2.7519741873753127,0.004160337447301733,9.022783278469529,True
