eVTOL_type,mission_segment,velocity_kts,equivalent_airspeed_kts,Mach,time_min,fesibility
multicopter,hover_climb,4.816653779932836,4.816653780327527,0.007281647184378612,0.0,True
multicopter,hover_climb,4.816653779932836,4.81142114043583,0.00728350715965413,0.15226945996269248,True
multicopter,hover_climb,4.816653779932836,4.7967758638361255,0.0072887262254049375,0.5789190058427846,True
multicopter,hover_climb,4.816653779932836,4.775655141354537,0.007296287668555811,1.1954454625654278,True
multicopter,hover_climb,4.816653779932836,4.7522714552240695,0.00730470759906779,1.879738204175915,True
multicopter,hover_climb,4.816653779932836,4.7312562122137525,0.007312318478588647,2.496264660898558,True
multicopter,hover_climb,4.816653779932836,4.716742466341337,0.007317599191391655,2.92291420677865,True
multicopter,hover_climb,4.816653779932836,4.7115683631223515,0.007319486602510201,3.075183666741343,True
multicopter,hover_descent,2.702632796718224,2.6436691869374975,0.004106976637909723,3.075183666741343,True
multicopter,hover_descent,2.702632796718224,2.646572385234933,0.004105917608254919,3.3465595157979475,True
multicopter,hover_descent,2.702632796718224,2.654716073237057,0.0041029545911348345,4.106937747855726,True
multicopter,hover_descent,2.702632796718224,2.666507762568624,0.004098684113424638,5.205716128628601,True
multicopter,hover_descent,2.702632796718224,2.679628389446076,0.004093959675798963,6.425268124172004,True
multicopter,hover_descent,2.702632796718224,2.6914792634920657,0.004089716936921776,7.524046504944878,True
multicopter,hover_descent,2.702632796718224,2.6996967536135843,0.004086788510069689,8.284424737002658,True
multicopter,hover_descent,2.702632796718224,2.702632796939686,0.004085744874714031,8.555800586059263,True
