eVTOL_type,mission_segment,velocity_kts,equivalent_airspeed_kts,Mach,time_min,fesibility
multicopter,hover_climb,4.305048157986352,4.30504815833912,0.006508219861850391,0.0,True
multicopter,hover_climb,4.305048157986352,4.300371308443659,0.0065098822780213705,0.1703649397131691,True
multicopter,hover_climb,4.305048157986352,4.2872815943123594,0.006514546995566678,0.6477168931536139,True
multicopter,hover_climb,4.305048157986352,4.268404230156872,0.006521305292591058,1.3375104516049365,True
multicopter,hover_climb,4.305048157986352,4.2475042652637525,0.006528830891896531,2.1031235410530305,True
multicopter,hover_climb,4.305048157986352,4.2287211769736786,0.0065356333743582,2.792917099504353,True
multicopter,hover_climb,4.305048157986352,4.2157490229040135,0.006540353191053383,3.2702690529447977,True
multicopter,hover_climb,4.305048157986352,4.211124492150956,0.006542040128942319,3.440633992657967,True
multicopter,hover_descent,2.7073379057187137,2.6482716441047756,0.004114126618760727,3.440633992657967,True
multicopter,hover_descent,2.7073379057187137,2.651179896682784,0.004113065745403749,3.7115382149748086,True
multicopter,hover_descent,2.7073379057187137,2.65933776231931,0.004110097569862389,4.47059497827323,True
multicopter,hover_descent,2.7073379057187137,2.6711499802197864,0.004105819657526542,5.567463781361695,True
multicopter,hover_descent,2.7073379057187137,2.684293449260513,0.0041010869949603505,6.784896305575465,True
multicopter,hover_descent,2.7073379057187137,2.6961649549121747,0.004096836869749029,7.881765108663931,True
multicopter,hover_descent,2.7073379057187137,2.704396751152815,0.004093903344695087,8.640821871962352,True
multicopter,hover_descent,2.7073379057187137,2.707337905940561,0.004092857892437736,8.911726094279194,True
