eVTOL_type,mission_segment,altitude_ft,air_speed_mph,pitch_angle_deg,range_nmi,time_min,fesibility
multicopter,hover_climb,0.0,4.7993255723834825,0.0,0.0,0.0,True
multicopter,hover_climb,74.27334907318564,4.7993255723834825,0.0,0.0,0.17586123667745834,True
multicopter,hover_climb,282.3826486059498,4.7993255723834825,0.0,0.0,0.6686134719893347,True
multicopter,hover_climb,583.1092995327641,4.7993255723834825,0.0,0.0,1.380661082522532,True
multicopter,hover_climb,916.8907004672358,4.7993255723834825,0.0,0.0,2.1709743063200904,True
multicopter,hover_climb,1217.61735139405,4.7993255723834825,0.0,0.0,2.8830219168532873,True
multicopter,hover_climb,1425.7266509268143,4.7993255723834825,0.0,0.0,3.375774152165164,True
multicopter,hover_climb,1500.0,4.7993255723834825,0.0,0.0,3.551635388842622,True
multicopter,hover_descent,1500.0,3.375550002005488,0.0,0.0,3.551635388842622,True
multicopter,hover_descent,1425.7266509268143,3.375550002005488,0.0,0.0,3.801673258190036,True
multicopter,hover_descent,1217.6173513940503,3.375550002005488,0.0,0.0,4.502263799694793,True
multicopter,hover_descent,916.890700467236,3.375550002005488,0.0,0.0,5.514646464432749,True
multicopter,hover_descent,583.1092995327642,3.375550002005488,0.0,0.0,6.638306449593972,True
multicopter,hover_descent,282.38264860594995,3.375550002005488,0.0,0.0,7.650689114331927,True
multicopter,hover_descent,74.27334907318571,3.375550002005488,0.0,0.0,8.351279655836686,True
multicopter,hover_descent,-0.0,3.375550002005488,0.0,0.0,8.601317525184099,True
