eVTOL_type,mission_segment,altitude_ft,air_speed_mph,pitch_angle_deg,range_nmi,time_min,fesibility
multicopter,hover_climb,0.0,4.5920596152023,0.0,0.0,0.0,True
multicopter,hover_climb,74.27334907318564,4.5920596152023,0.0,0.0,0.18379886175321947,True
multicopter,hover_climb,282.3826486059498,4.5920596152023,0.0,0.0,0.6987918282975416,True
multicopter,hover_climb,583.1092995327641,4.5920596152023,0.0,0.0,1.4429782266346152,True
multicopter,hover_climb,916.8907004672358,4.5920596152023,0.0,0.0,2.268962813726556,True
multicopter,hover_climb,1217.61735139405,4.5920596152023,0.0,0.0,3.01314921206363,True
multicopter,hover_climb,1425.7266509268143,4.5920596152023,0.0,0.0,3.5281421786079523,True
multicopter,hover_climb,1500.0,4.5920596152023,0.0,0.0,3.7119410403611717,True
multicopter,hover_descent,1500.0,3.1526207436864992,0.0,0.0,3.7119410403611717,True
multicopter,hover_descent,1425.7266509268143,3.1526207436864992,0.0,0.0,3.9796596779636655,True
multicopter,hover_descent,1217.6173513940503,3.1526207436864992,0.0,0.0,4.729790631240352,True
multicopter,hover_descent,916.890700467236,3.1526207436864992,0.0,0.0,5.813761265142377,True
multicopter,hover_descent,583.1092995327642,3.1526207436864992,0.0,0.0,7.01687790159804,True
multicopter,hover_descent,282.38264860594995,3.1526207436864992,0.0,0.0,8.100848535500063,True
multicopter,hover_descent,74.27334907318571,3.1526207436864992,0.0,0.0,8.850979488776751,True
multicopter,hover_descent,-0.0,3.1526207436864992,0.0,0.0,9.118698126379243,True
