eVTOL_type,mission_segment,altitude_ft,air_speed_mph,pitch_angle_deg,range_nmi,time_min,fesibility
multicopter,hover_climb,0.0,5.32462102105742,0.0,0.0,0.0,True
multicopter,hover_climb,74.27334907318564,5.32462102105742,0.0,0.0,0.15851181277301424,True
multicopter,hover_climb,282.3826486059498,5.32462102105742,0.0,0.0,0.6026520425525542,True
multicopter,hover_climb,583.1092995327641,5.32462102105742,0.0,0.0,1.244453269808325,True
multicopter,hover_climb,916.8907004672358,5.32462102105742,0.0,0.0,1.9567988903068148,True
multicopter,hover_climb,1217.61735139405,5.32462102105742,0.0,0.0,2.5986001175625852,True
multicopter,hover_climb,1425.7266509268143,5.32462102105742,0.0,0.0,3.0427403473421255,True
multicopter,hover_climb,1500.0,5.32462102105742,0.0,0.0,3.20125216011514,True
multicopter,hover_descent,1500.0,3.0717082702993728,0.0,0.0,3.20125216011514,True
multicopter,hover_descent,1425.7266509268143,3.0717082702993728,0.0,0.0,3.4760228271534035,True
multicopter,hover_descent,1217.6173513940503,3.0717082702993728,0.0,0.0,4.245913127820181,True
multicopter,hover_descent,916.890700467236,3.0717082702993728,0.0,0.0,5.358436845983517,True
multicopter,hover_descent,583.1092995327642,3.0717082702993728,0.0,0.0,6.59324501505316,True
multicopter,hover_descent,282.38264860594995,3.0717082702993728,0.0,0.0,7.7057687332164955,True
multicopter,hover_descent,74.27334907318571,3.0717082702993728,0.0,0.0,8.475659033883273,True
multicopter,hover_descent,-0.0,3.0717082702993728,0.0,0.0,8.750429700921538,True
