eVTOL_type,mission_segment,altitude_ft,air_speed_mph,pitch_angle_deg,range_nmi,time_min,fesibility
multicopter,hover_climb,0.0,5.211419730551839,0.0,0.0,0.0,True
multicopter,hover_climb,74.27334907318564,5.211419730551839,0.0,0.0,0.16195497081708607,True
multicopter,hover_climb,282.3826486059498,5.211419730551839,0.0,0.0,0.6157427150506509,True
multicopter,hover_climb,583.1092995327641,5.211419730551839,0.0,0.0,1.2714850046137798,True
multicopter,hover_climb,916.8907004672358,5.211419730551839,0.0,0.0,1.99930403690708,True
multicopter,hover_climb,1217.61735139405,5.211419730551839,0.0,0.0,2.6550463264702087,True
multicopter,hover_climb,1425.7266509268143,5.211419730551839,0.0,0.0,3.108834070703774,True
multicopter,hover_climb,1500.0,5.211419730551839,0.0,0.0,3.27078904152086,True
multicopter,hover_descent,1500.0,3.3216109417404605,0.0,0.0,3.27078904152086,True
multicopter,hover_descent,1425.7266509268143,3.3216109417404605,0.0,0.0,3.5248872321821842,True
multicopter,hover_descent,1217.6173513940503,3.3216109417404605,0.0,0.0,4.236854541195883,True
multicopter,hover_descent,916.890700467236,3.3216109417404605,0.0,0.0,5.265677111305765,True
multicopter,hover_descent,583.1092995327642,3.3216109417404605,0.0,0.0,6.407584014820784,True
multicopter,hover_descent,282.38264860594995,3.3216109417404605,0.0,0.0,7.4364065849306655,True
multicopter,hover_descent,74.27334907318571,3.3216109417404605,0.0,0.0,8.148373893944363,True
multicopter,hover_descent,-0.0,3.3216109417404605,0.0,0.0,8.402472084605687,True
