eVTOL_type,mission_segment,velocity_kts,equivalent_airspeed_kts,Mach,time_min,fesibility
multicopter,hover_climb,3.572910834739308,3.572910835032083,0.00540140049679429,0.0,True
multicopter,hover_climb,3.572910834739308,3.5690293528626107,0.005402780194426271,0.2052749995232243,True
multicopter,hover_climb,3.572910834739308,3.5581657388617787,0.005406651607531769,0.7804427669046667,True
multicopter,hover_climb,3.572910834739308,3.5424987506081527,0.00541226055585863,1.6115842718446827,True
multicopter,hover_climb,3.572910834739308,3.525153134886348,0.005418506315327441,2.5340817460082783,True
multicopter,hover_climb,3.572910834739308,3.5095643894882333,0.005424151934702298,3.365223250948295,True
multicopter,hover_climb,3.572910834739308,3.498798342716043,0.005428069076529602,3.940391018329737,True
multicopter,hover_climb,3.572910834739308,3.4949602820424284,0.005429469125597516,4.145666017852962,True
multicopter,hover_descent,2.771446798726216,2.710981866987591,0.0042115478171506,4.145666017852962,True
multicopter,hover_descent,2.771446798726216,2.7139589860535867,0.0042104618226528915,4.4103037046506035,True
multicopter,hover_descent,2.771446798726216,2.722310027331084,0.004207423361666996,5.151802025605017,True
multicopter,hover_descent,2.771446798726216,2.734401954761709,0.004203044149739527,6.223298144371061,True
multicopter,hover_descent,2.771446798726216,2.747856656932478,0.004198199419242155,7.412569113589604,True
multicopter,hover_descent,2.771446798726216,2.7600092760292148,0.004193848652429406,8.484065232355647,True
multicopter,hover_descent,2.771446798726216,2.7684359985638123,0.004190845662443354,9.225563553310062,True
multicopter,hover_descent,2.771446798726216,2.771446798953316,0.004189775454211963,9.490201240107703,True
