eVTOL_type,mission_segment,altitude_ft,air_speed_mph,pitch_angle_deg,range_nmi,time_min,fesibility
multicopter,hover_climb,0.0,5.1608555861088075,0.0,0.0,0.0,True
multicopter,hover_climb,74.27334907318564,5.1608555861088075,0.0,0.0,0.16354174541308605,True
multicopter,hover_climb,282.3826486059498,5.1608555861088075,0.0,0.0,0.6217755332653998,True
multicopter,hover_climb,583.1092995327641,5.1608555861088075,0.0,0.0,1.2839425420041866,True
multicopter,hover_climb,916.8907004672358,5.1608555861088075,0.0,0.0,2.018892474603305,True
multicopter,hover_climb,1217.61735139405,5.1608555861088075,0.0,0.0,2.681059483342091,True
multicopter,hover_climb,1425.7266509268143,5.1608555861088075,0.0,0.0,3.139293271194405,True
multicopter,hover_climb,1500.0,5.1608555861088075,0.0,0.0,3.3028350166074913,True
multicopter,hover_descent,1500.0,3.2871271126056687,0.0,0.0,3.3028350166074913,True
multicopter,hover_descent,1425.7266509268143,3.2871271126056687,0.0,0.0,3.559598841511138,True
multicopter,hover_descent,1217.6173513940503,3.2871271126056687,0.0,0.0,4.279035091698249,True
multicopter,hover_descent,916.890700467236,3.2871271126056687,0.0,0.0,5.318650594512691,True
multicopter,hover_descent,583.1092995327642,3.2871271126056687,0.0,0.0,6.472536749574643,True
multicopter,hover_descent,282.38264860594995,3.2871271126056687,0.0,0.0,7.512152252389085,True
multicopter,hover_descent,74.27334907318571,3.2871271126056687,0.0,0.0,8.231588502576198,True
multicopter,hover_descent,-0.0,3.2871271126056687,0.0,0.0,8.488352327479843,True
