eVTOL_type,mission_segment,altitude_ft,air_speed_mph,pitch_angle_deg,range_nmi,time_min,fesibility
multicopter,hover_climb,0.0,4.221317405439459,0.0,0.0,0.0,True
multicopter,hover_climb,74.27334907318564,4.221317405439459,0.0,0.0,0.19994121486565725,True
multicopter,hover_climb,282.3826486059498,4.221317405439459,0.0,0.0,0.7601640497404056,True
multicopter,hover_climb,583.1092995327641,4.221317405439459,0.0,0.0,1.5697095014951203,True
multicopter,hover_climb,916.8907004672358,4.221317405439459,0.0,0.0,2.4682371649863675,True
multicopter,hover_climb,1217.61735139405,4.221317405439459,0.0,0.0,3.2777826167410815,True
multicopter,hover_climb,1425.7266509268143,4.221317405439459,0.0,0.0,3.8380054516158304,True
multicopter,hover_climb,1500.0,4.221317405439459,0.0,0.0,4.037946666481488,True
multicopter,hover_descent,1500.0,3.3796254001758084,0.0,0.0,4.037946666481488,True
multicopter,hover_descent,1425.7266509268143,3.3796254001758084,0.0,0.0,4.287683021976154,True
multicopter,hover_descent,1217.6173513940503,3.3796254001758084,0.0,0.0,4.987428740439031,True
multicopter,hover_descent,916.890700467236,3.3796254001758084,0.0,0.0,5.998590600510494,True
multicopter,hover_descent,583.1092995327642,3.3796254001758084,0.0,0.0,7.120895594716994,True
multicopter,hover_descent,282.38264860594995,3.3796254001758084,0.0,0.0,8.132057454788455,True
multicopter,hover_descent,74.27334907318571,3.3796254001758084,0.0,0.0,8.831803173251332,True
multicopter,hover_descent,-0.0,3.3796254001758084,0.0,0.0,9.081539528746,True
