eVTOL_type,mission_segment,altitude_ft,air_speed_mph,pitch_angle_deg,range_nmi,time_min,fesibility
multicopter,hover_climb,0.0,5.603069907510948,0.0,0.0,0.0,True
multicopter,hover_climb,74.27334907318564,5.603069907510948,0.0,0.0,0.1506344458143744,True
multicopter,hover_climb,282.3826486059498,5.603069907510948,0.0,0.0,0.5727027838537193,True
multicopter,hover_climb,583.1092995327641,5.603069907510948,0.0,0.0,1.182609203440873,True
multicopter,hover_climb,916.8907004672358,5.603069907510948,0.0,0.0,1.8595542581652398,True
multicopter,hover_climb,1217.61735139405,5.603069907510948,0.0,0.0,2.4694606777523935,True
multicopter,hover_climb,1425.7266509268143,5.603069907510948,0.0,0.0,2.891529015791739,True
multicopter,hover_climb,1500.0,5.603069907510948,0.0,0.0,3.0421634616061133,True
multicopter,hover_descent,1500.0,3.153014413099713,0.0,0.0,3.0421634616061133,True
multicopter,hover_descent,1425.7266509268143,3.153014413099713,0.0,0.0,3.3098486732152037,True
multicopter,hover_descent,1217.6173513940503,3.153014413099713,0.0,0.0,4.059885968939619,True
multicopter,hover_descent,916.890700467236,3.153014413099713,0.0,0.0,5.143721263757364,True
multicopter,hover_descent,583.1092995327642,3.153014413099713,0.0,0.0,6.346687685162206,True
multicopter,hover_descent,282.38264860594995,3.153014413099713,0.0,0.0,7.430522979979951,True
multicopter,hover_descent,74.27334907318571,3.153014413099713,0.0,0.0,8.180560275704366,True
multicopter,hover_descent,-0.0,3.153014413099713,0.0,0.0,8.448245487313457,True
