eVTOL_type,mission_segment,altitude_ft,air_speed_mph,pitch_angle_deg,range_nmi,time_min,fesibility
multicopter,hover_climb,0.0,5.15582344571153,0.0,0.0,0.0,True
multicopter,hover_climb,74.27334907318564,5.15582344571153,0.0,0.0,0.16370136395557497,True
multicopter,hover_climb,282.3826486059498,5.15582344571153,0.0,0.0,0.6223823930254224,True
multicopter,hover_climb,583.1092995327641,5.15582344571153,0.0,0.0,1.2851956840486018,True
multicopter,hover_climb,916.8907004672358,5.15582344571153,0.0,0.0,2.020862935866415,True
multicopter,hover_climb,1217.61735139405,5.15582344571153,0.0,0.0,2.6836762268895944,True
multicopter,hover_climb,1425.7266509268143,5.15582344571153,0.0,0.0,3.1423572559594417,True
multicopter,hover_climb,1500.0,5.15582344571153,0.0,0.0,3.306058619915017,True
multicopter,hover_descent,1500.0,3.1056670260793124,0.0,0.0,3.306058619915017,True
multicopter,hover_descent,1425.7266509268143,3.1056670260793124,0.0,0.0,3.5778248212784063,True
multicopter,hover_descent,1217.6173513940503,3.1056670260793124,0.0,0.0,4.339296796194825,True
multicopter,hover_descent,916.890700467236,3.1056670260793124,0.0,0.0,5.439655681191162,True
multicopter,hover_descent,583.1092995327642,3.1056670260793124,0.0,0.0,6.660961904077784,True
multicopter,hover_descent,282.38264860594995,3.1056670260793124,0.0,0.0,7.761320789074122,True
multicopter,hover_descent,74.27334907318571,3.1056670260793124,0.0,0.0,8.52279276399054,True
multicopter,hover_descent,-0.0,3.1056670260793124,0.0,0.0,8.794558965353929,True
