eVTOL_type,mission_segment,altitude_ft,air_speed_mph,pitch_angle_deg,range_nmi,time_min,fesibility
multicopter,hover_climb,0.0,4.149077162162382,0.0,0.0,0.0,True
multicopter,hover_climb,74.27334907318564,4.149077162162382,0.0,0.0,0.2034224232015084,True
multicopter,hover_climb,282.3826486059498,4.149077162162382,0.0,0.0,0.7733993870786766,True
multicopter,hover_climb,583.1092995327641,4.149077162162382,0.0,0.0,1.5970399636269088,True
multicopter,hover_climb,916.8907004672358,4.149077162162382,0.0,0.0,2.5112120353720537,True
multicopter,hover_climb,1217.61735139405,4.149077162162382,0.0,0.0,3.3348526119202853,True
multicopter,hover_climb,1425.7266509268143,4.149077162162382,0.0,0.0,3.9048295757974536,True
multicopter,hover_climb,1500.0,4.149077162162382,0.0,0.0,4.108251998998963,True
multicopter,hover_descent,1500.0,3.2197083432319165,0.0,0.0,4.108251998998963,True
multicopter,hover_descent,1425.7266509268143,3.2197083432319165,0.0,0.0,4.370392305014971,True
multicopter,hover_descent,1217.6173513940503,3.2197083432319165,0.0,0.0,5.104893120516652,True
multicopter,hover_descent,916.890700467236,3.2197083432319165,0.0,0.0,6.166277550932552,True
multicopter,hover_descent,583.1092995327642,3.2197083432319165,0.0,0.0,7.344325392793003,True
multicopter,hover_descent,282.38264860594995,3.2197083432319165,0.0,0.0,8.405709823208904,True
multicopter,hover_descent,74.27334907318571,3.2197083432319165,0.0,0.0,9.140210638710585,True
multicopter,hover_descent,-0.0,3.2197083432319165,0.0,0.0,9.402350944726596,True
