eVTOL_type,mission_segment,altitude_ft,air_speed_mph,pitch_angle_deg,range_nmi,time_min,fesibility
multicopter,hover_climb,0.0,4.404588453092505,0.0,0.0,0.0,False
multicopter,hover_climb,74.27334907318564,4.404588453092505,0.0,0.0,0.1916218369469952,False
multicopter,hover_climb,282.3826486059498,4.404588453092505,0.0,0.0,0.7285342928930229,False
multicopter,hover_climb,583.1092995327641,4.404588453092505,0.0,0.0,1.5043952711388275,False
multicopter,hover_climb,916.8907004672358,4.404588453092505,0.0,0.0,2.3655359896323724,False
multicopter,hover_climb,1217.61735139405,4.404588453092505,0.0,0.0,3.141396967878177,False
multicopter,hover_climb,1425.7266509268143,4.404588453092505,0.0,0.0,3.6783094238242047,False
multicopter,hover_climb,1500.0,4.404588453092505,0.0,0.0,3.8699312607712,False
multicopter,hover_descent,1500.0,3.1269773032579837,0.0,0.0,3.8699312607712,True
multicopter,hover_descent,1425.7266509268143,3.1269773032579837,0.0,0.0,4.139845381829173,True
multicopter,hover_descent,1217.6173513940503,3.1269773032579837,0.0,0.0,4.8961279430481035,True
multicopter,hover_descent,916.890700467236,3.1269773032579837,0.0,0.0,5.988987907981654,True
multicopter,hover_descent,583.1092995327642,3.1269773032579837,0.0,0.0,7.201970957526839,True
multicopter,hover_descent,282.38264860594995,3.1269773032579837,0.0,0.0,8.29483092246039,True
multicopter,hover_descent,74.27334907318571,3.1269773032579837,0.0,0.0,9.051113483679321,True
multicopter,hover_descent,-0.0,3.1269773032579837,0.0,0.0,9.321027604737292,True
