eVTOL_type,mission_segment,velocity_kts,equivalent_airspeed_kts,Mach,time_min,fesibility
multicopter,hover_climb,4.678168222517764,4.678168222901107,0.007072289606420699,0.0,True
multicopter,hover_climb,4.678168222517764,4.673086028751468,0.007074096104796158,0.15677701934004137,True
multicopter,hover_climb,4.678168222517764,4.658861824411899,0.007079165115080514,0.5960564659359082,True
multicopter,hover_climb,4.678168222517764,4.638348352349275,0.007086509156126637,1.2308336579804258,True
multicopter,hover_climb,4.678168222517764,4.615636980019247,0.007094687001817156,1.9353831875578094,True
multicopter,hover_climb,4.678168222517764,4.595225954745033,0.007102079057868231,2.570160379602327,True
multicopter,hover_climb,4.678168222517764,4.581129499439712,0.007107207942765501,3.009439826198194,True
multicopter,hover_climb,4.678168222517764,4.5761041589512725,0.007109041088164988,3.1662168455382353,True
multicopter,hover_descent,2.955912397155255,2.891422961023378,0.004491865551829925,3.1662168455382353,True
multicopter,hover_descent,2.955912397155255,2.894598235092875,0.00449070727428316,3.4143396487050275,True
multicopter,hover_descent,2.955912397155255,2.9035051159511522,0.0044874665754176405,4.109564294011739,True
multicopter,hover_descent,2.955912397155255,2.916401873779632,0.004482795886147283,5.114193014084645,True
multicopter,hover_descent,2.955912397155255,2.930752111700449,0.004477628693710236,6.229246769950617,True
multicopter,hover_descent,2.955912397155255,2.943713600790718,0.004472988342841927,7.233875490023522,True
multicopter,hover_descent,2.955912397155255,2.9527012001986703,0.004469785475901677,7.929100135330232,True
multicopter,hover_descent,2.955912397155255,2.9559123973974715,0.00446864403534429,8.177222938497025,True
