eVTOL_type,mission_segment,velocity_kts,equivalent_airspeed_kts,Mach,time_min,fesibility
multicopter,hover_climb,3.6618540719923245,3.661854072292387,0.0055358617436896355,0.0,True
multicopter,hover_climb,3.6618540719923245,3.6578759653803843,0.0055372757872035865,0.2002890490659541,True
multicopter,hover_climb,3.6618540719923245,3.646741915020462,0.005541243574394605,0.7614864937123177,True
multicopter,hover_climb,3.6618540719923245,3.6306849162914183,0.005546992150617277,1.5724402973918932,True
multicopter,hover_climb,3.6618540719923245,3.6129075027202395,0.005553393390614977,2.472531113590225,True
multicopter,hover_climb,3.6618540719923245,3.5969306946067223,0.005559179550766452,3.2834849172698006,True
multicopter,hover_climb,3.6618540719923245,3.585896640292047,0.005563194205039773,3.8446823619161643,True
multicopter,hover_climb,3.6618540719923245,3.5819630358008356,0.005564629106613718,4.044971410982119,True
multicopter,hover_descent,2.932507023562715,2.8685282248052384,0.004456298262532306,4.044971410982119,True
multicopter,hover_descent,2.932507023562715,2.8716783565613406,0.004455149156407106,4.295074569816702,True
multicopter,hover_descent,2.932507023562715,2.8805147113532055,0.004451934117898681,4.995848048399309,True
multicopter,hover_descent,2.932507023562715,2.893309350649553,0.004447300411871607,6.0084950648739515,True
multicopter,hover_descent,2.932507023562715,2.907545961157053,0.004442174134067054,7.132448458327186,True
multicopter,hover_descent,2.932507023562715,2.9204048191630028,0.004437570526217847,8.145095474801828,True
multicopter,hover_descent,2.932507023562715,2.929321253362526,0.004434393020075628,8.845868953384436,True
multicopter,hover_descent,2.932507023562715,2.9325070238030135,0.004433260617621909,9.095972112219018,True
