eVTOL_type,mission_segment,velocity_kts,equivalent_airspeed_kts,Mach,time_min,fesibility
multicopter,hover_climb,4.671300639826003,4.671300640208782,0.007061907437293392,0.0,True
multicopter,hover_climb,4.671300639826003,4.666225906754638,0.007063711283716978,0.1570075074262301,True
multicopter,hover_climb,4.671300639826003,4.65202258364355,0.007068772852659843,0.5969327672884426,True
multicopter,hover_climb,4.671300639826003,4.631539225497096,0.007076106112603882,1.232643186541683,True
multicopter,hover_climb,4.671300639826003,4.608861193615746,0.007084271953161441,1.9382285201761986,True
multicopter,hover_climb,4.671300639826003,4.588480131865121,0.0070916531576240786,2.5739389394294387,True
multicopter,hover_climb,4.671300639826003,4.574404370251832,0.00709677451328352,3.0138641992916515,True
multicopter,hover_climb,4.671300639826003,4.569386406997325,0.007098604967613123,3.1708717067178815,True
multicopter,hover_descent,2.741354621758715,2.681546214051885,0.004165819123286068,3.1708717067178815,True
multicopter,hover_descent,2.741354621758715,2.684491007765712,0.004164744920441234,3.438414352998027,True
multicopter,hover_descent,2.741354621758715,2.6927513740166846,0.004161739450853816,4.188052189547453,True
multicopter,hover_descent,2.741354621758715,2.704712008138599,0.004157407788105484,5.271310249132819,True
multicopter,hover_descent,2.741354621758715,2.718020620087122,0.004152615661355568,6.473635987764987,True
multicopter,hover_descent,2.741354621758715,2.730041286889251,0.004148312134866873,7.556894047350352,True
multicopter,hover_descent,2.741354621758715,2.738376512655487,0.004145341751137645,8.306531883899778,True
multicopter,hover_descent,2.741354621758715,2.7413546219833496,0.004144283163152945,8.574074530179924,True
