eVTOL_type,mission_segment,velocity_kts,equivalent_airspeed_kts,Mach,time_min,fesibility
multicopter,hover_climb,3.9993087757036454,3.99930877603136,0.006046013854553855,0.0,True
multicopter,hover_climb,3.9993087757036454,3.9949640704338476,0.006047558207912397,0.1833890082089482,True
multicopter,hover_climb,3.9993087757036454,3.9828039721781194,0.006051891642784785,0.6972335906414234,True
multicopter,hover_climb,3.9993087757036454,3.9652672558955975,0.006058169973620241,1.4397605258564325,True
multicopter,hover_climb,3.9993087757036454,3.945851581565942,0.006065161113844532,2.263903247839396,True
multicopter,hover_climb,3.9993087757036454,3.928402445789387,0.006071480492120256,3.006430183054405,True
multicopter,hover_climb,3.9993087757036454,3.916351558620019,0.006075865113066654,3.5202747654868807,True
multicopter,hover_climb,3.9993087757036454,3.912055456521857,0.006077432246640009,3.703663773695829,True
multicopter,hover_descent,2.765461610560255,2.7051272582699037,0.004202452601551595,3.703663773695829,True
multicopter,hover_descent,2.765461610560255,2.7080979479800082,0.004201368952356498,3.9688742062315563,True
multicopter,hover_descent,2.765461610560255,2.7164309544341596,0.004198337053199877,4.711977325082533,True
multicopter,hover_descent,2.765461610560255,2.728496768261956,0.004193967298573705,5.785792443998651,True
multicopter,hover_descent,2.765461610560255,2.741922413795504,0.004189133030706774,6.977637309200386,True
multicopter,hover_descent,2.765461610560255,2.7540487882203113,0.004184791659765542,8.051452428116503,True
multicopter,hover_descent,2.765461610560255,2.7624573124910943,0.004181795155005956,8.79455554696748,True
multicopter,hover_descent,2.765461610560255,2.765461610786865,0.0041807272579853175,9.059765979503208,True
