eVTOL_type,mission_segment,altitude_ft,air_speed_mph,pitch_angle_deg,range_nmi,time_min,fesibility
multicopter,hover_climb,0.0,4.303804956107919,0.0,0.0,0.0,True
multicopter,hover_climb,74.27334907318564,4.303804956107919,0.0,0.0,0.19610910322023103,True
multicopter,hover_climb,282.3826486059498,4.303804956107919,0.0,0.0,0.7455945998678426,True
multicopter,hover_climb,583.1092995327641,4.303804956107919,0.0,0.0,1.5396241483344058,True
multicopter,hover_climb,916.8907004672358,4.303804956107919,0.0,0.0,2.420930458412771,True
multicopter,hover_climb,1217.61735139405,4.303804956107919,0.0,0.0,3.214960006879334,True
multicopter,hover_climb,1425.7266509268143,4.303804956107919,0.0,0.0,3.7644455035269457,True
multicopter,hover_climb,1500.0,4.303804956107919,0.0,0.0,3.960554606747177,True
multicopter,hover_descent,1500.0,3.106001834400749,0.0,0.0,3.960554606747177,True
multicopter,hover_descent,1425.7266509268143,3.106001834400749,0.0,0.0,4.2322915133481835,True
multicopter,hover_descent,1217.6173513940503,3.106001834400749,0.0,0.0,4.993681406164416,True
multicopter,hover_descent,916.890700467236,3.106001834400749,0.0,0.0,6.093921679089383,True
multicopter,hover_descent,583.1092995327642,3.106001834400749,0.0,0.0,7.315096252508861,True
multicopter,hover_descent,282.38264860594995,3.106001834400749,0.0,0.0,8.415336525433828,True
multicopter,hover_descent,74.27334907318571,3.106001834400749,0.0,0.0,9.176726418250063,True
multicopter,hover_descent,-0.0,3.106001834400749,0.0,0.0,9.448463324851069,True
