eVTOL_type,mission_segment,altitude_ft,air_speed_mph,pitch_angle_deg,range_nmi,time_min,fesibility
multicopter,hover_climb,0.0,4.039735089940528,0.0,0.0,0.0,True
multicopter,hover_climb,74.27334907318564,4.039735089940528,0.0,0.0,0.20892838554657184,True
multicopter,hover_climb,282.3826486059498,4.039735089940528,0.0,0.0,0.7943327130902936,True
multicopter,hover_climb,583.1092995327641,4.039735089940528,0.0,0.0,1.6402664760482102,True
multicopter,hover_climb,916.8907004672358,4.039735089940528,0.0,0.0,2.5791821179697427,True
multicopter,hover_climb,1217.61735139405,4.039735089940528,0.0,0.0,3.4251158809276583,True
multicopter,hover_climb,1425.7266509268143,4.039735089940528,0.0,0.0,4.01052020847138,True
multicopter,hover_climb,1500.0,4.039735089940528,0.0,0.0,4.219448594017953,True
multicopter,hover_descent,1500.0,3.3361029187745213,0.0,0.0,4.219448594017953,True
multicopter,hover_descent,1425.7266509268143,3.3361029187745213,0.0,0.0,4.472442986255453,True
multicopter,hover_descent,1217.6173513940503,3.3361029187745213,0.0,0.0,5.181317520812715,True
multicopter,hover_descent,916.890700467236,3.3361029187745213,0.0,0.0,6.205670902345036,True
multicopter,hover_descent,583.1092995327642,3.3361029187745213,0.0,0.0,7.342617380770154,True
multicopter,hover_descent,282.38264860594995,3.3361029187745213,0.0,0.0,8.366970762302476,True
multicopter,hover_descent,74.27334907318571,3.3361029187745213,0.0,0.0,9.075845296859738,True
multicopter,hover_descent,-0.0,3.3361029187745213,0.0,0.0,9.328839689097238,True
