eVTOL_type,mission_segment,altitude_ft,air_speed_mph,pitch_angle_deg,range_nmi,time_min,fesibility
multicopter,hover_climb,0.0,4.171761692570903,0.0,0.0,0.0,True
multicopter,hover_climb,74.27334907318564,4.171761692570903,0.0,0.0,0.20231628567857482,True
multicopter,hover_climb,282.3826486059498,4.171761692570903,0.0,0.0,0.7691939210892457,True
multicopter,hover_climb,583.1092995327641,4.171761692570903,0.0,0.0,1.5883558382409757,True
multicopter,hover_climb,916.8907004672358,4.171761692570903,0.0,0.0,2.497556973080244,True
multicopter,hover_climb,1217.61735139405,4.171761692570903,0.0,0.0,3.3167188902319737,True
multicopter,hover_climb,1425.7266509268143,4.171761692570903,0.0,0.0,3.883596525642645,True
multicopter,hover_climb,1500.0,4.171761692570903,0.0,0.0,4.0859128113212195,True
multicopter,hover_descent,1500.0,3.298515730930127,0.0,0.0,4.0859128113212195,True
multicopter,hover_descent,1425.7266509268143,3.298515730930127,0.0,0.0,4.341790120761582,True
multicopter,hover_descent,1217.6173513940503,3.298515730930127,0.0,0.0,5.058742409818744,True
multicopter,hover_descent,916.890700467236,3.298515730930127,0.0,0.0,6.09476848480214,True
multicopter,hover_descent,583.1092995327642,3.298515730930127,0.0,0.0,7.244670675535332,True
multicopter,hover_descent,282.38264860594995,3.298515730930127,0.0,0.0,8.280696750518727,True
multicopter,hover_descent,74.27334907318571,3.298515730930127,0.0,0.0,8.99764903957589,True
multicopter,hover_descent,-0.0,3.298515730930127,0.0,0.0,9.253526349016251,True
