eVTOL_type,mission_segment,altitude_ft,air_speed_mph,pitch_angle_deg,range_nmi,time_min,fesibility
multicopter,hover_climb,0.0,5.353256345009123,0.0,0.0,0.0,True
multicopter,hover_climb,74.27334907318564,5.353256345009123,0.0,0.0,0.15766391070810404,True
multicopter,hover_climb,282.3826486059498,5.353256345009123,0.0,0.0,0.5994283716957053,True
multicopter,hover_climb,583.1092995327641,5.353256345009123,0.0,0.0,1.2377965135786444,True
multicopter,hover_climb,916.8907004672358,5.353256345009123,0.0,0.0,1.946331696785528,True
multicopter,hover_climb,1217.61735139405,5.353256345009123,0.0,0.0,2.5846998386684668,True
multicopter,hover_climb,1425.7266509268143,5.353256345009123,0.0,0.0,3.0264642996560687,True
multicopter,hover_climb,1500.0,5.353256345009123,0.0,0.0,3.1841282103641726,True
multicopter,hover_descent,1500.0,3.3311038713616523,0.0,0.0,3.1841282103641726,True
multicopter,hover_descent,1425.7266509268143,3.3311038713616523,0.0,0.0,3.4375022758303757,True
multicopter,hover_descent,1217.6173513940503,3.3311038713616523,0.0,0.0,4.147440631134415,True
multicopter,hover_descent,916.890700467236,3.3311038713616523,0.0,0.0,5.173331278185786,True
multicopter,hover_descent,583.1092995327642,3.3311038713616523,0.0,0.0,6.31198399261285,True
multicopter,hover_descent,282.38264860594995,3.3311038713616523,0.0,0.0,7.33787463966422,True
multicopter,hover_descent,74.27334907318571,3.3311038713616523,0.0,0.0,8.047812994968261,True
multicopter,hover_descent,-0.0,3.3311038713616523,0.0,0.0,8.301187060434463,True
