eVTOL_type,mission_segment,altitude_ft,air_speed_mph,pitch_angle_deg,range_nmi,time_min,fesibility
multicopter,hover_climb,0.0,4.989831909369596,0.0,0.0,0.0,True
multicopter,hover_climb,74.27334907318564,4.989831909369596,0.0,0.0,0.1691470465753105,True
multicopter,hover_climb,282.3826486059498,4.989831909369596,0.0,0.0,0.6430865392746115,True
multicopter,hover_climb,583.1092995327641,4.989831909369596,0.0,0.0,1.3279489490823733,True
multicopter,hover_climb,916.8907004672358,4.989831909369596,0.0,0.0,2.0880888764499157,True
multicopter,hover_climb,1217.61735139405,4.989831909369596,0.0,0.0,2.7729512862576775,True
multicopter,hover_climb,1425.7266509268143,4.989831909369596,0.0,0.0,3.246890778956978,True
multicopter,hover_climb,1500.0,4.989831909369596,0.0,0.0,3.416037825532289,True
multicopter,hover_descent,1500.0,3.2138436910964416,0.0,0.0,3.416037825532289,True
multicopter,hover_descent,1425.7266509268143,3.2138436910964416,0.0,0.0,3.678656487639395,True
multicopter,hover_descent,1217.6173513940503,3.2138436910964416,0.0,0.0,4.4144976271238745,True
multicopter,hover_descent,916.890700467236,3.2138436910964416,0.0,0.0,5.477818881811484,True
multicopter,hover_descent,583.1092995327642,3.2138436910964416,0.0,0.0,6.658016436431955,True
multicopter,hover_descent,282.38264860594995,3.2138436910964416,0.0,0.0,7.721337691119564,True
multicopter,hover_descent,74.27334907318571,3.2138436910964416,0.0,0.0,8.457178830604045,True
multicopter,hover_descent,-0.0,3.2138436910964416,0.0,0.0,8.71979749271115,True
