eVTOL_type,mission_segment,altitude_ft,air_speed_mph,pitch_angle_deg,range_nmi,time_min,fesibility
multicopter,hover_climb,0.0,4.485555879341207,0.0,0.0,0.0,False
multicopter,hover_climb,74.27334907318564,4.485555879341207,0.0,0.0,0.18816292853787167,False
multicopter,hover_climb,282.3826486059498,4.485555879341207,0.0,0.0,0.7153837384876834,False
multicopter,hover_climb,583.1092995327641,4.485555879341207,0.0,0.0,1.4772398824999686,False
multicopter,hover_climb,916.8907004672358,4.485555879341207,0.0,0.0,2.3228364077006587,False
multicopter,hover_climb,1217.61735139405,4.485555879341207,0.0,0.0,3.0846925517129438,False
multicopter,hover_climb,1425.7266509268143,4.485555879341207,0.0,0.0,3.611913361662756,False
multicopter,hover_climb,1500.0,4.485555879341207,0.0,0.0,3.8000762902006278,False
multicopter,hover_descent,1500.0,3.324820927079794,0.0,0.0,3.8000762902006278,True
multicopter,hover_descent,1425.7266509268143,3.324820927079794,0.0,0.0,4.053929158937956,True
multicopter,hover_descent,1217.6173513940503,3.324820927079794,0.0,0.0,4.765209091195389,True
multicopter,hover_descent,916.890700467236,3.324820927079794,0.0,0.0,5.793038373113438,True
multicopter,hover_descent,583.1092995327642,3.324820927079794,0.0,0.0,6.933842809909327,True
multicopter,hover_descent,282.38264860594995,3.324820927079794,0.0,0.0,7.961672091827377,True
multicopter,hover_descent,74.27334907318571,3.324820927079794,0.0,0.0,8.672952024084811,True
multicopter,hover_descent,-0.0,3.324820927079794,0.0,0.0,8.926804892822139,True
