segment_type,climb_rate,descend_rate,start_altitude,end_altitude,climb_angle,descent_angle,speed,time_required
hover_climb,2.260927323810201,,0.0,15.24,,,,
second_climb,2.54,,15.24,91.44,,,39.805543319555575,
departure_terminal_procedures,,,91.44,91.44,,,42.95923728774552,58.35230284661357
accel_climb,2.54,,91.44,457.20000000000005,,,38.00306323358106,
cruise_0,,,457.20000000000005,457.20000000000005,,,45.48632,812.8378378378375
decel_descend,,2.54,457.20000000000005,91.44,,,42.04067777450737,
arrival_terminal_procedure,,,91.44,91.44,,,42.14766147720996,42.72804298433779
second_descent,,2.54,91.44,15.24,,,36.19005444227788,
hover_descent,,1.226900602104847,15.24,0.0,,,,
