eVTOL_type,mission_segment,velocity_kts,equivalent_airspeed_kts,Mach,time_min,fesibility
multicopter,hover_climb,3.661238888535926,3.661238888835939,0.0055349317310526835,0.0,True
multicopter,hover_climb,3.661238888535926,3.657261450237176,0.005536345537010425,0.20032270284087406,True
multicopter,hover_climb,3.661238888535926,3.6461292703733053,0.005540312657621894,0.7616144432691383,True
multicopter,hover_climb,3.661238888535926,3.630074969184847,0.005546060268096362,1.5727045083015276,True
multicopter,hover_climb,3.661238888535926,3.612300542180176,0.0055524604326997766,2.472946563191526,True
multicopter,hover_climb,3.661238888535926,3.596326418135397,0.00555824562078903,3.2840366282239155,True
multicopter,hover_climb,3.661238888535926,3.585294217517657,0.005562259600609235,3.8453283686521793,True
multicopter,hover_climb,3.661238888535926,3.5813612738633767,0.00556369426112286,4.045651071493054,True
multicopter,hover_descent,2.7518223342608295,2.6917855514243776,0.004181726075481254,4.045651071493054,True
multicopter,hover_descent,2.7518223342608295,2.6947415896717386,0.004180647770851683,4.31217600690268,True
multicopter,hover_descent,2.7518223342608295,2.7030334976788897,0.00417763082504323,5.058962280959859,True
multicopter,hover_descent,2.7518223342608295,2.7150398028272145,0.004173282622077902,6.138099713354958,True
multicopter,hover_descent,2.7518223342608295,2.728399232981662,0.004168472196854416,7.335851900850048,True
multicopter,hover_descent,2.7518223342608295,2.7404658000417035,0.004164152237585492,8.414989333245146,True
multicopter,hover_descent,2.7518223342608295,2.7488328534110775,0.004161170511608657,9.161775607302326,True
multicopter,hover_descent,2.7518223342608295,2.7518223344863215,0.004160107881463707,9.428300542711952,True
