eVTOL_type,mission_segment,altitude_ft,air_speed_mph,pitch_angle_deg,range_nmi,time_min,fesibility
multicopter,hover_climb,0.0,4.346599379919893,0.0,0.0,0.0,True
multicopter,hover_climb,74.27334907318564,4.346599379919893,0.0,0.0,0.19417831196411406,True
multicopter,hover_climb,282.3826486059498,4.346599379919893,0.0,0.0,0.7382538517312494,True
multicopter,hover_climb,583.1092995327641,4.346599379919893,0.0,0.0,1.5244657860019226,True
multicopter,hover_climb,916.8907004672358,4.346599379919893,0.0,0.0,2.397095198937226,True
multicopter,hover_climb,1217.61735139405,4.346599379919893,0.0,0.0,3.183307133207899,True
multicopter,hover_climb,1425.7266509268143,4.346599379919893,0.0,0.0,3.7273826729750343,True
multicopter,hover_climb,1500.0,4.346599379919893,0.0,0.0,3.921560984939149,True
multicopter,hover_descent,1500.0,3.4072108880607863,0.0,0.0,3.921560984939149,True
multicopter,hover_descent,1425.7266509268143,3.4072108880607863,0.0,0.0,4.169275422966635,True
multicopter,hover_descent,1217.6173513940503,3.4072108880607863,0.0,0.0,4.863355854579537,True
multicopter,hover_descent,916.890700467236,3.4072108880607863,0.0,0.0,5.86633113795905,True
multicopter,hover_descent,583.1092995327642,3.4072108880607863,0.0,0.0,6.979549717547242,True
multicopter,hover_descent,282.38264860594995,3.4072108880607863,0.0,0.0,7.982525000926754,True
multicopter,hover_descent,74.27334907318571,3.4072108880607863,0.0,0.0,8.676605432539656,True
multicopter,hover_descent,-0.0,3.4072108880607863,0.0,0.0,8.924319870567142,True
