eVTOL_type,mission_segment,altitude_ft,air_speed_mph,pitch_angle_deg,range_nmi,time_min,fesibility
multicopter,hover_climb,0.0,4.078258521899314,0.0,0.0,0.0,True
multicopter,hover_climb,74.27334907318564,4.078258521899314,0.0,0.0,0.20695483767028025,True
multicopter,hover_climb,282.3826486059498,4.078258521899314,0.0,0.0,0.7868294069460031,True
multicopter,hover_climb,583.1092995327641,4.078258521899314,0.0,0.0,1.624772437687225,True
multicopter,hover_climb,916.8907004672358,4.078258521899314,0.0,0.0,2.5548190359587837,True
multicopter,hover_climb,1217.61735139405,4.078258521899314,0.0,0.0,3.392762066700005,True
multicopter,hover_climb,1425.7266509268143,4.078258521899314,0.0,0.0,3.972636635975728,True
multicopter,hover_climb,1500.0,4.078258521899314,0.0,0.0,4.179591473646009,True
multicopter,hover_descent,1500.0,3.0876478612497387,0.0,0.0,4.179591473646009,True
multicopter,hover_descent,1425.7266509268143,3.0876478612497387,0.0,0.0,4.452943671922755,True
multicopter,hover_descent,1217.6173513940503,3.0876478612497387,0.0,0.0,5.218859511439576,True
multicopter,hover_descent,916.890700467236,3.0876478612497387,0.0,0.0,6.325639966838833,True
multicopter,hover_descent,583.1092995327642,3.0876478612497387,0.0,0.0,7.554073595157196,True
multicopter,hover_descent,282.38264860594995,3.0876478612497387,0.0,0.0,8.660854050556452,True
multicopter,hover_descent,74.27334907318571,3.0876478612497387,0.0,0.0,9.426769890073274,True
multicopter,hover_descent,-0.0,3.0876478612497387,0.0,0.0,9.70012208835002,True
