eVTOL_type,mission_segment,altitude_ft,air_speed_mph,pitch_angle_deg,range_nmi,time_min,fesibility
multicopter,hover_climb,0.0,5.542545182252108,0.0,0.0,0.0,True
multicopter,hover_climb,74.27334907318564,5.542545182252108,0.0,0.0,0.15227937754657328,True
multicopter,hover_climb,282.3826486059498,5.542545182252108,0.0,0.0,0.578956711879189,True
multicopter,hover_climb,583.1092995327641,5.542545182252108,0.0,0.0,1.1955233240791732,True
multicopter,hover_climb,916.8907004672358,5.542545182252108,0.0,0.0,1.879860634907057,True
multicopter,hover_climb,1217.61735139405,5.542545182252108,0.0,0.0,2.4964272471070412,True
multicopter,hover_climb,1425.7266509268143,5.542545182252108,0.0,0.0,2.9231045814396572,True
multicopter,hover_climb,1500.0,5.542545182252108,0.0,0.0,3.0753839589862304,True
multicopter,hover_descent,1500.0,3.1008029105469443,0.0,0.0,3.0753839589862304,True
multicopter,hover_descent,1425.7266509268143,3.1008029105469443,0.0,0.0,3.3475764699988813,True
multicopter,hover_descent,1217.6173513940503,3.1008029105469443,0.0,0.0,4.110242938008702,True
multicopter,hover_descent,916.890700467236,3.1008029105469443,0.0,0.0,5.212327915535941,True
multicopter,hover_descent,583.1092995327642,3.1008029105469443,0.0,0.0,6.4355499565960805,True
multicopter,hover_descent,282.38264860594995,3.1008029105469443,0.0,0.0,7.537634934123319,True
multicopter,hover_descent,74.27334907318571,3.1008029105469443,0.0,0.0,8.30030140213314,True
multicopter,hover_descent,-0.0,3.1008029105469443,0.0,0.0,8.572493913145792,True
