eVTOL_type,mission_segment,altitude_ft,air_speed_mph,pitch_angle_deg,range_nmi,time_min,fesibility
multicopter,hover_climb,0.0,4.662153067256364,0.0,0.0,0.0,True
multicopter,hover_climb,74.27334907318564,4.662153067256364,0.0,0.0,0.18103552547531548,True
multicopter,hover_climb,282.3826486059498,4.662153067256364,0.0,0.0,0.6882857958258601,True
multicopter,hover_climb,583.1092995327641,4.662153067256364,0.0,0.0,1.4212836739923973,True
multicopter,hover_climb,916.8907004672358,4.662153067256364,0.0,0.0,2.2348499405750126,True
multicopter,hover_climb,1217.61735139405,4.662153067256364,0.0,0.0,2.9678478187415496,True
multicopter,hover_climb,1425.7266509268143,4.662153067256364,0.0,0.0,3.4750980890920946,True
multicopter,hover_climb,1500.0,4.662153067256364,0.0,0.0,3.6561336145674104,True
multicopter,hover_descent,1500.0,3.350244099162952,0.0,0.0,3.6561336145674104,True
multicopter,hover_descent,1425.7266509268143,3.350244099162952,0.0,0.0,3.9080601325748545,True
multicopter,hover_descent,1217.6173513940503,3.350244099162952,0.0,0.0,4.61394255002983,True
multicopter,hover_descent,916.890700467236,3.350244099162952,0.0,0.0,5.63397219707565,True
multicopter,hover_descent,583.1092995327642,3.350244099162952,0.0,0.0,6.766119692272228,True
multicopter,hover_descent,282.38264860594995,3.350244099162952,0.0,0.0,7.786149339318047,True
multicopter,hover_descent,74.27334907318571,3.350244099162952,0.0,0.0,8.492031756773024,True
multicopter,hover_descent,-0.0,3.350244099162952,0.0,0.0,8.743958274780468,True
