eVTOL_type,mission_segment,velocity_kts,equivalent_airspeed_kts,Mach,time_min,fesibility
multicopter,hover_climb,3.718923762332392,3.7189237626371314,0.005622137687314528,0.0,True
multicopter,hover_climb,3.718923762332392,3.7148836572606503,0.005623573768578724,0.1972154625287749,True
multicopter,hover_climb,3.718923762332392,3.7035760836543665,0.00562760339340223,0.7498009090723544,True
multicopter,hover_climb,3.718923762332392,3.6872688379391674,0.005633441560705943,1.5483100149270228,True
multicopter,hover_climb,3.718923762332392,3.669214364859989,0.005639942563495191,2.4345882586067504,True
multicopter,hover_climb,3.718923762332392,3.652988559524372,0.005645818900470102,3.2330973644614183,True
multicopter,hover_climb,3.718923762332392,3.641782540393362,0.00564989612279548,3.785682811004998,True
multicopter,hover_climb,3.718923762332392,3.637787631004189,0.005651353387190795,3.982898273533773,True
multicopter,hover_descent,2.9092736639856516,2.8458017497556103,0.004420992369286644,3.982898273533773,True
multicopter,hover_descent,2.9092736639856516,2.8489269239776926,0.004419852367179128,4.234998747606346,True
multicopter,hover_descent,2.9092736639856516,2.8576932710230865,0.004416662800441143,4.941368579124577,True
multicopter,hover_descent,2.9092736639856516,2.870386542290971,0.0044120658058549745,5.962102559898812,True
multicopter,hover_descent,2.9092736639856516,2.8845103604714892,0.0044069801419874275,7.095031806555966,True
multicopter,hover_descent,2.9092736639856516,2.897267341663709,0.004402413007120435,8.115765787330199,True
multicopter,hover_descent,2.9092736639856516,2.906113133672015,0.0043992606753911565,8.822135618848431,True
multicopter,hover_descent,2.9092736639856516,2.9092736642240458,0.004398137244617022,9.074236092921005,True
