eVTOL_type,mission_segment,velocity_kts,equivalent_airspeed_kts,Mach,time_min,fesibility
multicopter,hover_climb,3.972979411778399,3.9729794121039563,0.006006210051446499,0.0,True
multicopter,hover_climb,3.972979411778399,3.9686633097829698,0.006007744237587682,0.18460434698536085,True
multicopter,hover_climb,3.972979411778399,3.9565832672744463,0.006012049143384122,0.7018542329972537,True
multicopter,hover_climb,3.972979411778399,3.9391620035890984,0.006018286140962588,1.4493019744574736,True
multicopter,hover_climb,3.972979411778399,3.9198741519367974,0.006025231255164499,2.27890637932485,True
multicopter,hover_climb,3.972979411778399,3.9025398921730265,0.006031509029948285,3.0263541207850695,True
multicopter,hover_climb,3.972979411778399,3.890568341762008,0.00603586478483631,3.5436040067969623,True
multicopter,hover_climb,3.972979411778399,3.8863005229602723,0.006037421601219249,3.7282083537823234,True
multicopter,hover_descent,2.7877689339804252,2.7269479005860053,0.004236351271120093,3.7282083537823234,True
multicopter,hover_descent,2.7877689339804252,2.7299425530717607,0.0042352588807756065,3.991296610831817,True
multicopter,hover_descent,2.7877689339804252,2.738342776900879,0.00423220252510337,4.728453526105915,True
multicopter,hover_descent,2.7877689339804252,2.750505918426286,0.0042277975222823425,5.793676131898311,True
multicopter,hover_descent,2.7877689339804252,2.7640398606058247,0.004222924259270299,6.975984027033892,True
multicopter,hover_descent,2.7877689339804252,2.776264051234327,0.0042185478690884085,8.041206632826288,True
multicopter,hover_descent,2.7877689339804252,2.784740402037099,0.00421552719331862,8.778363548100385,True
multicopter,hover_descent,2.7877689339804252,2.7877689342088634,0.004214450682211954,9.04145180514988,True
