eVTOL_type,mission_segment,velocity_kts,equivalent_airspeed_kts,Mach,time_min,fesibility
multicopter,hover_climb,3.5488305977338124,3.548830598024614,0.005364996844382993,0.0,True
multicopter,hover_climb,3.5488305977338124,3.5449752757608595,0.005366367243309378,0.20666787261301867,True
multicopter,hover_climb,3.5488305977338124,3.5341848789243997,0.005370212564371318,0.7857383836659431,True
multicopter,hover_climb,3.5488305977338124,3.5186234809885177,0.005375783710242056,1.6225195166109816,True
multicopter,hover_climb,3.5488305977338124,3.5013947689782543,0.005381987375358322,2.5512765056212467,True
multicopter,hover_climb,3.5488305977338124,3.485911086566922,0.005387594945126324,3.3880576385662855,True
multicopter,hover_climb,3.5488305977338124,3.4752175993882615,0.005391485686713614,3.9671281496192097,True
multicopter,hover_climb,3.5488305977338124,3.4714054059738473,0.0053928762999139864,4.173796022232229,True
multicopter,hover_descent,2.7484576079806886,2.688494233713704,0.004176612967906197,4.173796022232229,True
multicopter,hover_descent,2.7484576079806886,2.691446657534562,0.004175535981748344,4.440647243720228,True
multicopter,hover_descent,2.7484576079806886,2.699728426805488,0.004172522724839688,5.188347751053072,True
multicopter,hover_descent,2.7484576079806886,2.7117200515255178,0.004168179838537651,6.268806288808545,True
multicopter,hover_descent,2.7484576079806886,2.725063146749774,0.004163375295148893,7.4680247926298025,True
multicopter,hover_descent,2.7484576079806886,2.737114959697679,0.004159060618008942,8.548483330385274,True
multicopter,hover_descent,2.7484576079806886,2.745471782448598,0.0041560825378676785,9.296183837718118,True
multicopter,hover_descent,2.7484576079806886,2.748457608205905,0.0041550212070288394,9.56303505920612,True
