eVTOL_type,mission_segment,velocity_kts,equivalent_airspeed_kts,Mach,time_min,fesibility
multicopter,hover_climb,4.504242671749013,4.504242672118104,0.006809355097338248,0.0,True
multicopter,hover_climb,4.504242671749013,4.4993494244480585,0.006811094433480549,0.16283076276013372,True
multicopter,hover_climb,4.504242671749013,4.4856540494400425,0.0068159749874367815,0.6190724214876376,True
multicopter,hover_climb,4.504242671749013,4.46590322992794,0.006823045990763212,1.2783607202347862,True
multicopter,hover_climb,4.504242671749013,4.444036223972383,0.0068309197994357845,2.0101155257943426,True
multicopter,hover_climb,4.504242671749013,4.424384042468576,0.006838037032659026,2.669403824541491,True
multicopter,hover_climb,4.504242671749013,4.410811667024484,0.006842975235201973,3.125645483268995,True
multicopter,hover_climb,4.504242671749013,4.4059731593027776,0.006844740227681753,3.288476246029129,True
multicopter,hover_descent,2.814444531683169,2.7530415141081668,0.004276888060542792,3.288476246029129,True
multicopter,hover_descent,2.814444531683169,2.7560648218185344,0.0042757852173358,3.5490709252424404,True
multicopter,hover_descent,2.814444531683169,2.764545425692335,0.004272699616013626,4.279240990680175,True
multicopter,hover_descent,2.814444531683169,2.7768249538616203,0.004268252462610568,5.334367305934205,True
multicopter,hover_descent,2.814444531683169,2.790488399599547,0.004263332568329331,6.50546916399342,True
multicopter,hover_descent,2.814444531683169,2.8028295610384606,0.004258914301353974,7.560595479247451,True
multicopter,hover_descent,2.814444531683169,2.811387020329546,0.004255864721348026,8.290765544685184,True
multicopter,hover_descent,2.814444531683169,2.8144445319137925,0.004254777909324073,8.551360223898497,True
