eVTOL_type,mission_segment,altitude_ft,air_speed_mph,pitch_angle_deg,range_nmi,time_min,fesibility
multicopter,hover_climb,0.0,4.552835293957692,0.0,0.0,0.0,True
multicopter,hover_climb,74.27334907318564,4.552835293957692,0.0,0.0,0.18538235536375477,True
multicopter,hover_climb,282.3826486059498,4.552835293957692,0.0,0.0,0.7048121724098417,True
multicopter,hover_climb,583.1092995327641,4.552835293957692,0.0,0.0,1.4554100054836345,True
multicopter,hover_climb,916.8907004672358,4.552835293957692,0.0,0.0,2.288510748266555,True
multicopter,hover_climb,1217.61735139405,4.552835293957692,0.0,0.0,3.039108581340348,True
multicopter,hover_climb,1425.7266509268143,4.552835293957692,0.0,0.0,3.558538398386435,True
multicopter,hover_climb,1500.0,4.552835293957692,0.0,0.0,3.74392075375019,True
multicopter,hover_descent,1500.0,3.31015181903748,0.0,0.0,3.74392075375019,True
multicopter,hover_descent,1425.7266509268143,3.31015181903748,0.0,0.0,3.9988985845321423,True
multicopter,hover_descent,1217.6173513940503,3.31015181903748,0.0,0.0,4.713330590393754,True
multicopter,hover_descent,916.890700467236,3.31015181903748,0.0,0.0,5.745714750640585,True
multicopter,hover_descent,583.1092995327642,3.31015181903748,0.0,0.0,6.891574720974925,True
multicopter,hover_descent,282.38264860594995,3.31015181903748,0.0,0.0,7.923958881221756,True
multicopter,hover_descent,74.27334907318571,3.31015181903748,0.0,0.0,8.638390887083368,True
multicopter,hover_descent,-0.0,3.31015181903748,0.0,0.0,8.89336871786532,True
