eVTOL_type,mission_segment,altitude_ft,air_speed_mph,pitch_angle_deg,range_nmi,time_min,fesibility
multicopter,hover_climb,0.0,4.227868623783392,0.0,0.0,0.0,True
multicopter,hover_climb,74.27334907318564,4.227868623783392,0.0,0.0,0.1996313995258031,True
multicopter,hover_climb,282.3826486059498,4.227868623783392,0.0,0.0,0.758986151108683,True
multicopter,hover_climb,583.1092995327641,4.227868623783392,0.0,0.0,1.5672771861618124,True
multicopter,hover_climb,916.8907004672358,4.227868623783392,0.0,0.0,2.464412552153917,True
multicopter,hover_climb,1217.61735139405,4.227868623783392,0.0,0.0,3.2727035872070465,True
multicopter,hover_climb,1425.7266509268143,4.227868623783392,0.0,0.0,3.8320583387899263,True
multicopter,hover_climb,1500.0,4.227868623783392,0.0,0.0,4.0316897383157295,True
multicopter,hover_descent,1500.0,3.1260208467385517,0.0,0.0,4.0316897383157295,True
multicopter,hover_descent,1425.7266509268143,3.1260208467385517,0.0,0.0,4.301686443954366,True
multicopter,hover_descent,1217.6173513940503,3.1260208467385517,0.0,0.0,5.058200402026252,True
multicopter,hover_descent,916.890700467236,3.1260208467385517,0.0,0.0,6.151394745100428,True
multicopter,hover_descent,583.1092995327642,3.1260208467385517,0.0,0.0,7.364748926382277,True
multicopter,hover_descent,282.38264860594995,3.1260208467385517,0.0,0.0,8.457943269456452,True
multicopter,hover_descent,74.27334907318571,3.1260208467385517,0.0,0.0,9.214457227528339,True
multicopter,hover_descent,-0.0,3.1260208467385517,0.0,0.0,9.484453933166975,True
