eVTOL_type,mission_segment,altitude_ft,air_speed_mph,pitch_angle_deg,range_nmi,time_min,fesibility
multicopter,hover_climb,0.0,5.242482949711035,0.0,0.0,0.0,True
multicopter,hover_climb,74.27334907318564,5.242482949711035,0.0,0.0,0.16099534103847332,True
multicopter,hover_climb,282.3826486059498,5.242482949711035,0.0,0.0,0.6120942623829411,True
multicopter,hover_climb,583.1092995327641,5.242482949711035,0.0,0.0,1.2639510902959228,True
multicopter,hover_climb,916.8907004672358,5.242482949711035,0.0,0.0,1.9874575855098973,True
multicopter,hover_climb,1217.61735139405,5.242482949711035,0.0,0.0,2.639314413422879,True
multicopter,hover_climb,1425.7266509268143,5.242482949711035,0.0,0.0,3.090413334767347,True
multicopter,hover_climb,1500.0,5.242482949711035,0.0,0.0,3.2514086758058203,True
multicopter,hover_descent,1500.0,3.1920993998805303,0.0,0.0,3.2514086758058203,True
multicopter,hover_descent,1425.7266509268143,3.1920993998805303,0.0,0.0,3.5158162723890274,True
multicopter,hover_descent,1217.6173513940503,3.1920993998805303,0.0,0.0,4.2566698948889785,True
multicopter,hover_descent,916.890700467236,3.1920993998805303,0.0,0.0,5.327234397396146,True
multicopter,hover_descent,583.1092995327642,3.1920993998805303,0.0,0.0,6.515471350576992,True
multicopter,hover_descent,282.38264860594995,3.1920993998805303,0.0,0.0,7.5860358530841605,True
multicopter,hover_descent,74.27334907318571,3.1920993998805303,0.0,0.0,8.32688947558411,True
multicopter,hover_descent,-0.0,3.1920993998805303,0.0,0.0,8.59129707216732,True
