eVTOL_type,mission_segment,velocity_kts,equivalent_airspeed_kts,Mach,time_min,fesibility
multicopter,hover_climb,3.879363411634077,3.8793634119519633,0.0058646846865336826,0.0,False
multicopter,hover_climb,3.879363411634077,3.875149010695499,0.005866182722381817,0.18905918112701312,False
multicopter,hover_climb,3.879363411634077,3.8633536123152257,0.005870386190939375,0.718791235027153,False
multicopter,hover_climb,3.879363411634077,3.8463428488753224,0.0058764762250665655,1.4842762316882048,False
multicopter,hover_climb,3.879363411634077,3.8275094802031533,0.0058832576903428855,2.3339004794640545,False
multicopter,hover_climb,3.879363411634077,3.8105836705963942,0.005889387540835063,3.099385476125106,False
multicopter,hover_climb,3.879363411634077,3.798894207895592,0.005893640660318279,3.6291175300252463,False
multicopter,hover_climb,3.879363411634077,3.7947269524454743,0.005895160793167873,3.8181767111522595,False
multicopter,hover_descent,2.818198846042283,2.7567139202157667,0.004282593194212069,3.8181767111522595,True
multicopter,hover_descent,2.818198846042283,2.759741260852497,0.004281488879872838,4.078424234469367,True
multicopter,hover_descent,2.818198846042283,2.7682331773858793,0.004278399162528045,4.80762159070132,True
multicopter,hover_descent,2.818198846042283,2.780529085771015,0.004273946076866707,5.861342300427692,True
multicopter,hover_descent,2.818198846042283,2.7942107577947866,0.004269019619716834,7.030884054050745,True
multicopter,hover_descent,2.818198846042283,2.8065683816649463,0.004264595459016103,8.084604763777117,True
multicopter,hover_descent,2.818198846042283,2.8151372561365164,0.0042615418110379935,8.81380212000907,True
multicopter,hover_descent,2.818198846042283,2.818198846273215,0.0042604535492665185,9.074049643326177,True
