segment_type,climb_rate,descend_rate,start_altitude,end_altitude,climb_angle,descent_angle,speed,time_required
hover_climb,2.1660983056958587,,0.0,15.24,,,,
second_climb,2.54,,15.24,91.44,,,34.35824327494692,
departure_terminal_procedures,,,91.44,91.44,,,38.579369668824896,53.12527883693227
accel_climb,2.54,,91.44,457.20000000000005,,,37.46376547277158,
cruise_0,,,457.20000000000005,457.20000000000005,,,45.48632,1241.5366794151082
decel_descend,,2.54,457.20000000000005,91.44,,,41.84753573011346,
arrival_terminal_procedure,,,91.44,91.44,,,37.72798412111974,56.54164605973332
second_descent,,2.54,91.44,15.24,,,34.031998199620965,
hover_descent,,1.3141925214921737,15.24,0.0,,,,
