eVTOL_type,mission_segment,altitude_ft,air_speed_mph,pitch_angle_deg,range_nmi,time_min,fesibility
multicopter,hover_climb,0.0,4.643159279949333,0.0,0.0,0.0,True
multicopter,hover_climb,74.27334907318564,4.643159279949333,0.0,0.0,0.18177608810919788,True
multicopter,hover_climb,282.3826486059498,4.643159279949333,0.0,0.0,0.6911013688493446,True
multicopter,hover_climb,583.1092995327641,4.643159279949333,0.0,0.0,1.4270977239052103,True
multicopter,hover_climb,916.8907004672358,4.643159279949333,0.0,0.0,2.2439920487550444,True
multicopter,hover_climb,1217.61735139405,4.643159279949333,0.0,0.0,2.9799884038109097,True
multicopter,hover_climb,1425.7266509268143,4.643159279949333,0.0,0.0,3.489313684551057,True
multicopter,hover_climb,1500.0,4.643159279949333,0.0,0.0,3.6710897726602547,True
multicopter,hover_descent,1500.0,3.1526895006610305,0.0,0.0,3.6710897726602547,True
multicopter,hover_descent,1425.7266509268143,3.1526895006610305,0.0,0.0,3.9388025715895956,True
multicopter,hover_descent,1217.6173513940503,3.1526895006610305,0.0,0.0,4.6889171652676485,True
multicopter,hover_descent,916.890700467236,3.1526895006610305,0.0,0.0,5.772864158864705,True
multicopter,hover_descent,583.1092995327642,3.1526895006610305,0.0,0.0,6.975954556561391,True
multicopter,hover_descent,282.38264860594995,3.1526895006610305,0.0,0.0,8.059901550158449,True
multicopter,hover_descent,74.27334907318571,3.1526895006610305,0.0,0.0,8.8100161438365,True
multicopter,hover_descent,-0.0,3.1526895006610305,0.0,0.0,9.077728942765841,True
