eVTOL_type,mission_segment,altitude_ft,air_speed_mph,pitch_angle_deg,range_nmi,time_min,fesibility
multicopter,hover_climb,0.0,4.535059341813174,0.0,0.0,0.0,True
multicopter,hover_climb,74.27334907318564,4.535059341813174,0.0,0.0,0.18610899367849545,True
multicopter,hover_climb,282.3826486059498,4.535059341813174,0.0,0.0,0.707574806038936,True
multicopter,hover_climb,583.1092995327641,4.535059341813174,0.0,0.0,1.4611147375848434,True
multicopter,hover_climb,916.8907004672358,4.535059341813174,0.0,0.0,2.297480963312768,True
multicopter,hover_climb,1217.61735139405,4.535059341813174,0.0,0.0,3.0510208948586754,True
multicopter,hover_climb,1425.7266509268143,4.535059341813174,0.0,0.0,3.572486707219116,True
multicopter,hover_climb,1500.0,4.535059341813174,0.0,0.0,3.7585957008976116,True
multicopter,hover_descent,1500.0,3.132845004017615,0.0,0.0,3.7585957008976116,True
multicopter,hover_descent,1425.7266509268143,3.132845004017615,0.0,0.0,4.028004282967498,True
multicopter,hover_descent,1217.6173513940503,3.132845004017615,0.0,0.0,4.782870355418783,True
multicopter,hover_descent,916.890700467236,3.132845004017615,0.0,0.0,5.873683434777661,True
multicopter,hover_descent,583.1092995327642,3.132845004017615,0.0,0.0,7.084394612732612,True
multicopter,hover_descent,282.38264860594995,3.132845004017615,0.0,0.0,8.175207692091488,True
multicopter,hover_descent,74.27334907318571,3.132845004017615,0.0,0.0,8.930073764542776,True
multicopter,hover_descent,-0.0,3.132845004017615,0.0,0.0,9.19948234661266,True
