eVTOL_type,mission_segment,altitude_ft,air_speed_mph,pitch_angle_deg,range_nmi,time_min,fesibility
multicopter,hover_climb,0.0,4.627316641130659,0.0,0.0,0.0,True
multicopter,hover_climb,74.27334907318564,4.627316641130659,0.0,0.0,0.1823984386274632,True
multicopter,hover_climb,282.3826486059498,4.627316641130659,0.0,0.0,0.6934675067696351,True
multicopter,hover_climb,583.1092995327641,4.627316641130659,0.0,0.0,1.431983707630166,True
multicopter,hover_climb,916.8907004672358,4.627316641130659,0.0,0.0,2.2516748503218103,True
multicopter,hover_climb,1217.61735139405,4.627316641130659,0.0,0.0,2.990191051182341,True
multicopter,hover_climb,1425.7266509268143,4.627316641130659,0.0,0.0,3.5012601193245128,True
multicopter,hover_climb,1500.0,4.627316641130659,0.0,0.0,3.683658557951976,True
multicopter,hover_descent,1500.0,3.402284527449051,0.0,0.0,3.683658557951976,True
multicopter,hover_descent,1425.7266509268143,3.402284527449051,0.0,0.0,3.931731675754952,True
multicopter,hover_descent,1217.6173513940503,3.402284527449051,0.0,0.0,4.626817105765868,True
multicopter,hover_descent,916.890700467236,3.402284527449051,0.0,0.0,5.631244653907697,True
multicopter,hover_descent,583.1092995327642,3.402284527449051,0.0,0.0,6.746075125775469,True
multicopter,hover_descent,282.38264860594995,3.402284527449051,0.0,0.0,7.750502673917297,True
multicopter,hover_descent,74.27334907318571,3.402284527449051,0.0,0.0,8.445588103928213,True
multicopter,hover_descent,-0.0,3.402284527449051,0.0,0.0,8.69366122173119,True
