eVTOL_type,mission_segment,velocity_kts,equivalent_airspeed_kts,Mach,time_min,fesibility
multicopter,hover_climb,4.703345653656156,4.703345654041562,0.00711035195819748,0.0,True
multicopter,hover_climb,4.703345653656156,4.698236108033856,0.007112168178965612,0.1559377778938066,True
multicopter,hover_climb,4.703345653656156,4.683935350456305,0.007117264470153796,0.5928657222120169,True
multicopter,hover_climb,4.703345653656156,4.6633114769489925,0.007124648036090629,1.2242448950128286,True
multicopter,hover_climb,4.703345653656156,4.6404778742959625,0.0071328698941246415,1.9250229077656449,True
multicopter,hover_climb,4.703345653656156,4.619956998935376,0.007140301733478357,2.5564020805664565,True
multicopter,hover_climb,4.703345653656156,4.605784677924534,0.007145458221518604,2.993330024884667,True
multicopter,hover_climb,4.703345653656156,4.600732291558718,0.00714730123272237,3.149267802778474,True
multicopter,hover_descent,2.8114976090716333,2.750158884801712,0.00427240985605493,3.149267802778474,True
multicopter,hover_descent,2.8114976090716333,2.7531790268949377,0.004271308167602828,3.4101356290683267,True
multicopter,hover_descent,2.8114976090716333,2.761650750976285,0.004268225797123615,4.141071035607245,True
multicopter,hover_descent,2.8114976090716333,2.7739174216105167,0.00426378330020491,5.197303300795722,True
multicopter,hover_descent,2.8114976090716333,2.787566560753752,0.0042588685574011815,6.369632670674543,True
multicopter,hover_descent,2.8114976090716333,2.7998948001232167,0.004254454916664041,7.425864935863018,True
multicopter,hover_descent,2.8114976090716333,2.8084432991487867,0.004251408529784188,8.156800342401938,True
multicopter,hover_descent,2.8114976090716333,2.8114976093020156,0.004250322855729341,8.41766816869179,True
