eVTOL_type,mission_segment,velocity_kts,equivalent_airspeed_kts,Mach,time_min,fesibility
multicopter,hover_climb,4.1987777983131025,4.198777798657163,0.006347564082827718,0.0,True
multicopter,hover_climb,4.1987777983131025,4.194216397068502,0.0063491854621605635,0.17467684767512498,True
multicopter,hover_climb,4.1987777983131025,4.181449803278184,0.006353735030886828,0.6641104987474912,True
multicopter,hover_climb,4.1987777983131025,4.1630384279351,0.006360326498963145,1.3713626161124013,True
multicopter,hover_climb,4.1987777983131025,4.14265437986912,0.006367666328419919,2.1563532440477386,True
multicopter,hover_climb,4.1987777983131025,4.124334953186329,0.006374300891213481,2.8636053614126484,True
multicopter,hover_climb,4.1987777983131025,4.111683017480811,0.006378904198963959,3.353039012485015,True
multicopter,hover_climb,4.1987777983131025,4.107172643533534,0.006380549494694754,3.5277158601601406,True
multicopter,hover_descent,2.9090217913903365,2.8455553722898754,0.004420609618486778,3.5277158601601406,True
multicopter,hover_descent,2.9090217913903365,2.848680275947606,0.004419469715075818,3.7798381619140575,True
multicopter,hover_descent,2.9090217913903365,2.8574458640397915,0.004416280424477016,4.486269153236332,True
multicopter,hover_descent,2.9090217913903365,2.870138036377996,0.004411683827879174,5.507091512488041,True
multicopter,hover_descent,2.9090217913903365,2.88426063177814,0.0044065986043068705,6.640118851854744,True
multicopter,hover_descent,2.9090217913903365,2.8970165085249433,0.004402031864843077,7.660941211106453,True
multicopter,hover_descent,2.9090217913903365,2.9058615347020322,0.0043988798060293315,8.36737220242873,True
multicopter,hover_descent,2.9090217913903365,2.90902179162871,0.004397756472517076,8.619494504182647,True
