eVTOL_type,mission_segment,altitude_ft,air_speed_mph,pitch_angle_deg,range_nmi,time_min,fesibility
multicopter,hover_climb,0.0,4.715874100009429,0.0,0.0,0.0,True
multicopter,hover_climb,74.27334907318564,4.715874100009429,0.0,0.0,0.17897325341561224,True
multicopter,hover_climb,282.3826486059498,4.715874100009429,0.0,0.0,0.6804451658605782,True
multicopter,hover_climb,583.1092995327641,4.715874100009429,0.0,0.0,1.4050930749257704,True
multicopter,hover_climb,916.8907004672358,4.715874100009429,0.0,0.0,2.209391574997447,True
multicopter,hover_climb,1217.61735139405,4.715874100009429,0.0,0.0,2.934039484062639,True
multicopter,hover_climb,1425.7266509268143,4.715874100009429,0.0,0.0,3.4355113965076054,True
multicopter,hover_climb,1500.0,4.715874100009429,0.0,0.0,3.614484649923218,True
multicopter,hover_descent,1500.0,3.3614728450764995,0.0,0.0,3.614484649923218,True
multicopter,hover_descent,1425.7266509268143,3.3614728450764995,0.0,0.0,3.8655696264427593,True
multicopter,hover_descent,1217.6173513940503,3.3614728450764995,0.0,0.0,4.569094097046534,True
multicopter,hover_descent,916.890700467236,3.3614728450764995,0.0,0.0,5.585716412170058,True
multicopter,hover_descent,583.1092995327642,3.3614728450764995,0.0,0.0,6.714082054248636,True
multicopter,hover_descent,282.38264860594995,3.3614728450764995,0.0,0.0,7.73070436937216,True
multicopter,hover_descent,74.27334907318571,3.3614728450764995,0.0,0.0,8.434228839975935,True
multicopter,hover_descent,-0.0,3.3614728450764995,0.0,0.0,8.685313816495476,True
