eVTOL_type,mission_segment,altitude_ft,air_speed_mph,pitch_angle_deg,range_nmi,time_min,fesibility
multicopter,hover_climb,0.0,4.7677282650775705,0.0,0.0,0.0,True
multicopter,hover_climb,74.27334907318564,4.7677282650775705,0.0,0.0,0.17702672708075942,True
multicopter,hover_climb,282.3826486059498,4.7677282650775705,0.0,0.0,0.6730445939343636,True
multicopter,hover_climb,583.1092995327641,4.7677282650775705,0.0,0.0,1.3898111787705334,True
multicopter,hover_climb,916.8907004672358,4.7677282650775705,0.0,0.0,2.1853620688971835,True
multicopter,hover_climb,1217.61735139405,4.7677282650775705,0.0,0.0,2.902128653733353,True
multicopter,hover_climb,1425.7266509268143,4.7677282650775705,0.0,0.0,3.398146520586957,True
multicopter,hover_climb,1500.0,4.7677282650775705,0.0,0.0,3.575173247667717,True
multicopter,hover_descent,1500.0,3.09400105189773,0.0,0.0,3.575173247667717,True
multicopter,hover_descent,1425.7266509268143,3.09400105189773,0.0,0.0,3.8479641472892365,True
multicopter,hover_descent,1217.6173513940503,3.09400105189773,0.0,0.0,4.612307262922923,True
multicopter,hover_descent,916.890700467236,3.09400105189773,0.0,0.0,5.716815066464382,True
multicopter,hover_descent,583.1092995327642,3.09400105189773,0.0,0.0,6.942726241522968,True
multicopter,hover_descent,282.38264860594995,3.09400105189773,0.0,0.0,8.047234045064426,True
multicopter,hover_descent,74.27334907318571,3.09400105189773,0.0,0.0,8.811577160698114,True
multicopter,hover_descent,-0.0,3.09400105189773,0.0,0.0,9.084368060319633,True
