eVTOL_type,mission_segment,altitude_ft,air_speed_mph,pitch_angle_deg,range_nmi,time_min,fesibility
multicopter,hover_climb,0.0,4.685111690288888,0.0,0.0,0.0,True
multicopter,hover_climb,74.27334907318564,4.685111690288888,0.0,0.0,0.18014839051255724,True
multicopter,hover_climb,282.3826486059498,4.685111690288888,0.0,0.0,0.6849129639341976,True
multicopter,hover_climb,583.1092995327641,4.685111690288888,0.0,0.0,1.4143189059675263,True
multicopter,hover_climb,916.8907004672358,4.685111690288888,0.0,0.0,2.223898424216017,True
multicopter,hover_climb,1217.61735139405,4.685111690288888,0.0,0.0,2.9533043662493457,True
multicopter,hover_climb,1425.7266509268143,4.685111690288888,0.0,0.0,3.4580689396709863,True
multicopter,hover_climb,1500.0,4.685111690288888,0.0,0.0,3.6382173301835437,True
multicopter,hover_descent,1500.0,3.1468941077203274,0.0,0.0,3.6382173301835437,True
multicopter,hover_descent,1425.7266509268143,3.1468941077203274,0.0,0.0,3.9064231551925492,True
multicopter,hover_descent,1217.6173513940503,3.1468941077203274,0.0,0.0,4.657919177247952,True
multicopter,hover_descent,916.890700467236,3.1468941077203274,0.0,0.0,5.743862392687801,True
multicopter,hover_descent,583.1092995327642,3.1468941077203274,0.0,0.0,6.949168429474706,True
multicopter,hover_descent,282.38264860594995,3.1468941077203274,0.0,0.0,8.035111644914554,True
multicopter,hover_descent,74.27334907318571,3.1468941077203274,0.0,0.0,8.786607666969957,True
multicopter,hover_descent,-0.0,3.1468941077203274,0.0,0.0,9.054813491978964,True
