eVTOL_type,mission_segment,velocity_kts,equivalent_airspeed_kts,Mach,time_min,fesibility
multicopter,hover_climb,3.670214244881411,3.670214245182159,0.0055485003579974265,0.0,True
multicopter,hover_climb,3.670214244881411,3.666227056078211,0.005549917629834521,0.19983282199955946,True
multicopter,hover_climb,3.670214244881411,3.6550675861946984,0.00555389447565711,0.7597519468124964,True
multicopter,hover_climb,3.670214244881411,3.6389739286357794,0.005559656176130543,1.5688585248121871,True
multicopter,hover_climb,3.670214244881411,3.6211559284524495,0.005566072030438927,2.4668990751848137,True
multicopter,hover_climb,3.670214244881411,3.6051426445877364,0.005571871400646913,3.2760056531845048,True
multicopter,hover_climb,3.670214244881411,3.594083399044813,0.005575895220551403,3.835924777997442,True
multicopter,hover_climb,3.670214244881411,3.5901408139626283,0.005577333398068353,4.035757599997002,True
multicopter,hover_descent,2.936254466033079,2.872193908948771,0.004461992953537456,4.035757599997002,True
multicopter,hover_descent,2.936254466033079,2.875348066249377,0.004460842378972774,4.28554156061146,True
multicopter,hover_descent,2.936254466033079,2.8841957129941553,0.004457623231975689,4.985420665655901,True
multicopter,hover_descent,2.936254466033079,2.8970067025240427,0.004452983604548726,5.996775274922339,True
multicopter,hover_descent,2.936254466033079,2.9112615059560345,0.004447850775888197,7.11929420459525,True
multicopter,hover_descent,2.936254466033079,2.924136796260432,0.0044432412851014794,8.130648813861686,True
multicopter,hover_descent,2.936254466033079,2.9330646247461187,0.004440059718433106,8.830527918906128,True
multicopter,hover_descent,2.936254466033079,2.9362544662736845,0.00443892586888548,9.080311879520588,True
