eVTOL_type,mission_segment,velocity_kts,equivalent_airspeed_kts,Mach,time_min,fesibility
multicopter,hover_climb,4.592446612783068,4.592446613159386,0.006942698702302663,0.0,True
multicopter,hover_climb,4.592446612783068,4.587457543891703,0.0069444720988439505,0.1597033850880564,True
multicopter,hover_climb,4.592446612783068,4.573493980391707,0.006949448225824271,0.6071823263020534,True
multicopter,hover_climb,4.592446612783068,4.553356392171394,0.006956657696459395,1.253808131365493,True
multicopter,hover_climb,4.592446612783068,4.531061177470339,0.0069646856933066464,1.9715086292404909,True
multicopter,hover_climb,4.592446612783068,4.511024158828553,0.006971942299131521,2.6181344343039306,True
multicopter,hover_climb,4.592446612783068,4.4971860035207625,0.006976977203597001,3.065613375517928,True
multicopter,hover_climb,4.592446612783068,4.4922527461417046,0.0069787767588887694,3.2253167606059843,True
multicopter,hover_descent,2.768238720454826,2.7078437796804082,0.004206672755126198,3.2253167606059843,True
multicopter,hover_descent,2.768238720454826,2.71081745259294,0.004205588017717514,3.490261132808513,True
multicopter,hover_descent,2.768238720454826,2.7191588271526492,0.004202553073891202,4.2326187671719,True
multicopter,hover_descent,2.768238720454826,2.7312367576161787,0.004198178931104745,5.305356629791568,True
multicopter,hover_descent,2.768238720454826,2.7446758853448543,0.004193339808607731,6.49600583070919,True
multicopter,hover_descent,2.768238720454826,2.7568144372210757,0.004188994078009453,7.568743693328859,True
multicopter,hover_descent,2.768238720454826,2.765231405433319,0.004185994564123656,8.311101327692246,True
multicopter,hover_descent,2.768238720454826,2.768238720681664,0.004184925594707953,8.576045699894774,True
