eVTOL_type,mission_segment,altitude_ft,air_speed_mph,pitch_angle_deg,range_nmi,time_min,fesibility
multicopter,hover_climb,0.0,4.237778184850107,0.0,0.0,0.0,True
multicopter,hover_climb,74.27334907318564,4.237778184850107,0.0,0.0,0.19916458426126027,True
multicopter,hover_climb,282.3826486059498,4.237778184850107,0.0,0.0,0.7572113485387677,True
multicopter,hover_climb,583.1092995327641,4.237778184850107,0.0,0.0,1.5636122871729359,True
multicopter,hover_climb,916.8907004672358,4.237778184850107,0.0,0.0,2.4586498044087772,True
multicopter,hover_climb,1217.61735139405,4.237778184850107,0.0,0.0,3.265050743042945,True
multicopter,hover_climb,1425.7266509268143,4.237778184850107,0.0,0.0,3.823097507320453,True
multicopter,hover_climb,1500.0,4.237778184850107,0.0,0.0,4.022262091581713,True
multicopter,hover_descent,1500.0,3.1641887880329636,0.0,0.0,4.022262091581713,True
multicopter,hover_descent,1425.7266509268143,3.1641887880329636,0.0,0.0,4.28900196929356,True
multicopter,hover_descent,1217.6173513940503,3.1641887880329636,0.0,0.0,5.036390498298351,True
multicopter,hover_descent,916.890700467236,3.1641887880329636,0.0,0.0,6.1163982143079085,True
multicopter,hover_descent,583.1092995327642,3.1641887880329636,0.0,0.0,7.31511634374113,True
multicopter,hover_descent,282.38264860594995,3.1641887880329636,0.0,0.0,8.395124059750687,True
multicopter,hover_descent,74.27334907318571,3.1641887880329636,0.0,0.0,9.142512588755478,True
multicopter,hover_descent,-0.0,3.1641887880329636,0.0,0.0,9.409252466467327,True
