eVTOL_type,mission_segment,altitude_ft,air_speed_mph,pitch_angle_deg,range_nmi,time_min,fesibility
multicopter,hover_climb,0.0,5.0801687839061245,0.0,0.0,0.0,True
multicopter,hover_climb,74.27334907318564,5.0801687839061245,0.0,0.0,0.16613923006868075,True
multicopter,hover_climb,282.3826486059498,5.0801687839061245,0.0,0.0,0.6316510081956791,True
multicopter,hover_climb,583.1092995327641,5.0801687839061245,0.0,0.0,1.3043350175956465,True
multicopter,hover_climb,916.8907004672358,5.0801687839061245,0.0,0.0,2.050957940278945,True
multicopter,hover_climb,1217.61735139405,5.0801687839061245,0.0,0.0,2.723641949678912,True
multicopter,hover_climb,1425.7266509268143,5.0801687839061245,0.0,0.0,3.1891537278059108,True
multicopter,hover_climb,1500.0,5.0801687839061245,0.0,0.0,3.3552929578745916,True
multicopter,hover_descent,1500.0,3.3021492752734463,0.0,0.0,3.3552929578745916,True
multicopter,hover_descent,1425.7266509268143,3.3021492752734463,0.0,0.0,3.6108887108277097,True
multicopter,hover_descent,1217.6173513940503,3.3021492752734463,0.0,0.0,4.327052096138503,True
multicopter,hover_descent,916.890700467236,3.3021492752734463,0.0,0.0,5.361938172178641,True
multicopter,hover_descent,583.1092995327642,3.3021492752734463,0.0,0.0,6.510575059543572,True
multicopter,hover_descent,282.38264860594995,3.3021492752734463,0.0,0.0,7.545461135583711,True
multicopter,hover_descent,74.27334907318571,3.3021492752734463,0.0,0.0,8.261624520894504,True
multicopter,hover_descent,-0.0,3.3021492752734463,0.0,0.0,8.517220273847622,True
