eVTOL_type,mission_segment,altitude_ft,air_speed_mph,pitch_angle_deg,range_nmi,time_min,fesibility
multicopter,hover_climb,0.0,4.630388709865734,0.0,0.0,0.0,True
multicopter,hover_climb,74.27334907318564,4.630388709865734,0.0,0.0,0.18227742491225607,True
multicopter,hover_climb,282.3826486059498,4.630388709865734,0.0,0.0,0.6930074201592393,True
multicopter,hover_climb,583.1092995327641,4.630388709865734,0.0,0.0,1.431033646489948,True
multicopter,hover_climb,916.8907004672358,4.630388709865734,0.0,0.0,2.2501809584819115,True
multicopter,hover_climb,1217.61735139405,4.630388709865734,0.0,0.0,2.9882071848126204,True
multicopter,hover_climb,1425.7266509268143,4.630388709865734,0.0,0.0,3.498937180059603,True
multicopter,hover_climb,1500.0,4.630388709865734,0.0,0.0,3.6812146049718595,True
multicopter,hover_descent,1500.0,3.3154374107200737,0.0,0.0,3.6812146049718595,True
multicopter,hover_descent,1425.7266509268143,3.3154374107200737,0.0,0.0,3.935785940762451,True
multicopter,hover_descent,1217.6173513940503,3.3154374107200737,0.0,0.0,4.649078972968355,True
multicopter,hover_descent,916.890700467236,3.3154374107200737,0.0,0.0,5.679817268596238,True
multicopter,hover_descent,583.1092995327642,3.3154374107200737,0.0,0.0,6.823850467021377,True
multicopter,hover_descent,282.38264860594995,3.3154374107200737,0.0,0.0,7.854588762649259,True
multicopter,hover_descent,74.27334907318571,3.3154374107200737,0.0,0.0,8.567881794855163,True
multicopter,hover_descent,-0.0,3.3154374107200737,0.0,0.0,8.822453130645755,True
