eVTOL_type,mission_segment,altitude_ft,air_speed_mph,pitch_angle_deg,range_nmi,time_min,fesibility
multicopter,hover_climb,0.0,5.15128546711183,0.0,0.0,0.0,True
multicopter,hover_climb,74.27334907318564,5.15128546711183,0.0,0.0,0.16384557519976148,True
multicopter,hover_climb,282.3826486059498,5.15128546711183,0.0,0.0,0.6229306751966225,True
multicopter,hover_climb,583.1092995327641,5.15128546711183,0.0,0.0,1.2863278656269426,True
multicopter,hover_climb,916.8907004672358,5.15128546711183,0.0,0.0,2.022643196893384,True
multicopter,hover_climb,1217.61735139405,5.15128546711183,0.0,0.0,2.6860403873237035,True
multicopter,hover_climb,1425.7266509268143,5.15128546711183,0.0,0.0,3.145125487320565,True
multicopter,hover_climb,1500.0,5.15128546711183,0.0,0.0,3.308971062520327,True
multicopter,hover_descent,1500.0,3.207366509246734,0.0,0.0,3.308971062520327,True
multicopter,hover_descent,1425.7266509268143,3.207366509246734,0.0,0.0,3.5721200752520614,True
multicopter,hover_descent,1217.6173513940503,3.207366509246734,0.0,0.0,4.309447224164899,True
multicopter,hover_descent,916.890700467236,3.207366509246734,0.0,0.0,5.3749158246925965,True
multicopter,hover_descent,583.1092995327642,3.207366509246734,0.0,0.0,6.557496753385791,True
multicopter,hover_descent,282.38264860594995,3.207366509246734,0.0,0.0,7.622965353913489,True
multicopter,hover_descent,74.27334907318571,3.207366509246734,0.0,0.0,8.360292502826326,True
multicopter,hover_descent,-0.0,3.207366509246734,0.0,0.0,8.623441515558062,True
