eVTOL_type,mission_segment,altitude_ft,air_speed_mph,pitch_angle_deg,range_nmi,time_min,fesibility
multicopter,hover_climb,0.0,4.685096119643768,0.0,0.0,0.0,True
multicopter,hover_climb,74.27334907318564,4.685096119643768,0.0,0.0,0.18014898922528072,True
multicopter,hover_climb,282.3826486059498,4.685096119643768,0.0,0.0,0.684915240202694,True
multicopter,hover_climb,583.1092995327641,4.685096119643768,0.0,0.0,1.4143236063743503,True
multicopter,hover_climb,916.8907004672358,4.685096119643768,0.0,0.0,2.2239058152133975,True
multicopter,hover_climb,1217.61735139405,4.685096119643768,0.0,0.0,2.9533141813850534,True
multicopter,hover_climb,1425.7266509268143,4.685096119643768,0.0,0.0,3.458080432362467,True
multicopter,hover_climb,1500.0,4.685096119643768,0.0,0.0,3.6382294215877478,True
multicopter,hover_descent,1500.0,3.0724573975526925,0.0,0.0,3.6382294215877478,True
multicopter,hover_descent,1425.7266509268143,3.0724573975526925,0.0,0.0,3.912933093980209,True
multicopter,hover_descent,1217.6173513940503,3.0724573975526925,0.0,0.0,4.682635679820817,True
multicopter,hover_descent,916.890700467236,3.0724573975526925,0.0,0.0,5.79488814220111,True
multicopter,hover_descent,583.1092995327642,3.0724573975526925,0.0,0.0,7.029395240065402,True
multicopter,hover_descent,282.38264860594995,3.0724573975526925,0.0,0.0,8.141647702445693,True
multicopter,hover_descent,74.27334907318571,3.0724573975526925,0.0,0.0,8.9113502882863,True
multicopter,hover_descent,-0.0,3.0724573975526925,0.0,0.0,9.186053960678763,True
