eVTOL_type,mission_segment,altitude_ft,air_speed_mph,pitch_angle_deg,range_nmi,time_min,fesibility
multicopter,hover_climb,0.0,5.331435012253155,0.0,0.0,0.0,True
multicopter,hover_climb,74.27334907318564,5.331435012253155,0.0,0.0,0.15830922227079997,True
multicopter,hover_climb,282.3826486059498,5.331435012253155,0.0,0.0,0.60188180607727,True
multicopter,hover_climb,583.1092995327641,5.331435012253155,0.0,0.0,1.242862761135803,True
multicopter,hover_climb,916.8907004672358,5.331435012253155,0.0,0.0,1.954297948181528,True
multicopter,hover_climb,1217.61735139405,5.331435012253155,0.0,0.0,2.5952789032400605,True
multicopter,hover_climb,1425.7266509268143,5.331435012253155,0.0,0.0,3.038851487046531,True
multicopter,hover_climb,1500.0,5.331435012253155,0.0,0.0,3.197160709317331,True
multicopter,hover_descent,1500.0,3.35628033052929,0.0,0.0,3.197160709317331,True
multicopter,hover_descent,1425.7266509268143,3.35628033052929,0.0,0.0,3.4486341403951237,True
multicopter,hover_descent,1217.6173513940503,3.35628033052929,0.0,0.0,4.153247036484309,True
multicopter,hover_descent,916.890700467236,3.35628033052929,0.0,0.0,5.171442172004353,True
multicopter,hover_descent,583.1092995327642,3.35628033052929,0.0,0.0,6.301553513021656,True
multicopter,hover_descent,282.38264860594995,3.35628033052929,0.0,0.0,7.319748648541698,True
multicopter,hover_descent,74.27334907318571,3.35628033052929,0.0,0.0,8.024361544630885,True
multicopter,hover_descent,-0.0,3.35628033052929,0.0,0.0,8.275834975708678,True
