eVTOL_type,mission_segment,altitude_ft,air_speed_mph,pitch_angle_deg,range_nmi,time_min,fesibility
multicopter,hover_climb,0.0,4.095883528105026,0.0,0.0,0.0,True
multicopter,hover_climb,74.27334907318564,4.095883528105026,0.0,0.0,0.20606428981333758,True
multicopter,hover_climb,282.3826486059498,4.095883528105026,0.0,0.0,0.7834435994431528,True
multicopter,hover_climb,583.1092995327641,4.095883528105026,0.0,0.0,1.6177808755247252,True
multicopter,hover_climb,916.8907004672358,4.095883528105026,0.0,0.0,2.5438253880549144,True
multicopter,hover_climb,1217.61735139405,4.095883528105026,0.0,0.0,3.3781626641364864,True
multicopter,hover_climb,1425.7266509268143,4.095883528105026,0.0,0.0,3.955541973766302,True
multicopter,hover_climb,1500.0,4.095883528105026,0.0,0.0,4.16160626357964,True
multicopter,hover_descent,1500.0,3.111352227046949,0.0,0.0,4.16160626357964,True
multicopter,hover_descent,1425.7266509268143,3.111352227046949,0.0,0.0,4.43287588167048,True
multicopter,hover_descent,1217.6173513940503,3.111352227046949,0.0,0.0,5.19295646117657,True
multicopter,hover_descent,916.890700467236,3.111352227046949,0.0,0.0,6.291304721550166,True
multicopter,hover_descent,583.1092995327642,3.111352227046949,0.0,0.0,7.510379319466853,True
multicopter,hover_descent,282.38264860594995,3.111352227046949,0.0,0.0,8.608727579840448,True
multicopter,hover_descent,74.27334907318571,3.111352227046949,0.0,0.0,9.368808159346539,True
multicopter,hover_descent,-0.0,3.111352227046949,0.0,0.0,9.640077777437378,True
