eVTOL_type,mission_segment,velocity_kts,equivalent_airspeed_kts,Mach,time_min,fesibility
multicopter,hover_climb,3.645323630398628,3.6453236306973364,0.005510871605517621,0.0,True
multicopter,hover_climb,3.645323630398628,3.6413634818641287,0.005512279265717748,0.2011972994061522,True
multicopter,hover_climb,3.645323630398628,3.6302796931382195,0.005516229141415538,0.7649396049542745,True
multicopter,hover_climb,3.645323630398628,3.614295179351077,0.005521951767258532,1.579570839184905,True
multicopter,hover_climb,3.645323630398628,3.5965980170654355,0.005528324110603927,2.4837432953622263,True
multicopter,hover_climb,3.645323630398628,3.5806933318951546,0.005534084150713325,3.2983745295928566,True
multicopter,hover_climb,3.645323630398628,3.569709087809616,0.005538080681924755,3.8621168351409794,True
multicopter,hover_climb,3.645323630398628,3.565793240503157,0.005539509106026853,4.063314134547132,True
multicopter,hover_descent,2.8482259762784112,2.7860859455511373,0.004328223041719655,4.063314134547132,True
multicopter,hover_descent,2.8482259762784112,2.7891455416661124,0.004327106961216182,4.320818025041087,True
multicopter,hover_descent,2.8482259762784112,2.797727937224444,0.004323984323786551,5.042327892932657,True
multicopter,hover_descent,2.8482259762784112,2.8101548551169357,0.004319483791727563,6.084939860148085,True
multicopter,hover_descent,2.8482259762784112,2.823982301576845,0.0043145048445375886,7.242151839783712,True
multicopter,hover_descent,2.8482259762784112,2.836471592515806,0.004310033545626673,8.28476380699914,True
multicopter,hover_descent,2.8482259762784112,2.8451317659778987,0.0043069473618728635,9.006273674890709,True
multicopter,hover_descent,2.8482259762784112,2.848225976511803,0.004305847504972823,9.263777565384665,True
