eVTOL_type,mission_segment,altitude_ft,air_speed_mph,pitch_angle_deg,range_nmi,time_min,fesibility
multicopter,hover_climb,0.0,4.270130421494277,0.0,0.0,0.0,True
multicopter,hover_climb,74.27334907318564,4.270130421494277,0.0,0.0,0.19765563274804085,True
multicopter,hover_climb,282.3826486059498,4.270130421494277,0.0,0.0,0.7514744088391592,True
multicopter,hover_climb,583.1092995327641,4.270130421494277,0.0,0.0,1.5517657275269547,True
multicopter,hover_climb,916.8907004672358,4.270130421494277,0.0,0.0,2.4400220782163906,True
multicopter,hover_climb,1217.61735139405,4.270130421494277,0.0,0.0,3.2403133969041864,True
multicopter,hover_climb,1425.7266509268143,4.270130421494277,0.0,0.0,3.794132172995305,True
multicopter,hover_climb,1500.0,4.270130421494277,0.0,0.0,3.991787805743346,True
multicopter,hover_descent,1500.0,3.272864580098835,0.0,0.0,3.991787805743346,True
multicopter,hover_descent,1425.7266509268143,3.272864580098835,0.0,0.0,4.249670559435411,True
multicopter,hover_descent,1217.6173513940503,3.272864580098835,0.0,0.0,4.97224197841847,True
multicopter,hover_descent,916.890700467236,3.272864580098835,0.0,0.0,6.01638793140603,True
multicopter,hover_descent,583.1092995327642,3.272864580098835,0.0,0.0,7.1753025067991585,True
multicopter,hover_descent,282.38264860594995,3.272864580098835,0.0,0.0,8.219448459786717,True
multicopter,hover_descent,74.27334907318571,3.272864580098835,0.0,0.0,8.942019878769777,True
multicopter,hover_descent,-0.0,3.272864580098835,0.0,0.0,9.199902632461841,True
