eVTOL_type,mission_segment,altitude_ft,air_speed_mph,pitch_angle_deg,range_nmi,time_min,fesibility
multicopter,hover_climb,0.0,5.122475178741654,0.0,0.0,0.0,True
multicopter,hover_climb,74.27334907318564,5.122475178741654,0.0,0.0,0.16476709030817474,True
multicopter,hover_climb,282.3826486059498,5.122475178741654,0.0,0.0,0.6264342182614133,True
multicopter,hover_climb,583.1092995327641,5.122475178741654,0.0,0.0,1.2935625471928198,True
multicopter,hover_climb,916.8907004672358,5.122475178741654,0.0,0.0,2.0340191297655053,True
multicopter,hover_climb,1217.61735139405,5.122475178741654,0.0,0.0,2.7011474586969113,True
multicopter,hover_climb,1425.7266509268143,5.122475178741654,0.0,0.0,3.16281458665015,True
multicopter,hover_climb,1500.0,5.122475178741654,0.0,0.0,3.327581676958325,True
multicopter,hover_descent,1500.0,3.2436677351724947,0.0,0.0,3.327581676958325,True
multicopter,hover_descent,1425.7266509268143,3.2436677351724947,0.0,0.0,3.587785680353952,True
multicopter,hover_descent,1217.6173513940503,3.2436677351724947,0.0,0.0,4.316861096475649,True
multicopter,hover_descent,916.890700467236,3.2436677351724947,0.0,0.0,5.370405597637325,True
multicopter,hover_descent,583.1092995327642,3.2436677351724947,0.0,0.0,6.539751774508534,True
multicopter,hover_descent,282.38264860594995,3.2436677351724947,0.0,0.0,7.59329627567021,True
multicopter,hover_descent,74.27334907318571,3.2436677351724947,0.0,0.0,8.322371691791908,True
multicopter,hover_descent,-0.0,3.2436677351724947,0.0,0.0,8.582575695187534,True
