eVTOL_type,mission_segment,altitude_ft,air_speed_mph,pitch_angle_deg,range_nmi,time_min,fesibility
multicopter,hover_climb,0.0,4.024550941988995,0.0,0.0,0.0,True
multicopter,hover_climb,74.27334907318564,4.024550941988995,0.0,0.0,0.20971664728387915,True
multicopter,hover_climb,282.3826486059498,4.024550941988995,0.0,0.0,0.7973296351350534,True
multicopter,hover_climb,583.1092995327641,4.024550941988995,0.0,0.0,1.6464550047092352,True
multicopter,hover_climb,916.8907004672358,4.024550941988995,0.0,0.0,2.588913062723009,True
multicopter,hover_climb,1217.61735139405,4.024550941988995,0.0,0.0,3.43803843229719,True
multicopter,hover_climb,1425.7266509268143,4.024550941988995,0.0,0.0,4.025651420148365,True
multicopter,hover_climb,1500.0,4.024550941988995,0.0,0.0,4.235368067432244,True
multicopter,hover_descent,1500.0,3.331631746638418,0.0,0.0,4.235368067432244,True
multicopter,hover_descent,1425.7266509268143,3.331631746638418,0.0,0.0,4.488701987433671,True
multicopter,hover_descent,1217.6173513940503,3.331631746638418,0.0,0.0,5.198527857645032,True
multicopter,hover_descent,916.890700467236,3.331631746638418,0.0,0.0,6.224255959027963,True
multicopter,hover_descent,583.1092995327642,3.331631746638418,0.0,0.0,7.3627282613739595,True
multicopter,hover_descent,282.38264860594995,3.331631746638418,0.0,0.0,8.388456362756893,True
multicopter,hover_descent,74.27334907318571,3.331631746638418,0.0,0.0,9.098282232968252,True
multicopter,hover_descent,-0.0,3.331631746638418,0.0,0.0,9.35161615296968,True
