eVTOL_type,mission_segment,velocity_kts,equivalent_airspeed_kts,Mach,time_min,fesibility
multicopter,hover_climb,4.551237771228465,4.551237771601406,0.006880400630075067,0.0,True
multicopter,hover_climb,4.551237771228465,4.546293470141015,0.006882158113613277,0.1611494074280518,True
multicopter,hover_climb,4.551237771228465,4.532455204183773,0.006887089588919757,0.6126800132032988,True
multicopter,hover_climb,4.551237771228465,4.512498314129869,0.006894234367690577,1.2651606431924827,True
multicopter,hover_climb,4.551237771228465,4.490403158361994,0.006902190327892011,1.9893595064764595,True
multicopter,hover_climb,4.551237771228465,4.470545935457875,0.006909381818900127,2.6418401364656434,True
multicopter,hover_climb,4.551237771228465,4.456831952382789,0.006914371544270922,3.0933707422408907,True
multicopter,hover_climb,4.551237771228465,4.451942962001002,0.006916154951832484,3.2545201496689424,True
multicopter,hover_descent,2.895173724184231,2.8320094297497436,0.004399565809440747,3.2545201496689424,True
multicopter,hover_descent,2.895173724184231,2.83511945765921,0.004398431332410259,3.507848391691549,True
multicopter,hover_descent,2.895173724184231,2.843843318166761,0.004395257224066427,4.217658352559792,True
multicopter,hover_descent,2.895173724184231,2.856475070862854,0.0043906825090436205,5.243363464275828,True
multicopter,hover_descent,2.895173724184231,2.8705304372546747,0.004385621493099461,6.381810250016627,True
multicopter,hover_descent,2.895173724184231,2.8832255911017786,0.004381076493079213,7.407515361732662,True
multicopter,hover_descent,2.895173724184231,2.8920285115382702,0.004377939439282762,8.117325322600903,True
multicopter,hover_descent,2.895173724184231,2.8951737244214697,0.004376821453271862,8.370653564623513,True
