eVTOL_type,mission_segment,velocity_kts,equivalent_airspeed_kts,Mach,time_min,fesibility
multicopter,hover_climb,4.221859271399925,4.221859271745876,0.006382457839197375,0.0,True
multicopter,hover_climb,4.221859271399925,4.217272795272792,0.006384088131558067,0.1737218658296104,True
multicopter,hover_climb,4.221859271399925,4.204436021109725,0.006388662710121278,0.6604797172320209,True
multicopter,hover_climb,4.221859271399925,4.185923434965573,0.006395290412740196,1.3638651920436982,True
multicopter,hover_climb,4.221859271399925,4.1654273319446915,0.006402670590623156,2.144564170521452,True
multicopter,hover_climb,4.221859271399925,4.147007199919951,0.006409341624859104,2.8479496453331294,True
multicopter,hover_climb,4.221859271399925,4.134285714138789,0.006413970237860077,3.33470749673554,True
multicopter,hover_climb,4.221859271399925,4.129750545815654,0.006415624578091666,3.508429362565151,True
multicopter,hover_descent,2.8293127080197182,2.767585309955911,0.004299482048500267,3.508429362565151,True
multicopter,hover_descent,2.8293127080197182,2.77062458922715,0.00429837337918191,3.7676546040235164,True
multicopter,hover_descent,2.8293127080197182,2.7791499945217706,0.004295271477213535,4.493987590138833,True
multicopter,hover_descent,2.8293127080197182,2.791494393107969,0.004290800830343029,5.543569165121467,True
multicopter,hover_descent,2.8293127080197182,2.8052300202366847,0.004285854945194,6.7085168257728345,True
multicopter,hover_descent,2.8293127080197182,2.8176363776893787,0.004281413337352709,7.758098400755468,True
multicopter,hover_descent,2.8293127080197182,2.8262390444138674,0.0042783476469943375,8.484431386870785,True
multicopter,hover_descent,2.8293127080197182,2.8293127082515603,0.004277255093548717,8.74365662832915,True
