eVTOL_type,mission_segment,velocity_kts,equivalent_airspeed_kts,Mach,time_min,fesibility
multicopter,hover_climb,4.479346987387884,4.479346987754934,0.006771718680395296,0.0,True
multicopter,hover_climb,4.479346987387884,4.474480785863363,0.0067734484029428705,0.16373575701161106,True
multicopter,hover_climb,4.479346987387884,4.460861107428168,0.006778301981280856,0.6225131532830157,True
multicopter,hover_climb,4.479346987387884,4.441219453918938,0.006785333902017879,1.2854656989471387,True
multicopter,hover_climb,4.479346987387884,4.4194733104741015,0.006793164190864874,2.0212875117557974,True
multicopter,hover_climb,4.479346987387884,4.399929749784797,0.0068002420859785235,2.68424005741992,True
multicopter,hover_climb,4.479346987387884,4.386432391074862,0.006805152994270077,3.1430174536913245,True
multicopter,hover_climb,4.479346987387884,4.3816206265750015,0.006806908231348366,3.306753210702936,True
multicopter,hover_descent,2.742556776160773,2.682722140931231,0.004167645941953557,3.306753210702936,True
multicopter,hover_descent,2.742556776160773,2.6856682260127265,0.004166571268043189,3.574178584089131,True
multicopter,hover_descent,2.742556776160773,2.6939322146464333,0.0041635644804801746,4.323487829291611,True
multicopter,hover_descent,2.742556776160773,2.70589809381357,0.004159230918186486,5.406271060623203,True
multicopter,hover_descent,2.742556776160773,2.7192125419302093,0.004154436689965924,6.60806977965382,True
multicopter,hover_descent,2.742556776160773,2.731238480103433,0.004150131276270346,7.690853010985411,True
multicopter,hover_descent,2.742556776160773,2.7395773610802236,0.00414715958995157,8.440162256187893,True
multicopter,hover_descent,2.742556776160773,2.742556776385506,0.004146100537748853,8.707587629574087,True
