segment_type,climb_rate,descend_rate,start_altitude,end_altitude,climb_angle,descent_angle,speed,time_required
hover_climb,2.2184835191773615,,0.0,15.24,,,,
second_climb,2.54,,15.24,91.44,,,39.90589135876768,
departure_terminal_procedures,,,91.44,91.44,,,42.13816471867399,54.83057471134865
accel_climb,2.54,,91.44,457.20000000000005,,,37.1275909848937,
cruise_0,,,457.20000000000005,457.20000000000005,,,45.48632,938.5135135135133
decel_descend,,2.54,457.20000000000005,91.44,,,42.88878777147167,
arrival_terminal_procedure,,,91.44,91.44,,,36.825138373943325,53.903172522814316
second_descent,,2.54,91.44,15.24,,,37.404239800112016,
hover_descent,,1.2871405231395339,15.24,0.0,,,,
