eVTOL_type,mission_segment,altitude_ft,air_speed_mph,pitch_angle_deg,range_nmi,time_min,fesibility
multicopter,hover_climb,0.0,5.550196573885002,0.0,0.0,0.0,True
multicopter,hover_climb,74.27334907318564,5.550196573885002,0.0,0.0,0.15206944819727702,True
multicopter,hover_climb,282.3826486059498,5.550196573885002,0.0,0.0,0.5781585735642466,True
multicopter,hover_climb,583.1092995327641,5.550196573885002,0.0,0.0,1.1938751991817904,True
multicopter,hover_climb,916.8907004672358,5.550196573885002,0.0,0.0,1.8772690960774936,True
multicopter,hover_climb,1217.61735139405,5.550196573885002,0.0,0.0,2.492985721695037,True
multicopter,hover_climb,1425.7266509268143,5.550196573885002,0.0,0.0,2.919074847062007,True
multicopter,hover_climb,1500.0,5.550196573885002,0.0,0.0,3.071144295259284,True
multicopter,hover_descent,1500.0,3.2113828440883205,0.0,0.0,3.071144295259284,True
multicopter,hover_descent,1425.7266509268143,3.2113828440883205,0.0,0.0,3.3339641991305453,True
multicopter,hover_descent,1217.6173513940503,3.2113828440883205,0.0,0.0,4.070369205508032,True
multicopter,hover_descent,916.890700467236,3.2113828440883205,0.0,0.0,5.134505271463968,True
multicopter,hover_descent,583.1092995327642,3.2113828440883205,0.0,0.0,6.315607198363386,True
multicopter,hover_descent,282.38264860594995,3.2113828440883205,0.0,0.0,7.379743264319321,True
multicopter,hover_descent,74.27334907318571,3.2113828440883205,0.0,0.0,8.116148270696808,True
multicopter,hover_descent,-0.0,3.2113828440883205,0.0,0.0,8.378968174568069,True
