eVTOL_type,mission_segment,altitude_ft,air_speed_mph,pitch_angle_deg,range_nmi,time_min,fesibility
multicopter,hover_climb,0.0,4.42037603926355,0.0,0.0,0.0,False
multicopter,hover_climb,74.27334907318564,4.42037603926355,0.0,0.0,0.19093745031649514,False
multicopter,hover_climb,282.3826486059498,4.42037603926355,0.0,0.0,0.7259322975366443,False
multicopter,hover_climb,583.1092995327641,4.42037603926355,0.0,0.0,1.4990222508872804,False
multicopter,hover_climb,916.8907004672358,4.42037603926355,0.0,0.0,2.3570873637812446,False
multicopter,hover_climb,1217.61735139405,4.42037603926355,0.0,0.0,3.13017731713188,False
multicopter,hover_climb,1425.7266509268143,4.42037603926355,0.0,0.0,3.6651721643520294,False
multicopter,hover_climb,1500.0,4.42037603926355,0.0,0.0,3.856109614668525,False
multicopter,hover_descent,1500.0,3.1004999261111457,0.0,0.0,3.856109614668525,True
multicopter,hover_descent,1425.7266509268143,3.1004999261111457,0.0,0.0,4.128328724647905,True
multicopter,hover_descent,1217.6173513940503,3.1004999261111457,0.0,0.0,4.891069721306337,True
multicopter,hover_descent,916.890700467236,3.1004999261111457,0.0,0.0,5.993262395851179,True
multicopter,hover_descent,583.1092995327642,3.1004999261111457,0.0,0.0,7.2166039715827575,True
multicopter,hover_descent,282.38264860594995,3.1004999261111457,0.0,0.0,8.318796646127598,True
multicopter,hover_descent,74.27334907318571,3.1004999261111457,0.0,0.0,9.081537642786031,True
multicopter,hover_descent,-0.0,3.1004999261111457,0.0,0.0,9.353756752765412,True
