eVTOL_type,mission_segment,altitude_ft,air_speed_mph,pitch_angle_deg,range_nmi,time_min,fesibility
multicopter,hover_climb,0.0,5.098757997312162,0.0,0.0,0.0,True
multicopter,hover_climb,74.27334907318564,5.098757997312162,0.0,0.0,0.16553351440135752,True
multicopter,hover_climb,282.3826486059498,5.098757997312162,0.0,0.0,0.6293481149429149,True
multicopter,hover_climb,583.1092995327641,5.098757997312162,0.0,0.0,1.2995796316746369,True
multicopter,hover_climb,916.8907004672358,5.098757997312162,0.0,0.0,2.043480492857681,True
multicopter,hover_climb,1217.61735139405,5.098757997312162,0.0,0.0,2.7137120095894027,True
multicopter,hover_climb,1425.7266509268143,5.098757997312162,0.0,0.0,3.1775266101309603,True
multicopter,hover_climb,1500.0,5.098757997312162,0.0,0.0,3.3430601245323177,True
multicopter,hover_descent,1500.0,3.107563234778581,0.0,0.0,3.3430601245323177,True
multicopter,hover_descent,1425.7266509268143,3.107563234778581,0.0,0.0,3.614660496467226,True
multicopter,hover_descent,1217.6173513940503,3.107563234778581,0.0,0.0,4.375667827650275,True
multicopter,hover_descent,916.890700467236,3.107563234778581,0.0,0.0,5.475355282998234,True
multicopter,hover_descent,583.1092995327642,3.107563234778581,0.0,0.0,6.695916275197868,True
multicopter,hover_descent,282.38264860594995,3.107563234778581,0.0,0.0,7.795603730545826,True
multicopter,hover_descent,74.27334907318571,3.107563234778581,0.0,0.0,8.556611061728876,True
multicopter,hover_descent,-0.0,3.107563234778581,0.0,0.0,8.828211433663785,True
