eVTOL_type,mission_segment,velocity_kts,equivalent_airspeed_kts,Mach,time_min,fesibility
multicopter,hover_climb,4.877556965016001,4.877556965415682,0.007373718470055844,0.0,True
multicopter,hover_climb,4.877556965016001,4.872258162488327,0.007375601963405035,0.15036816077354176,True
multicopter,hover_climb,4.877556965016001,4.857427706709861,0.007380887020556078,0.5716903847084972,True
multicopter,hover_climb,4.877556965016001,4.83603992760989,0.007388544072815007,1.1805186381765684,True
multicopter,hover_climb,4.877556965016001,4.812360571284013,0.00739707046740138,1.8562670187898829,True
multicopter,hover_climb,4.877556965016001,4.79107960536873,0.0074047775811182754,2.4650952722579538,True
multicopter,hover_climb,4.877556965016001,4.7763823434307,0.007410125064804952,2.8864174961929097,True
multicopter,hover_climb,4.877556965016001,4.771142817330937,0.007412036340904028,3.0367856569664515,True
multicopter,hover_descent,2.937748757512847,2.873655599322011,0.004464263709744176,3.0367856569664515,True
multicopter,hover_descent,2.937748757512847,2.876811361807193,0.004463112549639723,3.2864425644953887,True
multicopter,hover_descent,2.937748757512847,2.8856635112145645,0.004459891764384106,3.9859656747050565,True
multicopter,hover_descent,2.937748757512847,2.898481020394817,0.0044552497758008425,4.996805856530487,True
multicopter,hover_descent,2.937748757512847,2.9127430782495978,0.0044501143349886,6.118753814819885,True
multicopter,hover_descent,2.937748757512847,2.9256249209277168,0.004445502498382443,7.129593996645315,True
multicopter,hover_descent,2.937748757512847,2.934557292881346,0.004442319312580571,7.829117106854983,True
multicopter,hover_descent,2.937748757512847,2.9377487577535746,0.004441184886004714,8.07877401438392,True
