eVTOL_type,mission_segment,altitude_ft,air_speed_mph,pitch_angle_deg,range_nmi,time_min,fesibility
multicopter,hover_climb,0.0,4.786472914358048,0.0,0.0,0.0,True
multicopter,hover_climb,74.27334907318564,4.786472914358048,0.0,0.0,0.17633346004012798,True
multicopter,hover_climb,282.3826486059498,4.786472914358048,0.0,0.0,0.6704088358115972,True
multicopter,hover_climb,583.1092995327641,4.786472914358048,0.0,0.0,1.384368439706035,True
multicopter,hover_climb,916.8907004672358,4.786472914358048,0.0,0.0,2.176803816032228,True
multicopter,hover_climb,1217.61735139405,4.786472914358048,0.0,0.0,2.8907634199266656,True
multicopter,hover_climb,1425.7266509268143,4.786472914358048,0.0,0.0,3.384838795698135,True
multicopter,hover_climb,1500.0,4.786472914358048,0.0,0.0,3.5611722557382635,True
multicopter,hover_descent,1500.0,3.1597199670420553,0.0,0.0,3.5611722557382635,True
multicopter,hover_descent,1425.7266509268143,3.1597199670420553,0.0,0.0,3.82828938611081,True
multicopter,hover_descent,1217.6173513940503,3.1597199670420553,0.0,0.0,4.576734953581547,True
multicopter,hover_descent,916.890700467236,3.1597199670420553,0.0,0.0,5.65827013443039,True
multicopter,hover_descent,583.1092995327642,3.1597199670420553,0.0,0.0,6.858683621931691,True
multicopter,hover_descent,282.38264860594995,3.1597199670420553,0.0,0.0,7.940218802780534,True
multicopter,hover_descent,74.27334907318571,3.1597199670420553,0.0,0.0,8.68866437025127,True
multicopter,hover_descent,-0.0,3.1597199670420553,0.0,0.0,8.955781500623818,True
