eVTOL_type,mission_segment,altitude_ft,air_speed_mph,pitch_angle_deg,range_nmi,time_min,fesibility
multicopter,hover_climb,0.0,4.461547336178068,0.0,0.0,0.0,False
multicopter,hover_climb,74.27334907318564,4.461547336178068,0.0,0.0,0.18917547361497355,False
multicopter,hover_climb,282.3826486059498,4.461547336178068,0.0,0.0,0.7192333718255205,False
multicopter,hover_climb,583.1092995327641,4.461547336178068,0.0,0.0,1.4851892271575315,False
multicopter,hover_climb,916.8907004672358,4.461547336178068,0.0,0.0,2.3353360886304064,False
multicopter,hover_climb,1217.61735139405,4.461547336178068,0.0,0.0,3.1012919439624174,False
multicopter,hover_climb,1425.7266509268143,4.461547336178068,0.0,0.0,3.631349842172965,False
multicopter,hover_climb,1500.0,4.461547336178068,0.0,0.0,3.8205253157879384,False
multicopter,hover_descent,1500.0,3.22879621877807,0.0,0.0,3.8205253157879384,True
multicopter,hover_descent,1425.7266509268143,3.22879621877807,0.0,0.0,4.081927793116323,True
multicopter,hover_descent,1217.6173513940503,3.22879621877807,0.0,0.0,4.814361258575594,True
multicopter,hover_descent,916.890700467236,3.22879621877807,0.0,0.0,5.872758281624579,True
multicopter,hover_descent,583.1092995327642,3.22879621877807,0.0,0.0,7.047490351460776,True
multicopter,hover_descent,282.38264860594995,3.22879621877807,0.0,0.0,8.105887374509761,True
multicopter,hover_descent,74.27334907318571,3.22879621877807,0.0,0.0,8.838320839969033,True
multicopter,hover_descent,-0.0,3.22879621877807,0.0,0.0,9.099723317297416,True
