eVTOL_type,mission_segment,velocity_kts,equivalent_airspeed_kts,Mach,time_min,fesibility
multicopter,hover_climb,4.335693746033376,4.335693746388656,0.006554548780247211,0.0,True
multicopter,hover_climb,4.335693746033376,4.330983604225606,0.006556223030367375,0.16916076477233466,True
multicopter,hover_climb,4.335693746033376,4.317800710651895,0.006560920953815846,0.6431386950055449,True
multicopter,hover_climb,4.335693746033376,4.298788967529181,0.006567727359938872,1.3280566486591048,True
multicopter,hover_climb,4.335693746033376,4.277740225737221,0.006575306530402589,2.088258225044473,True
multicopter,hover_climb,4.335693746033376,4.25882342958492,0.006582157436497994,2.7731761786980327,True
multicopter,hover_climb,4.335693746033376,4.245758932926946,0.006586910851320954,3.2471541089312432,True
multicopter,hover_climb,4.335693746033376,4.241101482341365,0.006588609797717511,3.4163148737035782,True
multicopter,hover_descent,2.7225652008152266,2.663166723782613,0.004137266331005717,3.4163148737035782,True
multicopter,hover_descent,2.7225652008152266,2.666091333690871,0.004136199490816291,3.6857039299061705,True
multicopter,hover_descent,2.7225652008152266,2.674295082860126,0.004133214620910783,4.440515292093064,True
multicopter,hover_descent,2.7225652008152266,2.6861737380262776,0.004128912647657607,5.5312493128292886,True
multicopter,hover_descent,2.7225652008152266,2.6993911318922916,0.004124153366452738,6.7418727423331335,True
multicopter,hover_descent,2.7225652008152266,2.7113294082708053,0.004119879336611465,7.832606763069357,True
multicopter,hover_descent,2.7225652008152266,2.71960750386339,0.004116929312083418,8.587418125256251,True
multicopter,hover_descent,2.7225652008152266,2.7225652010383214,0.00411587797972887,8.856807181458842,True
