eVTOL_type,mission_segment,altitude_ft,air_speed_mph,pitch_angle_deg,range_nmi,time_min,fesibility
multicopter,hover_climb,0.0,5.149790028324112,0.0,0.0,0.0,True
multicopter,hover_climb,74.27334907318564,5.149790028324112,0.0,0.0,0.16389315403831645,True
multicopter,hover_climb,282.3826486059498,5.149790028324112,0.0,0.0,0.6231115669783504,True
multicopter,hover_climb,583.1092995327641,5.149790028324112,0.0,0.0,1.2867014001930899,True
multicopter,hover_climb,916.8907004672358,5.149790028324112,0.0,0.0,2.0232305488191344,True
multicopter,hover_climb,1217.61735139405,5.149790028324112,0.0,0.0,2.686820382033874,True
multicopter,hover_climb,1425.7266509268143,5.149790028324112,0.0,0.0,3.146038794973908,True
multicopter,hover_climb,1500.0,5.149790028324112,0.0,0.0,3.3099319490122245,True
multicopter,hover_descent,1500.0,3.1005000158708724,0.0,0.0,3.3099319490122245,True
multicopter,hover_descent,1425.7266509268143,3.1005000158708724,0.0,0.0,3.5821510511108396,True
multicopter,hover_descent,1217.6173513940503,3.1005000158708724,0.0,0.0,4.344892025687858,True
multicopter,hover_descent,916.890700467236,3.1005000158708724,0.0,0.0,5.447084668324133,True
multicopter,hover_descent,583.1092995327642,3.1005000158708724,0.0,0.0,6.6704262086398725,True
multicopter,hover_descent,282.38264860594995,3.1005000158708724,0.0,0.0,7.772618851276148,True
multicopter,hover_descent,74.27334907318571,3.1005000158708724,0.0,0.0,8.535359825853165,True
multicopter,hover_descent,-0.0,3.1005000158708724,0.0,0.0,8.80757892795178,True
