eVTOL_type,mission_segment,altitude_ft,air_speed_mph,pitch_angle_deg,range_nmi,time_min,fesibility
multicopter,hover_climb,0.0,4.952075317148987,0.0,0.0,0.0,True
multicopter,hover_climb,74.27334907318564,4.952075317148987,0.0,0.0,0.17043669094738786,True
multicopter,hover_climb,282.3826486059498,4.952075317148987,0.0,0.0,0.6479896868785808,True
multicopter,hover_climb,583.1092995327641,4.952075317148987,0.0,0.0,1.3380737601462638,True
multicopter,hover_climb,916.8907004672358,4.952075317148987,0.0,0.0,2.10400929671402,True
multicopter,hover_climb,1217.61735139405,4.952075317148987,0.0,0.0,2.794093369981703,True
multicopter,hover_climb,1425.7266509268143,4.952075317148987,0.0,0.0,3.271646365912896,True
multicopter,hover_climb,1500.0,4.952075317148987,0.0,0.0,3.4420830568602843,True
multicopter,hover_descent,1500.0,3.3149386708341333,0.0,0.0,3.4420830568602843,True
multicopter,hover_descent,1425.7266509268143,3.3149386708341333,0.0,0.0,3.6966926934737816,True
multicopter,hover_descent,1217.6173513940503,3.3149386708341333,0.0,0.0,4.410093042200699,True
multicopter,hover_descent,916.890700467236,3.3149386708341333,0.0,0.0,5.440986414694563,True
multicopter,hover_descent,583.1092995327642,3.3149386708341333,0.0,0.0,6.585191735455453,True
multicopter,hover_descent,282.38264860594995,3.3149386708341333,0.0,0.0,7.616085107949317,True
multicopter,hover_descent,74.27334907318571,3.3149386708341333,0.0,0.0,8.329485456676233,True
multicopter,hover_descent,-0.0,3.3149386708341333,0.0,0.0,8.584095093289733,True
