eVTOL_type,mission_segment,altitude_ft,air_speed_mph,pitch_angle_deg,range_nmi,time_min,fesibility
multicopter,hover_climb,0.0,4.653782759084641,0.0,0.0,0.0,True
multicopter,hover_climb,74.27334907318564,4.653782759084641,0.0,0.0,0.18136113653554387,True
multicopter,hover_climb,282.3826486059498,4.653782759084641,0.0,0.0,0.6895237488029379,True
multicopter,hover_climb,583.1092995327641,4.653782759084641,0.0,0.0,1.423839999237174,True
multicopter,hover_climb,916.8907004672358,4.653782759084641,0.0,0.0,2.238869548641946,True
multicopter,hover_climb,1217.61735139405,4.653782759084641,0.0,0.0,2.9731857990761816,True
multicopter,hover_climb,1425.7266509268143,4.653782759084641,0.0,0.0,3.4813484113435758,True
multicopter,hover_climb,1500.0,4.653782759084641,0.0,0.0,3.66270954787912,True
multicopter,hover_descent,1500.0,3.323935999565837,0.0,0.0,3.66270954787912,True
multicopter,hover_descent,1425.7266509268143,3.323935999565837,0.0,0.0,3.916629999562712,True
multicopter,hover_descent,1217.6173513940503,3.323935999565837,0.0,0.0,4.628099295027579,True
multicopter,hover_descent,916.890700467236,3.323935999565837,0.0,0.0,5.656202214708611,True
multicopter,hover_descent,583.1092995327642,3.323935999565837,0.0,0.0,6.797310366508127,True
multicopter,hover_descent,282.38264860594995,3.323935999565837,0.0,0.0,7.82541328618916,True
multicopter,hover_descent,74.27334907318571,3.323935999565837,0.0,0.0,8.536882581654027,True
multicopter,hover_descent,-0.0,3.323935999565837,0.0,0.0,8.79080303333762,True
