eVTOL_type,mission_segment,velocity_kts,equivalent_airspeed_kts,Mach,time_min,fesibility
multicopter,hover_climb,4.832287141512739,4.832287141908711,0.007305281148647528,0.0,True
multicopter,hover_climb,4.832287141512739,4.827037518493768,0.007307147160824875,0.1517768395004846,True
multicopter,hover_climb,4.832287141512739,4.812344707876676,0.007312383166041486,0.5770460935180868,True
multicopter,hover_climb,4.832287141512739,4.791155434092364,0.007319969151287399,1.191577970709493,True
multicopter,hover_climb,4.832287141512739,4.767695851782296,0.00732841641027765,1.87365689605807,True
multicopter,hover_climb,4.832287141512739,4.746612399822847,0.007336051992348645,2.488188773249476,True
multicopter,hover_climb,4.832287141512739,4.732051546840918,0.007341349844704633,2.9134580272670783,True
multicopter,hover_climb,4.832287141512739,4.7268606500905355,0.0073432433817732295,3.065234866767563,True
multicopter,hover_descent,2.881822913650006,2.8189498951829943,0.004379277641907295,3.065234866767563,True
multicopter,hover_descent,2.881822913650006,2.82204558150286,0.004378148396406702,3.319736719197038,True
multicopter,hover_descent,2.881822913650006,2.8307292127807138,0.004374988925153128,4.03283506335142,True
multicopter,hover_descent,2.881822913650006,2.8433027153844024,0.004370435305981326,5.06329202659367,True
multicopter,hover_descent,2.881822913650006,2.8572932668284636,0.004365397628417318,6.207012969628357,True
multicopter,hover_descent,2.881822913650006,2.869929878214955,0.004360873587220246,7.237469932870607,True
multicopter,hover_descent,2.881822913650006,2.878692204844618,0.004357750999640631,7.950568277024988,True
multicopter,hover_descent,2.881822913650006,2.881822913886151,0.004356638169112902,8.205070129454464,True
