eVTOL_type,mission_segment,altitude_ft,air_speed_mph,pitch_angle_deg,range_nmi,time_min,fesibility
multicopter,hover_climb,0.0,4.558430439683714,0.0,0.0,0.0,True
multicopter,hover_climb,74.27334907318564,4.558430439683714,0.0,0.0,0.18515481184696364,True
multicopter,hover_climb,282.3826486059498,4.558430439683714,0.0,0.0,0.7039470661268158,True
multicopter,hover_climb,583.1092995327641,4.558430439683714,0.0,0.0,1.4536235943099771,True
multicopter,hover_climb,916.8907004672358,4.558430439683714,0.0,0.0,2.285701765810522,True
multicopter,hover_climb,1217.61735139405,4.558430439683714,0.0,0.0,3.035378293993683,True
multicopter,hover_climb,1425.7266509268143,4.558430439683714,0.0,0.0,3.5541705482735355,True
multicopter,hover_climb,1500.0,4.558430439683714,0.0,0.0,3.739325360120499,True
multicopter,hover_descent,1500.0,3.331237374308463,0.0,0.0,3.739325360120499,True
multicopter,hover_descent,1425.7266509268143,3.331237374308463,0.0,0.0,3.9926892713465256,True
multicopter,hover_descent,1217.6173513940503,3.331237374308463,0.0,0.0,4.7025991751018354,True
multicopter,hover_descent,916.890700467236,3.331237374308463,0.0,0.0,5.728448708474082,True
multicopter,hover_descent,583.1092995327642,3.331237374308463,0.0,0.0,6.86705579016001,True
multicopter,hover_descent,282.38264860594995,3.331237374308463,0.0,0.0,7.892905323532258,True
multicopter,hover_descent,74.27334907318571,3.331237374308463,0.0,0.0,8.602815227287568,True
multicopter,hover_descent,-0.0,3.331237374308463,0.0,0.0,8.856179138513593,True
