eVTOL_type,mission_segment,altitude_ft,air_speed_mph,pitch_angle_deg,range_nmi,time_min,fesibility
multicopter,hover_climb,0.0,4.671944554510271,0.0,0.0,0.0,True
multicopter,hover_climb,74.27334907318564,4.671944554510271,0.0,0.0,0.1806561102190953,True
multicopter,hover_climb,282.3826486059498,4.671944554510271,0.0,0.0,0.6868432826456966,True
multicopter,hover_climb,583.1092995327641,4.671944554510271,0.0,0.0,1.4183049398024445,True
multicopter,hover_climb,916.8907004672358,4.671944554510271,0.0,0.0,2.2301661297009283,True
multicopter,hover_climb,1217.61735139405,4.671944554510271,0.0,0.0,2.961627786857676,True
multicopter,hover_climb,1425.7266509268143,4.671944554510271,0.0,0.0,3.4678149592842775,True
multicopter,hover_climb,1500.0,4.671944554510271,0.0,0.0,3.648471069503373,True
multicopter,hover_descent,1500.0,3.356703278521719,0.0,0.0,3.648471069503373,True
multicopter,hover_descent,1425.7266509268143,3.356703278521719,0.0,0.0,3.899912814675681,True
multicopter,hover_descent,1217.6173513940503,3.356703278521719,0.0,0.0,4.604436928830595,True
multicopter,hover_descent,916.890700467236,3.356703278521719,0.0,0.0,5.622503770738504,True
multicopter,hover_descent,583.1092995327642,3.356703278521719,0.0,0.0,6.752472716589107,True
multicopter,hover_descent,282.38264860594995,3.356703278521719,0.0,0.0,7.770539558497014,True
multicopter,hover_descent,74.27334907318571,3.356703278521719,0.0,0.0,8.475063672651931,True
multicopter,hover_descent,-0.0,3.356703278521719,0.0,0.0,8.726505417824237,True
