eVTOL_type,mission_segment,velocity_kts,equivalent_airspeed_kts,Mach,time_min,fesibility
multicopter,hover_climb,3.5734248549823864,3.573424855275203,0.005402177574455823,0.0,True
multicopter,hover_climb,3.5734248549823864,3.569542814692577,0.005403557470579327,0.2052454716866432,True
multicopter,hover_climb,3.5734248549823864,3.5586776377875,0.005407429440649383,0.7803305039085123,True
multicopter,hover_climb,3.5734248549823864,3.543008395587587,0.005413039195912973,1.6113524530789964,True
multicopter,hover_climb,3.5734248549823864,3.5256602844221447,0.0054192858539339585,2.5337172303495126,True
multicopter,hover_climb,3.5734248549823864,3.5100692963342266,0.005424932285521261,3.364739179519997,True
multicopter,hover_climb,3.5734248549823864,3.4993017006943945,0.005428849990891929,3.939824211741866,True
multicopter,hover_climb,3.5734248549823864,3.495463087854501,0.005430250241379245,4.14506968342851,True
multicopter,hover_descent,2.6859708300759704,2.6273707360863887,0.004081656769141587,4.14506968342851,True
multicopter,hover_descent,2.6859708300759704,2.6302560359133973,0.004080604268496866,4.418128966755459,True
multicopter,hover_descent,2.6859708300759704,2.6383495173695186,0.004077659518635462,5.183224076821062,True
multicopter,hover_descent,2.6859708300759704,2.650068509909077,0.004073415368792388,6.28881854380108,True
multicopter,hover_descent,2.6859708300759704,2.663108246978774,0.004068720057736263,7.5159358242838055,True
multicopter,hover_descent,2.6859708300759704,2.6748860593538355,0.004064503475713877,8.621530291263822,True
multicopter,hover_descent,2.6859708300759704,2.6830528879328557,0.004061593102868455,9.386625401329425,True
multicopter,hover_descent,2.6859708300759704,2.6859708302960668,0.0040605559016156844,9.659684684656376,True
