eVTOL_type,mission_segment,velocity_kts,equivalent_airspeed_kts,Mach,time_min,fesibility
multicopter,hover_climb,4.482537837683038,4.482537838050351,0.006776542495252881,0.0,True
multicopter,hover_climb,4.482537837683038,4.477668169733475,0.006778273449963473,0.1636192033298561,True
multicopter,hover_climb,4.482537837683038,4.464038789358448,0.006783130485734409,0.6220700234421046,True
multicopter,hover_climb,4.482537837683038,4.444383144172291,0.0067901674156404974,1.2845506528831847,True
multicopter,hover_climb,4.482537837683038,4.422621509923008,0.006798003282371848,2.0198486782005602,True
multicopter,hover_climb,4.482537837683038,4.403064027432921,0.00680508621940428,2.6823293076416403,True
multicopter,hover_climb,4.482537837683038,4.389557053917269,0.006810000625967616,3.1407801277538896,True
multicopter,hover_climb,4.482537837683038,4.3847418617704275,0.0068117571133841275,3.3043993310837454,True
multicopter,hover_descent,2.714288428155871,2.6550705262994057,0.004124688776263342,3.3043993310837454,True
multicopter,hover_descent,2.714288428155871,2.657986245206147,0.00412362517933645,3.574609844561098,True
multicopter,hover_descent,2.714288428155871,2.666165054452271,0.004120649383626711,4.331722878884494,True
multicopter,hover_descent,2.714288428155871,2.6780075977455904,0.004116360488647873,5.425782912224174,True
multicopter,hover_descent,2.714288428155871,2.691184809887345,0.0041116156759628195,6.640097937211444,True
multicopter,hover_descent,2.714288428155871,2.70308679314072,0.004107354639446123,7.734157970551124,True
multicopter,hover_descent,2.714288428155871,2.7113397227922835,0.004104413583181665,8.49127100487452,True
multicopter,hover_descent,2.714288428155871,2.7142884283782873,0.004103365446944838,8.761481518351873,True
