eVTOL_type,mission_segment,velocity_kts,equivalent_airspeed_kts,Mach,time_min,fesibility
multicopter,hover_climb,4.16411948172245,4.16411948206367,0.0062951688630448355,0.0,True
multicopter,hover_climb,4.16411948172245,4.159595732026948,0.006296776858893027,0.17613069776620774,True
multicopter,hover_climb,4.16411948172245,4.146934518580775,0.00630128887374032,0.6696379462709822,True
multicopter,hover_climb,4.16411948172245,4.128675117766032,0.006307825933320079,1.3827765824787435,True
multicopter,hover_climb,4.16411948172245,4.108459327422945,0.00631510517701946,2.174300753417133,True
multicopter,hover_climb,4.16411948172245,4.090291116289112,0.006321684975596199,2.8874393896248938,True
multicopter,hover_climb,4.16411948172245,4.077743614496087,0.006326250285885264,3.380946638129668,True
multicopter,hover_climb,4.16411948172245,4.0732704708990966,0.006327882000716315,3.557077335895876,True
multicopter,hover_descent,2.877436494563462,2.814659175039965,0.004372611948834084,3.557077335895876,True
multicopter,hover_descent,2.877436494563462,2.8177501494195183,0.004371484422156669,3.811967155804448,True
multicopter,hover_descent,2.877436494563462,2.8264205633529627,0.004368329759930376,4.526152560678777,True
multicopter,hover_descent,2.877436494563462,2.8389749278439154,0.004363783071816674,5.558180372174313,True
multicopter,hover_descent,2.877436494563462,2.852944184286957,0.004358753062095445,6.703644825233874,True
multicopter,hover_descent,2.877436494563462,2.8655615615029126,0.004354235906935873,7.735672636729411,True
multicopter,hover_descent,2.877436494563462,2.8743105510060682,0.004351118072242945,8.449858041603738,True
multicopter,hover_descent,2.877436494563462,2.8774364947992472,0.0043500069355531835,8.704747861512312,True
