eVTOL_type,mission_segment,altitude_ft,air_speed_mph,pitch_angle_deg,range_nmi,time_min,fesibility
multicopter,hover_climb,0.0,3.9776403332901555,0.0,0.0,0.0,True
multicopter,hover_climb,74.27334907318564,3.9776403332901555,0.0,0.0,0.21218995677242938,True
multicopter,hover_climb,282.3826486059498,3.9776403332901555,0.0,0.0,0.8067330038118966,True
multicopter,hover_climb,583.1092995327641,3.9776403332901555,0.0,0.0,1.6658725990602747,True
multicopter,hover_climb,916.8907004672358,3.9776403332901555,0.0,0.0,2.6194456090229545,True
multicopter,hover_climb,1217.61735139405,3.9776403332901555,0.0,0.0,3.478585204271332,True
multicopter,hover_climb,1425.7266509268143,3.9776403332901555,0.0,0.0,4.0731282513108,True
multicopter,hover_climb,1500.0,3.9776403332901555,0.0,0.0,4.285318208083229,True
multicopter,hover_descent,1500.0,3.2598602898207663,0.0,0.0,4.285318208083229,True
multicopter,hover_descent,1425.7266509268143,3.2598602898207663,0.0,0.0,4.54422971205554,True
multicopter,hover_descent,1217.6173513940503,3.2598602898207663,0.0,0.0,5.269683625269545,True
multicopter,hover_descent,916.890700467236,3.2598602898207663,0.0,0.0,6.317994903104835,True
multicopter,hover_descent,583.1092995327642,3.2598602898207663,0.0,0.0,7.481532640292031,True
multicopter,hover_descent,282.38264860594995,3.2598602898207663,0.0,0.0,8.52984391812732,True
multicopter,hover_descent,74.27334907318571,3.2598602898207663,0.0,0.0,9.255297831341325,True
multicopter,hover_descent,-0.0,3.2598602898207663,0.0,0.0,9.514209335313637,True
