eVTOL_type,mission_segment,altitude_ft,air_speed_mph,pitch_angle_deg,range_nmi,time_min,fesibility
multicopter,hover_climb,0.0,5.2049858507115125,0.0,0.0,0.0,True
multicopter,hover_climb,74.27334907318564,5.2049858507115125,0.0,0.0,0.16215516325788557,True
multicopter,hover_climb,282.3826486059498,5.2049858507115125,0.0,0.0,0.6165038342457494,True
multicopter,hover_climb,583.1092995327641,5.2049858507115125,0.0,0.0,1.2730566864536725,True
multicopter,hover_climb,916.8907004672358,5.2049858507115125,0.0,0.0,2.0017753754095624,True
multicopter,hover_climb,1217.61735139405,5.2049858507115125,0.0,0.0,2.6583282276174858,True
multicopter,hover_climb,1425.7266509268143,5.2049858507115125,0.0,0.0,3.1126768986053497,True
multicopter,hover_climb,1500.0,5.2049858507115125,0.0,0.0,3.2748320618632354,True
multicopter,hover_descent,1500.0,3.1229674010933355,0.0,0.0,3.2748320618632354,True
multicopter,hover_descent,1425.7266509268143,3.1229674010933355,0.0,0.0,3.5450927536916623,True
multicopter,hover_descent,1217.6173513940503,3.1229674010933355,0.0,0.0,4.302346384630455,True
multicopter,hover_descent,916.890700467236,3.1229674010933355,0.0,0.0,5.396609585965867,True
multicopter,hover_descent,583.1092995327642,3.1229674010933355,0.0,0.0,6.611150110415963,True
multicopter,hover_descent,282.38264860594995,3.1229674010933355,0.0,0.0,7.705413311751375,True
multicopter,hover_descent,74.27334907318571,3.1229674010933355,0.0,0.0,8.462666942690168,True
multicopter,hover_descent,-0.0,3.1229674010933355,0.0,0.0,8.732927634518596,True
