eVTOL_type,mission_segment,velocity_kts,equivalent_airspeed_kts,Mach,time_min,fesibility
multicopter,hover_climb,4.252255599944229,4.252255600292671,0.006428409935875407,0.0,True
multicopter,hover_climb,4.252255599944229,4.247636102338582,0.0064300519659324625,0.17248005268245253,True
multicopter,hover_climb,4.252255599944229,4.23470690661908,0.0064346594803147104,0.655758420967023,True
multicopter,hover_climb,4.252255599944229,4.216061034494874,0.006441334900731249,1.3541158969947258,True
multicopter,hover_climb,4.252255599944229,4.195417364669594,0.006448768214045124,2.1292342178458963,True
multicopter,hover_climb,4.252255599944229,4.176864612311285,0.006455487278055475,2.827591693873599,True
multicopter,hover_climb,4.252255599944229,4.164051535021141,0.006460149215909892,3.3108700621581693,True
multicopter,hover_climb,4.252255599944229,4.15948371462282,0.006461815466976487,3.483350114840622,True
multicopter,hover_descent,2.823008884494792,2.761419017578724,0.004289902628026344,3.483350114840622,True
multicopter,hover_descent,2.823008884494792,2.764451525212415,0.004288796428868217,3.7431542103664817,True
multicopter,hover_descent,2.823008884494792,2.7729579355580842,0.004285701438063301,4.471109109537031,True
multicopter,hover_descent,2.823008884494792,2.785274830323306,0.004281240751975438,5.523034416790593,True
multicopter,hover_descent,2.823008884494792,2.7989798539173973,0.004276305886459221,6.690583424008334,True
multicopter,hover_descent,2.823008884494792,2.8113585695022456,0.004271874174700437,7.7425087312618945,True
multicopter,hover_descent,2.823008884494792,2.8199420691361823,0.004268815314824589,8.470463630432445,True
multicopter,hover_descent,2.823008884494792,2.8230088847261174,0.00426772519563238,8.730267725958305,True
