segment_type,climb_rate,descend_rate,start_altitude,end_altitude,climb_angle,descent_angle,speed,time_required
hover_climb,2.0603861918591466,,0.0,15.24,,,,
second_climb,2.54,,15.24,91.44,,,36.876025114871744,
departure_terminal_procedures,,,91.44,91.44,,,36.255156984779475,58.522720460408706
accel_climb,2.54,,91.44,457.20000000000005,,,43.66275644456919,
cruise_0,,,457.20000000000005,457.20000000000005,,,45.48632,812.8378378378379
decel_descend,,2.54,457.20000000000005,91.44,,,41.40959192782282,
arrival_terminal_procedure,,,91.44,91.44,,,39.61930177448844,49.18797383662548
second_descent,,2.54,91.44,15.24,,,40.003875650008574,
hover_descent,,1.3468507195340453,15.24,0.0,,,,
