eVTOL_type,mission_segment,altitude_ft,air_speed_mph,pitch_angle_deg,range_nmi,time_min,fesibility
multicopter,hover_climb,0.0,5.614283189384932,0.0,0.0,0.0,True
multicopter,hover_climb,74.27334907318564,5.614283189384932,0.0,0.0,0.15033358701479663,True
multicopter,hover_climb,282.3826486059498,5.614283189384932,0.0,0.0,0.5715589374304555,True
multicopter,hover_climb,583.1092995327641,5.614283189384932,0.0,0.0,1.1802472046072512,True
multicopter,hover_climb,916.8907004672358,5.614283189384932,0.0,0.0,1.8558402121591173,True
multicopter,hover_climb,1217.61735139405,5.614283189384932,0.0,0.0,2.464528479335913,True
multicopter,hover_climb,1425.7266509268143,5.614283189384932,0.0,0.0,2.8857538297515717,True
multicopter,hover_climb,1500.0,5.614283189384932,0.0,0.0,3.0360874167663687,True
multicopter,hover_descent,1500.0,3.1735893710437546,0.0,0.0,3.0360874167663687,True
multicopter,hover_descent,1425.7266509268143,3.1735893710437546,0.0,0.0,3.302037176391232,True
multicopter,hover_descent,1217.6173513940503,3.1735893710437546,0.0,0.0,4.047211843712365,True
multicopter,hover_descent,916.890700467236,3.1735893710437546,0.0,0.0,5.124020436899265,True
multicopter,hover_descent,583.1092995327642,3.1735893710437546,0.0,0.0,6.31918780788053,True
multicopter,hover_descent,282.38264860594995,3.1735893710437546,0.0,0.0,7.395996401067432,True
multicopter,hover_descent,74.27334907318571,3.1735893710437546,0.0,0.0,8.141171068388564,True
multicopter,hover_descent,-0.0,3.1735893710437546,0.0,0.0,8.407120828013428,True
