eVTOL_type,mission_segment,velocity_kts,equivalent_airspeed_kts,Mach,time_min,fesibility
multicopter,hover_climb,4.039833089358292,4.039833089689327,0.006107277081662187,0.0,True
multicopter,hover_climb,4.039833089358292,4.03544435993108,0.006108837083689887,0.18154939911493626,True
multicopter,hover_climb,4.039833089358292,4.023161045473896,0.006113214428518675,0.6902395114077697,True
multicopter,hover_climb,4.039833089358292,4.005446632636555,0.006119556376609581,1.4253180214640908,True
multicopter,hover_climb,4.039833089358292,3.9858342225906838,0.006126618356865273,2.241193615220938,True
multicopter,hover_climb,4.039833089358292,3.9682082776976375,0.006133001768323156,2.9762721252772595,True
multicopter,hover_climb,4.039833089358292,3.956035280944124,0.006137430817885711,3.4849622375700933,True
multicopter,hover_climb,4.039833089358292,3.9516956471761953,0.0061390138309562565,3.6665116366850294,True
multicopter,hover_descent,2.8116749851962455,2.750332391093689,0.0042726794004787185,3.6665116366850294,True
multicopter,hover_descent,2.8116749851962455,2.7533527237263264,0.004271577642521586,3.927363005978854,True
multicopter,hover_descent,2.8116749851962455,2.7618249822849505,0.004268495077577001,4.658252301039584,True
multicopter,hover_descent,2.8116749851962455,2.7740924268179374,0.004264052300383155,5.714417933211488,True
multicopter,hover_descent,2.8116749851962455,2.787742427079246,0.004259137247510505,6.886673346021481,True
multicopter,hover_descent,2.8116749851962455,2.8000714442318104,0.004254723328318747,7.942838978193382,True
multicopter,hover_descent,2.8116749851962455,2.808620482578354,0.004251676749243711,8.673728273254113,True
multicopter,hover_descent,2.8116749851962455,2.811674985426642,0.0042505910066941745,8.934579642547938,True
