eVTOL_type,mission_segment,altitude_ft,air_speed_mph,pitch_angle_deg,range_nmi,time_min,fesibility
multicopter,hover_climb,0.0,4.962061258554641,0.0,0.0,0.0,True
multicopter,hover_climb,74.27334907318564,4.962061258554641,0.0,0.0,0.17009369421266599,True
multicopter,hover_climb,282.3826486059498,4.962061258554641,0.0,0.0,0.646685634649584,True
multicopter,hover_climb,583.1092995327641,4.962061258554641,0.0,0.0,1.3353809424906522,True
multicopter,hover_climb,916.8907004672358,4.962061258554641,0.0,0.0,2.099775065724285,True
multicopter,hover_climb,1217.61735139405,4.962061258554641,0.0,0.0,2.788470373565353,True
multicopter,hover_climb,1425.7266509268143,4.962061258554641,0.0,0.0,3.265062314002271,True
multicopter,hover_climb,1500.0,4.962061258554641,0.0,0.0,3.4351560082149373,True
multicopter,hover_descent,1500.0,3.274524532358676,0.0,0.0,3.4351560082149373,True
multicopter,hover_descent,1425.7266509268143,3.274524532358676,0.0,0.0,3.6929080335965137,True
multicopter,hover_descent,1217.6173513940503,3.274524532358676,0.0,0.0,4.415113159993281,True
multicopter,hover_descent,916.890700467236,3.274524532358676,0.0,0.0,5.458729804857741,True
multicopter,hover_descent,583.1092995327642,3.274524532358676,0.0,0.0,6.617056892556282,True
multicopter,hover_descent,282.38264860594995,3.274524532358676,0.0,0.0,7.660673537420742,True
multicopter,hover_descent,74.27334907318571,3.274524532358676,0.0,0.0,8.38287866381751,True
multicopter,hover_descent,-0.0,3.274524532358676,0.0,0.0,8.640630689199085,True
