segment_type,climb_rate,descend_rate,start_altitude,end_altitude,climb_angle,descent_angle,speed,time_required
hover_climb,1.8769093866241144,,0.0,15.24,,,,
second_climb,2.54,,15.24,91.44,,,34.54944531160216,
departure_terminal_procedures,,,91.44,91.44,,,37.34289895504185,57.69179759436452
accel_climb,2.54,,91.44,457.20000000000005,,,40.69192347954246,
cruise_0,,,457.20000000000005,457.20000000000005,,,49.1744,938.5135135135124
decel_descend,,2.54,457.20000000000005,91.44,,,41.79226129364878,
arrival_terminal_procedure,,,91.44,91.44,,,35.76959240972207,51.8846587804935
second_descent,,2.54,91.44,15.24,,,36.35310765662581,
hover_descent,,1.2385232961444093,15.24,0.0,,,,
