eVTOL_type,mission_segment,altitude_ft,air_speed_mph,pitch_angle_deg,range_nmi,time_min,fesibility
multicopter,hover_climb,0.0,4.524897882631272,0.0,0.0,0.0,True
multicopter,hover_climb,74.27334907318564,4.524897882631272,0.0,0.0,0.18652693436836335,True
multicopter,hover_climb,282.3826486059498,4.524897882631272,0.0,0.0,0.7091637905190731,True
multicopter,hover_climb,583.1092995327641,4.524897882631272,0.0,0.0,1.4643959293710787,True
multicopter,hover_climb,916.8907004672358,4.524897882631272,0.0,0.0,2.302640363510397,True
multicopter,hover_climb,1217.61735139405,4.524897882631272,0.0,0.0,3.057872502362402,True
multicopter,hover_climb,1425.7266509268143,4.524897882631272,0.0,0.0,3.5805093585131123,True
multicopter,hover_climb,1500.0,4.524897882631272,0.0,0.0,3.767036292881476,True
multicopter,hover_descent,1500.0,3.259901364701875,0.0,0.0,3.767036292881476,True
multicopter,hover_descent,1425.7266509268143,3.259901364701875,0.0,0.0,4.025944534558995,True
multicopter,hover_descent,1217.6173513940503,3.259901364701875,0.0,0.0,4.751389307026117,True
multicopter,hover_descent,916.890700467236,3.259901364701875,0.0,0.0,5.79968737609946,True
multicopter,hover_descent,583.1092995327642,3.259901364701875,0.0,0.0,6.963210452666939,True
multicopter,hover_descent,282.38264860594995,3.259901364701875,0.0,0.0,8.01150852174028,True
multicopter,hover_descent,74.27334907318571,3.259901364701875,0.0,0.0,8.736953294207403,True
multicopter,hover_descent,-0.0,3.259901364701875,0.0,0.0,8.995861535884922,True
