eVTOL_type,mission_segment,altitude_ft,air_speed_mph,pitch_angle_deg,range_nmi,time_min,fesibility
multicopter,hover_climb,0.0,5.307105405466402,0.0,0.0,0.0,True
multicopter,hover_climb,74.27334907318564,5.307105405466402,0.0,0.0,0.1590349665012797,True
multicopter,hover_climb,282.3826486059498,5.307105405466402,0.0,0.0,0.6046410404536737,True
multicopter,hover_climb,583.1092995327641,5.307105405466402,0.0,0.0,1.2485604739110543,True
multicopter,hover_climb,916.8907004672358,5.307105405466402,0.0,0.0,1.9632571259235867,True
multicopter,hover_climb,1217.61735139405,5.307105405466402,0.0,0.0,2.6071765593809673,True
multicopter,hover_climb,1425.7266509268143,5.307105405466402,0.0,0.0,3.052782633333361,True
multicopter,hover_climb,1500.0,5.307105405466402,0.0,0.0,3.211817599834641,True
multicopter,hover_descent,1500.0,3.26872726522621,0.0,0.0,3.211817599834641,True
multicopter,hover_descent,1425.7266509268143,3.26872726522621,0.0,0.0,3.470026762573919,True
multicopter,hover_descent,1217.6173513940503,3.26872726522621,0.0,0.0,4.193512759383675,True
multicopter,hover_descent,916.890700467236,3.26872726522621,0.0,0.0,5.238980315622275,True
multicopter,hover_descent,583.1092995327642,3.26872726522621,0.0,0.0,6.399361759958519,True
multicopter,hover_descent,282.38264860594995,3.26872726522621,0.0,0.0,7.444829316197119,True
multicopter,hover_descent,74.27334907318571,3.26872726522621,0.0,0.0,8.168315313006875,True
multicopter,hover_descent,-0.0,3.26872726522621,0.0,0.0,8.426524475746152,True
