eVTOL_type,mission_segment,velocity_kts,equivalent_airspeed_kts,Mach,time_min,fesibility
multicopter,hover_climb,3.5468131854567515,3.546813185747388,0.005361946991705561,0.0,True
multicopter,hover_climb,3.5468131854567515,3.5429600551279656,0.0053633166115979675,0.20678542442127099,True
multicopter,hover_climb,3.5468131854567515,3.532175792334384,0.005367159746700982,0.7861853083216496,True
multicopter,hover_climb,3.5468131854567515,3.516623240623865,0.005372727725529009,1.623442398821413,True
multicopter,hover_climb,3.5468131854567515,3.4994043226610128,0.005378927864032826,2.5527276608627245,True
multicopter,hover_climb,3.5468131854567515,3.4839294422959126,0.005384532246052136,3.3899847513624874,True
multicopter,hover_climb,3.5468131854567515,3.473242034069663,0.005388420775860185,3.9693846352628666,True
multicopter,hover_climb,3.5468131854567515,3.46943200778202,0.005389810598535322,4.176170059684138,True
multicopter,hover_descent,2.7494397395254135,2.68945493799638,0.004178105435293715,4.176170059684138,True
multicopter,hover_descent,2.7494397395254135,2.692408416833899,0.004177028064286529,4.442925958842064,True
multicopter,hover_descent,2.7494397395254135,2.700693145505335,0.004174013730623167,5.1903593789412055,True
multicopter,hover_descent,2.7494397395254135,2.712689055302521,0.004169669292437768,6.2704319644615945,True
multicopter,hover_descent,2.7494397395254135,2.7260369185372735,0.004164863032197491,7.469222093619939,True
multicopter,hover_descent,2.7494397395254135,2.7380930380699455,0.004160546813254416,8.549294679140328,True
multicopter,hover_descent,2.7494397395254135,2.7464528470409224,0.004157567668928485,9.29672809923947,True
multicopter,hover_descent,2.7494397395254135,2.7494397397507107,0.00415650595883457,9.563483998397396,True
