eVTOL_type,mission_segment,velocity_kts,equivalent_airspeed_kts,Mach,time_min,fesibility
multicopter,hover_climb,3.481944260607193,3.481944260892514,0.005263880440617257,0.0,True
multicopter,hover_climb,3.481944260607193,3.4781616015461805,0.005265225011045475,0.21063785488907755,True
multicopter,hover_climb,3.481944260607193,3.4675745759613648,0.005268997857686948,0.8008320090917677,True
multicopter,hover_climb,3.481944260607193,3.452306470387526,0.005274464001774526,1.6536872721119373,True
multicopter,hover_climb,3.481944260607193,3.435402475325012,0.005280550743745277,2.600285199525051,True
multicopter,hover_climb,3.481944260607193,3.420210620537796,0.005286052625233258,3.4531404625452202,True
multicopter,hover_climb,3.481944260607193,3.409718678112764,0.005289870036339897,4.04333461674791,True
multicopter,hover_climb,3.481944260607193,3.4059783347477914,0.0052912344400549835,4.253972471636988,True
multicopter,hover_descent,2.7955781860782567,2.7345867774504953,0.004248218371957575,4.253972471636988,True
multicopter,hover_descent,2.7955781860782567,2.7375898187219647,0.0042471229215490045,4.516325810044782,True
multicopter,hover_descent,2.7955781860782567,2.7460135737213895,0.004244058004244685,5.251423529043956,True
multicopter,hover_descent,2.7955781860782567,2.758210787309698,0.0042396406618867965,6.313670510004835,True
multicopter,hover_descent,2.7955781860782567,2.771782641514537,0.004234753747621617,7.492675710743831,True
multicopter,hover_descent,2.7955781860782567,2.7840410752200557,0.004230365098054169,8.55492269170471,True
multicopter,hover_descent,2.7955781860782567,2.792541170444211,0.004227335960600808,9.290020410703884,True
multicopter,hover_descent,2.7955781860782567,2.7955781863073343,0.004226256433911855,9.552373749111677,True
