segment_type,climb_rate,descend_rate,start_altitude,end_altitude,climb_angle,descent_angle,speed,time_required
hover_climb,1.9565855249174218,,0.0,15.24,,,,
second_climb,2.54,,15.24,91.44,,,38.113446288956744,
departure_terminal_procedures,,,91.44,91.44,,,35.72823526863375,51.53005909419784
accel_climb,2.54,,91.44,457.20000000000005,,,39.832248474919794,
cruise_0,,,457.20000000000005,457.20000000000005,,,45.48632,1241.5366794151068
decel_descend,,2.54,457.20000000000005,91.44,,,39.43464746978653,
arrival_terminal_procedure,,,91.44,91.44,,,43.871433162733865,50.37221138413802
second_descent,,2.54,91.44,15.24,,,35.916829694823214,
hover_descent,,1.1803671542558805,15.24,0.0,,,,
