eVTOL_type,mission_segment,velocity_kts,equivalent_airspeed_kts,Mach,time_min,fesibility
multicopter,hover_climb,4.2114955638116305,4.211495564156732,0.0063667903518445515,0.0,True
multicopter,hover_climb,4.2114955638116305,4.206920346443823,0.0063684166422070185,0.17414936304333692,True
multicopter,hover_climb,4.2114955638116305,4.194115083651754,0.006372979991216727,0.6621050350208391,True
multicopter,hover_climb,4.2114955638116305,4.175647941710539,0.006379591424327945,1.3672214107137712,True
multicopter,hover_climb,4.2114955638116305,4.155202151976945,0.006386953485546987,2.149841544231304,True
multicopter,hover_climb,4.2114955638116305,4.136827237201234,0.006393608143905937,2.854957919924236,True
multicopter,hover_climb,4.2114955638116305,4.124136979784223,0.00639822539471111,3.342913591901738,True
multicopter,hover_climb,4.2114955638116305,4.119612944271385,0.006399875673912401,3.5170629549450756,True
multicopter,hover_descent,2.713108477711424,2.6539163189517088,0.0041228956991886025,3.5170629549450756,True
multicopter,hover_descent,2.713108477711424,2.656830770342521,0.004121832564626598,3.7873909849235528,True
multicopter,hover_descent,2.713108477711424,2.665006024111819,0.004118858062549266,4.544833293166029,True
multicopter,hover_descent,2.713108477711424,2.676843419236625,0.00411457103203092,5.639369141104792,True
multicopter,hover_descent,2.713108477711424,2.690014903005093,0.004109828282002059,6.854212280454317,True
multicopter,hover_descent,2.713108477711424,2.7019117122503253,0.004105569097835275,7.948748128393078,True
multicopter,hover_descent,2.713108477711424,2.710161054203577,0.004102629320101355,8.706190436635556,True
multicopter,hover_descent,2.713108477711424,2.7131084779337438,0.004101581639508374,8.976518466614033,True
