eVTOL_type,mission_segment,velocity_kts,equivalent_airspeed_kts,Mach,time_min,fesibility
multicopter,hover_climb,4.807538317936262,4.807538318330205,0.007267866750655474,0.0,True
multicopter,hover_climb,4.807538317936262,4.802315581149449,0.0072697232059491315,0.1525581745570932,True
multicopter,hover_climb,4.807538317936262,4.787698020567621,0.007274932394677905,0.5800166807541143,True
multicopter,hover_climb,4.807538317936262,4.76661726881092,0.007282479527884401,1.1977121190041995,True
multicopter,hover_climb,4.807538317936262,4.743277836038074,0.0072908835237745235,1.8833023322245144,True
multicopter,hover_climb,4.807538317936262,4.722302364133958,0.00729847999979324,2.5009977704745996,True
multicopter,hover_climb,4.807538317936262,4.707816085359028,0.007303750718907876,2.928456276671621,True
multicopter,hover_climb,4.807538317936262,4.702651774070999,0.007305634558122542,3.081014451228714,True
multicopter,hover_descent,2.7966939023601403,2.735678152038772,0.004249913837471719,3.081014451228714,True
multicopter,hover_descent,2.7966939023601403,2.7386823918251166,0.004248817949868488,3.343263126093951,True
multicopter,hover_descent,2.7966939023601403,2.7471095087482587,0.004245751809354545,4.078067584363671,True
multicopter,hover_descent,2.7966939023601403,2.7593115902489944,0.004241332704033698,5.139890791292276,True
multicopter,hover_descent,2.7966939023601403,2.772888860985837,0.004236443839399239,6.318425638340517,True
multicopter,hover_descent,2.7966939023601403,2.785152187036754,0.004232053438320134,7.380248845269121,True
multicopter,hover_descent,2.7966939023601403,2.793655674652039,0.004229023091936903,8.115053303538842,True
multicopter,hover_descent,2.7966939023601403,2.7966939025893094,0.004227943134408451,8.37730197840408,True
