eVTOL_type,mission_segment,velocity_kts,equivalent_airspeed_kts,Mach,time_min,fesibility
multicopter,hover_climb,4.130909577633926,4.130909577972425,0.006244963302162057,0.0,True
multicopter,hover_climb,4.130909577633926,4.126421905984254,0.006246558473837424,0.17754667733921278,True
multicopter,hover_climb,4.130909577633926,4.113861668911608,0.006251034504227263,0.675021412442719,True
multicopter,hover_climb,4.130909577633926,4.095747891427904,0.006257519429106608,1.3938932328960298,True
multicopter,hover_climb,4.130909577633926,4.075693327116229,0.0062647406189998605,2.1917807582740645,True
multicopter,hover_climb,4.130909577633926,4.05767001205271,0.006271267942021895,2.910652578727375,True
multicopter,hover_climb,4.130909577633926,4.0452225797540695,0.006275796842808903,3.4081273138308816,True
multicopter,hover_climb,4.130909577633926,4.0407851106065,0.006277415544302254,3.5856739911700948,True
multicopter,hover_descent,2.8195091047046357,2.7579955928339577,0.004284584290347081,3.5856739911700948,True
multicopter,hover_descent,2.8195091047046357,2.761024340965159,0.0042834794625815405,3.8458005744373143,True
multicopter,hover_descent,2.8195091047046357,2.769520205625627,0.0042803883087416195,4.574659064179716,True
multicopter,hover_descent,2.8195091047046357,2.7818218307189704,0.004275933152717478,5.627890097641055,True
multicopter,hover_descent,2.8195091047046357,2.795509863730828,0.0042710044051212925,6.796888351613368,True
multicopter,hover_descent,2.8195091047046357,2.8078732330024327,0.004266578187505774,7.850119385074707,True
multicopter,hover_descent,2.8195091047046357,2.816446091380965,0.004263523119802183,8.578977874817108,True
multicopter,hover_descent,2.8195091047046357,2.819509104935675,0.004262434352067682,8.839104458084329,True
