eVTOL_type,mission_segment,velocity_kts,equivalent_airspeed_kts,Mach,time_min,fesibility
multicopter,hover_climb,3.7951123368135278,3.79511233712451,0.005737316885197445,0.0,True
multicopter,hover_climb,3.7951123368135278,3.7909894632136196,0.00573878238706592,0.19325627407209775,True
multicopter,hover_climb,3.7951123368135278,3.779450234438002,0.005742894565711611,0.7347483210757506,True
multicopter,hover_climb,3.7951123368135278,3.7628089066377277,0.005748852337952902,1.5172270001377424,True
multicopter,hover_climb,3.7951123368135278,3.7443845565041065,0.005755486525009122,2.3857128123986153,True
multicopter,hover_climb,3.7951123368135278,3.727826337530207,0.005761483248893231,3.1681914914606066,True
multicopter,hover_climb,3.7951123368135278,3.7163907437486365,0.005765644000157805,3.7096835384642604,True
multicopter,hover_climb,3.7951123368135278,3.7123139917428913,0.005767131119130415,3.902939812536358,True
multicopter,hover_descent,2.671779495838637,2.6134890156061497,0.004060091324422545,3.902939812536358,True
multicopter,hover_descent,2.671779495838637,2.61635907094362,0.004059044384667863,4.177449468381823,True
multicopter,hover_descent,2.671779495838637,2.6244097904683006,0.004056115193400417,4.946608431938031,True
multicopter,hover_descent,2.671779495838637,2.6360668656786785,0.004051893467534663,6.058075337357035,True
multicopter,hover_descent,2.671779495838637,2.6490377072618534,0.0040472229641673645,7.291710532773557,True
multicopter,hover_descent,2.671779495838637,2.6607532915329726,0.004043028660467642,8.403177438192563,True
multicopter,hover_descent,2.671779495838637,2.6688769706508273,0.004040133664585119,9.17233640174877,True
multicopter,hover_descent,2.671779495838637,2.6717794960575705,0.00403910194338801,9.446846057594234,True
