eVTOL_type,mission_segment,velocity_kts,equivalent_airspeed_kts,Mach,time_min,fesibility
multicopter,hover_climb,4.275309033762885,4.275309034113216,0.006463261303469076,0.0,True
multicopter,hover_climb,4.275309033762885,4.27066449173556,0.006464912235726471,0.17155000120590386,True
multicopter,hover_climb,4.275309033762885,4.257665200898105,0.00646954472956383,0.6522224231620914,True
multicopter,hover_climb,4.275309033762885,4.238918240923249,0.0064762563405054135,1.346814197639748,True
multicopter,hover_climb,4.275309033762885,4.218162652266915,0.006483729953230391,2.117752905094494,True
multicopter,hover_climb,4.275309033762885,4.199509316903048,0.006490485444377786,2.81234467957215,True
multicopter,hover_climb,4.275309033762885,4.186626774026374,0.006495172656741994,3.293017101528338,True
multicopter,hover_climb,4.275309033762885,4.18203418937229,0.006496847941322164,3.464567102734242,True
multicopter,hover_descent,2.719982929110788,2.6606407897579785,0.004133342257570458,3.464567102734242,True
multicopter,hover_descent,2.719982929110788,2.6635626257611666,0.004132276429247059,3.7342119089747743,True
multicopter,hover_descent,2.719982929110788,2.6717585939195785,0.004129294390401427,4.489739866843907,True
multicopter,hover_descent,2.719982929110788,2.6836259825364057,0.004124996497441278,5.581509398343331,True
multicopter,hover_descent,2.719982929110788,2.6968308400994596,0.0041202417302723575,6.793282158084981,True
multicopter,hover_descent,2.719982929110788,2.7087577933797116,0.004115971754220621,7.8850516895844045,True
multicopter,hover_descent,2.719982929110788,2.717028037446093,0.00411302452770265,8.640579647453539,True
multicopter,hover_descent,2.719982929110788,2.7199829293336717,0.004111974192505411,8.91022445369407,True
