eVTOL_type,mission_segment,altitude_ft,air_speed_mph,pitch_angle_deg,range_nmi,time_min,fesibility
multicopter,hover_climb,0.0,4.350734441974945,0.0,0.0,0.0,True
multicopter,hover_climb,74.27334907318564,4.350734441974945,0.0,0.0,0.19399375936031224,True
multicopter,hover_climb,282.3826486059498,4.350734441974945,0.0,0.0,0.7375521942226141,True
multicopter,hover_climb,583.1092995327641,4.350734441974945,0.0,0.0,1.5230168902557,True
multicopter,hover_climb,916.8907004672358,4.350734441974945,0.0,0.0,2.394816931317892,True
multicopter,hover_climb,1217.61735139405,4.350734441974945,0.0,0.0,3.1802816273509777,True
multicopter,hover_climb,1425.7266509268143,4.350734441974945,0.0,0.0,3.72384006221328,True
multicopter,hover_climb,1500.0,4.350734441974945,0.0,0.0,3.9178338215735926,True
multicopter,hover_descent,1500.0,3.364305139784306,0.0,0.0,3.9178338215735926,True
multicopter,hover_descent,1425.7266509268143,3.364305139784306,0.0,0.0,4.168707418143736,True
multicopter,hover_descent,1217.6173513940503,3.364305139784306,0.0,0.0,4.871639615290702,True
multicopter,hover_descent,916.890700467236,3.364305139784306,0.0,0.0,5.887406070471882,True
multicopter,hover_descent,583.1092995327642,3.364305139784306,0.0,0.0,7.014821779680598,True
multicopter,hover_descent,282.38264860594995,3.364305139784306,0.0,0.0,8.030588234861776,True
multicopter,hover_descent,74.27334907318571,3.364305139784306,0.0,0.0,8.733520432008742,True
multicopter,hover_descent,-0.0,3.364305139784306,0.0,0.0,8.984394028578887,True
