eVTOL_type,mission_segment,altitude_ft,air_speed_mph,pitch_angle_deg,range_nmi,time_min,fesibility
multicopter,hover_climb,0.0,4.474451151081997,0.0,0.0,0.0,False
multicopter,hover_climb,74.27334907318564,4.474451151081997,0.0,0.0,0.18862991278226668,False
multicopter,hover_climb,282.3826486059498,4.474451151081997,0.0,0.0,0.7171591835084751,False
multicopter,hover_climb,583.1092995327641,4.474451151081997,0.0,0.0,1.4809061081251749,False
multicopter,hover_climb,916.8907004672358,4.474451151081997,0.0,0.0,2.328601241470691,False
multicopter,hover_climb,1217.61735139405,4.474451151081997,0.0,0.0,3.0923481660873904,False
multicopter,hover_climb,1425.7266509268143,4.474451151081997,0.0,0.0,3.620877436813599,False
multicopter,hover_climb,1500.0,4.474451151081997,0.0,0.0,3.8095073495958656,False
multicopter,hover_descent,1500.0,3.366041723551125,0.0,0.0,3.8095073495958656,True
multicopter,hover_descent,1425.7266509268143,3.366041723551125,0.0,0.0,4.06025151728452,True
multicopter,hover_descent,1217.6173513940503,3.366041723551125,0.0,0.0,4.762821062764336,True
multicopter,hover_descent,916.890700467236,3.366041723551125,0.0,0.0,5.7780634711030165,True
multicopter,hover_descent,583.1092995327642,3.366041723551125,0.0,0.0,6.904897532198053,True
multicopter,hover_descent,282.38264860594995,3.366041723551125,0.0,0.0,7.920139940536734,True
multicopter,hover_descent,74.27334907318571,3.366041723551125,0.0,0.0,8.622709486016552,True
multicopter,hover_descent,-0.0,3.366041723551125,0.0,0.0,8.873453653705205,True
