eVTOL_type,mission_segment,altitude_ft,air_speed_mph,pitch_angle_deg,range_nmi,time_min,fesibility
multicopter,hover_climb,0.0,4.444736278671087,0.0,0.0,0.0,True
multicopter,hover_climb,74.27334907318564,4.444736278671087,0.0,0.0,0.18989098058017026,True
multicopter,hover_climb,282.3826486059498,4.444736278671087,0.0,0.0,0.721953684756733,True
multicopter,hover_climb,583.1092995327641,4.444736278671087,0.0,0.0,1.4908065686466783,True
multicopter,hover_climb,916.8907004672358,4.444736278671087,0.0,0.0,2.344168889233783,True
multicopter,hover_climb,1217.61735139405,4.444736278671087,0.0,0.0,3.1130217731237275,True
multicopter,hover_climb,1425.7266509268143,4.444736278671087,0.0,0.0,3.6450844773002906,True
multicopter,hover_climb,1500.0,4.444736278671087,0.0,0.0,3.834975457880461,True
multicopter,hover_descent,1500.0,3.142597250088688,0.0,0.0,3.834975457880461,True
multicopter,hover_descent,1425.7266509268143,3.142597250088688,0.0,0.0,4.103547999383605,True
multicopter,hover_descent,1217.6173513940503,3.142597250088688,0.0,0.0,4.856071538222274,True
multicopter,hover_descent,916.890700467236,3.142597250088688,0.0,0.0,5.943499558433928,True
multicopter,hover_descent,583.1092995327642,3.142597250088688,0.0,0.0,7.150453604186182,True
multicopter,hover_descent,282.38264860594995,3.142597250088688,0.0,0.0,8.237881624397835,True
multicopter,hover_descent,74.27334907318571,3.142597250088688,0.0,0.0,8.990405163236506,True
multicopter,hover_descent,-0.0,3.142597250088688,0.0,0.0,9.258977704739648,True
