eVTOL_type,mission_segment,velocity_kts,equivalent_airspeed_kts,Mach,time_min,fesibility
multicopter,hover_climb,3.973355046521403,3.9733550468469914,0.00600677792279323,0.0,True
multicopter,hover_climb,3.973355046521403,3.9690385364498937,0.006008312253987674,0.1845868947804546,True
multicopter,hover_climb,3.973355046521403,3.956957351805156,0.006012617566801623,0.7017878808008474,True
multicopter,hover_climb,3.973355046521403,3.939534440985195,0.006018855154071789,1.4491649597260094,True
multicopter,hover_climb,3.973355046521403,3.9202447657173036,0.006025800924915961,2.278690935096457,True
multicopter,hover_climb,3.973355046521403,3.902908867044911,0.0060320792932468245,3.0260680140216185,True
multicopter,hover_climb,3.973355046521403,3.8909361847553208,0.006036435459960006,3.5432690000420117,True
multicopter,hover_climb,3.973355046521403,3.8866679624425533,0.006037992423535836,3.7278558948224667,True
multicopter,hover_descent,2.936482592761281,2.872417058613349,0.0044623396196270355,3.7278558948224667,True
multicopter,hover_descent,2.936482592761281,2.8755714609702308,0.004461188955670642,3.9776204504529376,True
multicopter,hover_descent,2.936482592761281,2.884419795116162,0.0044579695585680295,4.677445183940481,True
multicopter,hover_descent,2.936482592761281,2.8972317799716114,0.0044533295706740035,5.688721224030778,True
multicopter,hover_descent,2.936482592761281,2.9114876909035505,0.004448196343228076,6.811152948497228,True
multicopter,hover_descent,2.936482592761281,2.9243639815292375,0.004443586494315704,7.822428988587525,True
multicopter,hover_descent,2.936482592761281,2.9332925036456445,0.0044404046804615354,8.52225372207507,True
multicopter,hover_descent,2.936482592761281,2.9364825930019047,0.004439270742821616,8.77201827770554,True
