eVTOL_type,mission_segment,altitude_ft,air_speed_mph,pitch_angle_deg,range_nmi,time_min,fesibility
multicopter,hover_climb,0.0,5.144537751229621,0.0,0.0,0.0,True
multicopter,hover_climb,74.27334907318564,5.144537751229621,0.0,0.0,0.1640604795203179,True
multicopter,hover_climb,282.3826486059498,5.144537751229621,0.0,0.0,0.6237477280425335,True
multicopter,hover_climb,583.1092995327641,5.144537751229621,0.0,0.0,1.288015048302693,True
multicopter,hover_climb,916.8907004672358,5.144537751229621,0.0,0.0,2.025296150819216,True
multicopter,hover_climb,1217.61735139405,5.144537751229621,0.0,0.0,2.6895634710793757,True
multicopter,hover_climb,1425.7266509268143,5.144537751229621,0.0,0.0,3.1492507196015915,True
multicopter,hover_climb,1500.0,5.144537751229621,0.0,0.0,3.3133111991219093,True
multicopter,hover_descent,1500.0,3.3120431241438357,0.0,0.0,3.3133111991219093,True
multicopter,hover_descent,1425.7266509268143,3.3120431241438357,0.0,0.0,3.568143427671255,True
multicopter,hover_descent,1217.6173513940503,3.3120431241438357,0.0,0.0,4.2821674651429085,True
multicopter,hover_descent,916.890700467236,3.3120431241438357,0.0,0.0,5.313962093985465,True
multicopter,hover_descent,583.1092995327642,3.3120431241438357,0.0,0.0,6.459167733825958,True
multicopter,hover_descent,282.38264860594995,3.3120431241438357,0.0,0.0,7.490962362668514,True
multicopter,hover_descent,74.27334907318571,3.3120431241438357,0.0,0.0,8.204986400140168,True
multicopter,hover_descent,-0.0,3.3120431241438357,0.0,0.0,8.459818628689513,True
