eVTOL_type,mission_segment,altitude_ft,air_speed_mph,pitch_angle_deg,range_nmi,time_min,fesibility
multicopter,hover_climb,0.0,5.504510415432495,0.0,0.0,0.0,True
multicopter,hover_climb,74.27334907318564,5.504510415432495,0.0,0.0,0.15333158931098045,True
multicopter,hover_climb,282.3826486059498,5.504510415432495,0.0,0.0,0.5829571554923464,True
multicopter,hover_climb,583.1092995327641,5.504510415432495,0.0,0.0,1.2037840861500881,True
multicopter,hover_climb,916.8907004672358,5.504510415432495,0.0,0.0,1.892849993724801,True
multicopter,hover_climb,1217.61735139405,5.504510415432495,0.0,0.0,2.5136769243825428,True
multicopter,hover_climb,1425.7266509268143,5.504510415432495,0.0,0.0,2.9433024905639087,True
multicopter,hover_climb,1500.0,5.504510415432495,0.0,0.0,3.0966340798748893,True
multicopter,hover_descent,1500.0,3.351981019506375,0.0,0.0,3.0966340798748893,True
multicopter,hover_descent,1425.7266509268143,3.351981019506375,0.0,0.0,3.348430055289273,True
multicopter,hover_descent,1217.6173513940503,3.351981019506375,0.0,0.0,4.053946700526623,True
multicopter,hover_descent,916.890700467236,3.351981019506375,0.0,0.0,5.073447791403856,True
multicopter,hover_descent,583.1092995327642,3.351981019506375,0.0,0.0,6.205008633512389,True
multicopter,hover_descent,282.38264860594995,3.351981019506375,0.0,0.0,7.224509724389621,True
multicopter,hover_descent,74.27334907318571,3.351981019506375,0.0,0.0,7.930026369626971,True
multicopter,hover_descent,-0.0,3.351981019506375,0.0,0.0,8.181822345041356,True
