eVTOL_type,mission_segment,velocity_kts,equivalent_airspeed_kts,Mach,time_min,fesibility
multicopter,hover_climb,4.033908879695729,4.033908880026279,0.006098321070584789,0.0,True
multicopter,hover_climb,4.033908879695729,4.029526586116905,0.006099878784948895,0.1818160230612239,True
multicopter,hover_climb,4.033908879695729,4.0172612845153495,0.006104249710624228,0.6912531990504298,True
multicopter,hover_climb,4.033908879695729,3.999572848963052,0.006110582358570963,1.427411247426007,True
multicopter,hover_climb,4.033908879695729,3.9799891995185552,0.006117633982791951,2.2444850383211965,True
multicopter,hover_climb,4.033908879695729,3.9623891021768154,0.006124008033301745,2.9806430866967735,True
multicopter,hover_climb,4.033908879695729,3.95023395650363,0.006128430587888485,3.4900802626859795,True
multicopter,hover_climb,4.033908879695729,3.945900686587805,0.006130011279550912,3.6718962857472035,True
multicopter,hover_descent,2.802057512605844,2.740924743863798,0.004258064490420468,3.6718962857472035,True
multicopter,hover_descent,2.802057512605844,2.7439347453000984,0.0042569665010806215,3.933642972457985,True
multicopter,hover_descent,2.802057512605844,2.7523780240815805,0.004253894480201058,4.667040891174811,True
multicopter,hover_descent,2.802057512605844,2.7646035072171182,0.00424946689974514,5.726831589560609,True
multicopter,hover_descent,2.802057512605844,2.778206816981103,0.0042445686590526065,6.903110522320115,True
multicopter,hover_descent,2.802057512605844,2.7904936621240446,0.004240169837888562,7.962901220705912,True
multicopter,hover_descent,2.802057512605844,2.7990134580644055,0.004237133679787109,8.696299139422738,True
multicopter,hover_descent,2.802057512605844,2.8020575128354523,0.00423605165107337,8.958045826133521,True
