eVTOL_type,mission_segment,altitude_ft,air_speed_mph,pitch_angle_deg,range_nmi,time_min,fesibility
multicopter,hover_climb,0.0,4.3922014379408,0.0,0.0,0.0,False
multicopter,hover_climb,74.27334907318564,4.3922014379408,0.0,0.0,0.19216225446454258,False
multicopter,hover_climb,282.3826486059498,4.3922014379408,0.0,0.0,0.7305889266460762,False
multicopter,hover_climb,583.1092995327641,4.3922014379408,0.0,0.0,1.5086380107492603,False
multicopter,hover_climb,916.8907004672358,4.3922014379408,0.0,0.0,2.372207343521646,False
multicopter,hover_climb,1217.61735139405,4.3922014379408,0.0,0.0,3.1502564276248304,False
multicopter,hover_climb,1425.7266509268143,4.3922014379408,0.0,0.0,3.6886830998063638,False
multicopter,hover_climb,1500.0,4.3922014379408,0.0,0.0,3.8808453542709067,False
multicopter,hover_descent,1500.0,3.14469054675963,0.0,0.0,3.8808453542709067,True
multicopter,hover_descent,1425.7266509268143,3.14469054675963,0.0,0.0,4.149239117608544,True
multicopter,hover_descent,1217.6173513940503,3.14469054675963,0.0,0.0,4.901261731158944,True
multicopter,hover_descent,916.890700467236,3.14469054675963,0.0,0.0,5.98796589335635,True
multicopter,hover_descent,583.1092995327642,3.14469054675963,0.0,0.0,7.1941165173256385,True
multicopter,hover_descent,282.38264860594995,3.14469054675963,0.0,0.0,8.280820679523044,True
multicopter,hover_descent,74.27334907318571,3.14469054675963,0.0,0.0,9.032843293073446,True
multicopter,hover_descent,-0.0,3.14469054675963,0.0,0.0,9.301237056411082,True
