eVTOL_type,mission_segment,altitude_ft,air_speed_mph,pitch_angle_deg,range_nmi,time_min,fesibility
multicopter,hover_climb,0.0,4.458808086901051,0.0,0.0,0.0,False
multicopter,hover_climb,74.27334907318564,4.458808086901051,0.0,0.0,0.1892916927410785,False
multicopter,hover_climb,282.3826486059498,4.458808086901051,0.0,0.0,0.7196752297066811,False
multicopter,hover_climb,583.1092995327641,4.458808086901051,0.0,0.0,1.4861016466735624,False
multicopter,hover_climb,916.8907004672358,4.458808086901051,0.0,0.0,2.3367707921582768,False
multicopter,hover_climb,1217.61735139405,4.458808086901051,0.0,0.0,3.103197209125158,False
multicopter,hover_climb,1425.7266509268143,4.458808086901051,0.0,0.0,3.6335807460907605,False
multicopter,hover_climb,1500.0,4.458808086901051,0.0,0.0,3.822872438831839,False
multicopter,hover_descent,1500.0,3.181193843009963,0.0,0.0,3.822872438831839,True
multicopter,hover_descent,1425.7266509268143,3.181193843009963,0.0,0.0,4.088186459928562,True
multicopter,hover_descent,1217.6173513940503,3.181193843009963,0.0,0.0,4.83157982747759,True
multicopter,hover_descent,916.890700467236,3.181193843009963,0.0,0.0,5.905814367914498,True
multicopter,hover_descent,583.1092995327642,3.181193843009963,0.0,0.0,7.098124755883702,True
multicopter,hover_descent,282.38264860594995,3.181193843009963,0.0,0.0,8.172359296320607,True
multicopter,hover_descent,74.27334907318571,3.181193843009963,0.0,0.0,8.915752663869636,True
multicopter,hover_descent,-0.0,3.181193843009963,0.0,0.0,9.18106668496636,True
