eVTOL_type,mission_segment,altitude_ft,air_speed_mph,pitch_angle_deg,range_nmi,time_min,fesibility
multicopter,hover_climb,0.0,4.014588342084702,0.0,0.0,0.0,True
multicopter,hover_climb,74.27334907318564,4.014588342084702,0.0,0.0,0.2102370799838541,True
multicopter,hover_climb,282.3826486059498,4.014588342084702,0.0,0.0,0.7993082878560349,True
multicopter,hover_climb,583.1092995327641,4.014588342084702,0.0,0.0,1.6505408464131999,True
multicopter,hover_climb,916.8907004672358,4.014588342084702,0.0,0.0,2.5953377077508755,True
multicopter,hover_climb,1217.61735139405,4.014588342084702,0.0,0.0,3.4465702663080404,True
multicopter,hover_climb,1425.7266509268143,4.014588342084702,0.0,0.0,4.035641474180221,True
multicopter,hover_climb,1500.0,4.014588342084702,0.0,0.0,4.245878554164076,True
multicopter,hover_descent,1500.0,3.3489554874523395,0.0,0.0,4.245878554164076,True
multicopter,hover_descent,1425.7266509268143,3.3489554874523395,0.0,0.0,4.49790200850362,True
multicopter,hover_descent,1217.6173513940503,3.3489554874523395,0.0,0.0,5.2040560355254755,True
multicopter,hover_descent,916.890700467236,3.3489554874523395,0.0,0.0,6.224478169767163,True
multicopter,hover_descent,583.1092995327642,3.3489554874523395,0.0,0.0,7.357061292885915,True
multicopter,hover_descent,282.38264860594995,3.3489554874523395,0.0,0.0,8.377483427127602,True
multicopter,hover_descent,74.27334907318571,3.3489554874523395,0.0,0.0,9.083637454149457,True
multicopter,hover_descent,-0.0,3.3489554874523395,0.0,0.0,9.335660908489002,True
