eVTOL_type,mission_segment,altitude_ft,air_speed_mph,pitch_angle_deg,range_nmi,time_min,fesibility
multicopter,hover_climb,0.0,5.302183090284842,0.0,0.0,0.0,True
multicopter,hover_climb,74.27334907318564,5.302183090284842,0.0,0.0,0.1591826076175291,True
multicopter,hover_climb,282.3826486059498,5.302183090284842,0.0,0.0,0.6052023627848986,True
multicopter,hover_climb,583.1092995327641,5.302183090284842,0.0,0.0,1.2497195829178875,True
multicopter,hover_climb,916.8907004672358,5.302183090284842,0.0,0.0,1.9650797280841847,True
multicopter,hover_climb,1217.61735139405,5.302183090284842,0.0,0.0,2.609596948217174,True
multicopter,hover_climb,1425.7266509268143,5.302183090284842,0.0,0.0,3.055616703384543,True
multicopter,hover_climb,1500.0,5.302183090284842,0.0,0.0,3.2147993110020727,True
multicopter,hover_descent,1500.0,3.2770037301792097,0.0,0.0,3.2147993110020727,True
multicopter,hover_descent,1425.7266509268143,3.2770037301792097,0.0,0.0,3.4723563356109377,True
multicopter,hover_descent,1217.6173513940503,3.2770037301792097,0.0,0.0,4.194015081984133,True
multicopter,hover_descent,916.890700467236,3.2770037301792097,0.0,0.0,5.23684218483874,True
multicopter,hover_descent,583.1092995327642,3.2770037301792097,0.0,0.0,6.394292947019296,True
multicopter,hover_descent,282.38264860594995,3.2770037301792097,0.0,0.0,7.4371200498739025,True
multicopter,hover_descent,74.27334907318571,3.2770037301792097,0.0,0.0,8.158778796247098,True
multicopter,hover_descent,-0.0,3.2770037301792097,0.0,0.0,8.416335820855963,True
