eVTOL_type,mission_segment,altitude_ft,air_speed_mph,pitch_angle_deg,range_nmi,time_min,fesibility
multicopter,hover_climb,0.0,4.698072068033915,0.0,0.0,0.0,True
multicopter,hover_climb,74.27334907318564,4.698072068033915,0.0,0.0,0.17965142257392394,True
multicopter,hover_climb,282.3826486059498,4.698072068033915,0.0,0.0,0.6830235227748226,True
multicopter,hover_climb,583.1092995327641,4.698072068033915,0.0,0.0,1.4104172827042323,True
multicopter,hover_climb,916.8907004672358,4.698072068033915,0.0,0.0,2.2177634473091024,True
multicopter,hover_climb,1217.61735139405,4.698072068033915,0.0,0.0,2.9451572072385117,True
multicopter,hover_climb,1425.7266509268143,4.698072068033915,0.0,0.0,3.4485293074394106,True
multicopter,hover_climb,1500.0,4.698072068033915,0.0,0.0,3.6281807300133346,True
multicopter,hover_descent,1500.0,3.1500225232135817,0.0,0.0,3.6281807300133346,True
multicopter,hover_descent,1425.7266509268143,3.1500225232135817,0.0,0.0,3.896120188908398,True
multicopter,hover_descent,1217.6173513940503,3.1500225232135817,0.0,0.0,4.646869869697606,True
multicopter,hover_descent,916.890700467236,3.1500225232135817,0.0,0.0,5.731734590760053,True
multicopter,hover_descent,583.1092995327642,3.1500225232135817,0.0,0.0,6.935843589096657,True
multicopter,hover_descent,282.38264860594995,3.1500225232135817,0.0,0.0,8.020708310159105,True
multicopter,hover_descent,74.27334907318571,3.1500225232135817,0.0,0.0,8.771457990948312,True
multicopter,hover_descent,-0.0,3.1500225232135817,0.0,0.0,9.039397449843376,True
