eVTOL_type,mission_segment,velocity_kts,equivalent_airspeed_kts,Mach,time_min,fesibility
multicopter,hover_climb,3.563873849121242,3.5638738494132762,0.005387738700890417,0.0,True
multicopter,hover_climb,3.563873849121242,3.5600021847008203,0.0053891149088445885,0.20579551941168708,True
multicopter,hover_climb,3.563873849121242,3.5491660481065135,0.005392976529960816,0.7824217511108501,True
multicopter,hover_climb,3.563873849121242,3.533538686463815,0.005398571291539755,1.6156707980528293,True
multicopter,hover_climb,3.563873849121242,3.5162369431158433,0.005404801253570257,2.5405074673618353,True
multicopter,hover_climb,3.563873849121242,3.5006876264285145,0.0054104325934448815,3.3737565143038144,True
multicopter,hover_climb,3.563873849121242,3.4899488102854512,0.005414339827620974,3.950382746002978,True
multicopter,hover_climb,3.563873849121242,3.486120457242593,0.005415736335536065,4.156178265414665,True
multicopter,hover_descent,2.8592814039254573,2.796900175828518,0.0043450230979920615,4.156178265414665,True
multicopter,hover_descent,2.8592814039254573,2.799971647807192,0.00434390268540702,4.412686515666187,True
multicopter,hover_descent,2.8592814039254573,2.8085873560499537,0.004340767927417975,5.131406661591198,True
multicopter,hover_descent,2.8592814039254573,2.82106250919231,0.004336249926482933,6.169987363765112,True
multicopter,hover_descent,2.8592814039254573,2.834943627072659,0.004331251653442105,7.322724976765964,True
multicopter,hover_descent,2.8592814039254573,2.847481395363308,0.004326762999123996,8.361305678939878,True
multicopter,hover_descent,2.8592814039254573,2.8561751834058167,0.004323664836306207,9.08002582486489,True
multicopter,hover_descent,2.8592814039254573,2.8592814041597547,0.004322560710296734,9.336534075116413,True
