eVTOL_type,mission_segment,velocity_kts,equivalent_airspeed_kts,Mach,time_min,fesibility
multicopter,hover_climb,4.313721353700165,4.313721354053643,0.006521331693016702,0.0,True
multicopter,hover_climb,4.313721353700165,4.309035081909469,0.006522997458386175,0.17002240287693213,True
multicopter,hover_climb,4.313721353700165,4.295918996493034,0.006527671573737672,0.6464145894300214,True
multicopter,hover_climb,4.313721353700165,4.277003600922361,0.006534443486412941,1.334821244545679,True
multicopter,hover_climb,4.313721353700165,4.256061529767181,0.006541984247220271,2.0988949874246803,True
multicopter,hover_climb,4.313721353700165,4.237240599995463,0.006548800434351333,2.7873016425403376,True
multicopter,hover_climb,4.313721353700165,4.224242311483872,0.006553529759858597,3.263693829093427,True
multicopter,hover_climb,4.313721353700165,4.21960846388723,0.006555220096348881,3.4337162319703594,True
multicopter,hover_descent,2.735506264284788,2.675825450777351,0.004156931838433783,3.4337162319703594,True
multicopter,hover_descent,2.735506264284788,2.6787639621203425,0.004155859927274303,3.701830869276589,True
multicopter,hover_descent,2.735506264284788,2.687006705852026,0.004152860869502556,4.45307138906654,True
multicopter,hover_descent,2.735506264284788,2.6989418233686076,0.004148538447846933,5.538645393035467,True
multicopter,hover_descent,2.735506264284788,2.71222204295974,0.004143756544535485,6.743541636005875,True
multicopter,hover_descent,2.735506264284788,2.7242170650838773,0.0041394621991141,7.829115639974801,True
multicopter,hover_descent,2.735506264284788,2.732534508626858,0.004136498152348994,8.580356159764753,True
multicopter,hover_descent,2.735506264284788,2.735506264508943,0.004135441822737181,8.848470797070982,True
