eVTOL_type,mission_segment,velocity_kts,equivalent_airspeed_kts,Mach,time_min,fesibility
multicopter,hover_climb,4.54911135283144,4.549111353204208,0.006877185985792763,0.0,True
multicopter,hover_climb,4.54911135283144,4.544169361808487,0.006878942648203728,0.1612247344618496,True
multicopter,hover_climb,4.54911135283144,4.53033756133268,0.006883871819438141,0.6129664018956208,True
multicopter,hover_climb,4.54911135283144,4.510389995489088,0.006891013260042558,1.2657520248180834,True
multicopter,hover_climb,4.54911135283144,4.488305162966904,0.006898965503079347,1.9902894047191646,True
multicopter,hover_climb,4.54911135283144,4.46845721770685,0.006906153634096281,2.6430750276416273,True
multicopter,hover_climb,4.54911135283144,4.454749642046048,0.006911141028179552,3.094816695075398,True
multicopter,hover_climb,4.54911135283144,4.449862935886624,0.006912923602501711,3.256041429537248,True
multicopter,hover_descent,2.6995145341850737,2.6406189558496185,0.004102238061736863,3.256041429537248,True
multicopter,hover_descent,2.6995145341850737,2.6435188044746574,0.004101180253976686,3.5277307501946904,True
multicopter,hover_descent,2.6995145341850737,2.6516530963955938,0.004098220655547178,4.288987310159959,True
multicopter,hover_descent,2.6995145341850737,2.6634311806295345,0.0040939551050585615,5.389034911532914,True
multicopter,hover_descent,2.6995145341850737,2.6765366690985237,0.004089236118427509,6.609995635663169,True
multicopter,hover_descent,2.6995145341850737,2.6883738697603348,0.004084998274767198,7.710043237036122,True
multicopter,hover_descent,2.6995145341850737,2.6965818786487414,0.0040820732266958855,8.471299797001391,True
multicopter,hover_descent,2.6995145341850737,2.69951453440628,0.004081030795473114,8.742989117658833,True
