eVTOL_type,mission_segment,velocity_kts,equivalent_airspeed_kts,Mach,time_min,fesibility
multicopter,hover_climb,4.672787290370346,4.672787290753248,0.007064154903116132,0.0,True
multicopter,hover_climb,4.672787290370346,4.667710942255278,0.007065959323617363,0.1569575553779393,True
multicopter,hover_climb,4.672787290370346,4.653503098908892,0.007071022503414421,0.5967428527110651,True
multicopter,hover_climb,4.672787290370346,4.633013221893738,0.007078358097182748,1.232251020249836,True
multicopter,hover_climb,4.672787290370346,4.610327972684486,0.007086526536534999,1.937611871417005,True
multicopter,hover_climb,4.672787290370346,4.5899404246211875,0.007093910090080361,2.573120038955776,True
multicopter,hover_climb,4.672787290370346,4.575860183369296,0.007099033075621235,3.0129053362889016,True
multicopter,hover_climb,4.672787290370346,4.570840623138193,0.007100864112496501,3.169862891666841,True
multicopter,hover_descent,2.875524829291502,2.812789216760262,0.004369706942789247,3.169862891666841,True
multicopter,hover_descent,2.875524829291502,2.8158781376076565,0.004368580165199985,3.4249221637783407,True
multicopter,hover_descent,2.875524829291502,2.82454279123006,0.004365427598817766,4.139582363174466,True
multicopter,hover_descent,2.875524829291502,2.8370888150529723,0.004360883931360048,5.1722962726326545,True
multicopter,hover_descent,2.875524829291502,2.85104879082467,0.00435585726339629,6.31852223697978,True
multicopter,hover_descent,2.875524829291502,2.863657785509198,0.004351343109272072,7.351236146437969,True
multicopter,hover_descent,2.875524829291502,2.872400962498531,0.004348227345956329,8.065896345834094,True
multicopter,hover_descent,2.875524829291502,2.875524829527131,0.0043471169474658036,8.320955617945595,True
