eVTOL_type,mission_segment,velocity_kts,equivalent_airspeed_kts,Mach,time_min,fesibility
multicopter,hover_climb,3.612591003589948,3.6125910038859743,0.005461387575581372,0.0,True
multicopter,hover_climb,3.612591003589948,3.6086664146044023,0.005462782595911717,0.20302028908581185,True
multicopter,hover_climb,3.612591003589948,3.59768215106659,0.005466697004303921,0.7718704982093553,True
multicopter,hover_climb,3.612591003589948,3.5818411677797712,0.005472368244702143,1.5938828669637304,True
multicopter,hover_climb,3.612591003589948,3.564302914460083,0.005478683368563682,2.506247764397017,True
multicopter,hover_climb,3.612591003589948,3.5485410429812516,0.005484391687272618,3.3282601331513915,True
multicopter,hover_climb,3.612591003589948,3.5376554302379155,0.005488352332242404,3.897110342274935,True
multicopter,hover_climb,3.612591003589948,3.533774744684299,0.0054897679300284314,4.100130631360747,True
multicopter,hover_descent,2.853022235674108,2.790777564476342,0.004335511536594503,4.100130631360747,True
multicopter,hover_descent,2.853022235674108,2.793842312786661,0.004334393576671475,4.357201628118801,True
multicopter,hover_descent,2.853022235674108,2.8024391606376398,0.004331265680888315,5.077498554716156,True
multicopter,hover_descent,2.853022235674108,2.8148870047916703,0.004326757570175333,6.118357770978124,True
multicopter,hover_descent,2.853022235674108,2.82873773592792,0.004321770238706007,7.273624343823457,True
multicopter,hover_descent,2.853022235674108,2.8412480581612765,0.004317291410368147,8.314483560085423,True
multicopter,hover_descent,2.853022235674108,2.8499228148898244,0.004314200029646839,9.034780486682777,True
multicopter,hover_descent,2.853022235674108,2.853022235907893,0.004313098320646917,9.291851483440833,True
