eVTOL_type,mission_segment,altitude_ft,air_speed_mph,pitch_angle_deg,range_nmi,time_min,fesibility
multicopter,hover_climb,0.0,4.495386365561127,0.0,0.0,0.0,True
multicopter,hover_climb,74.27334907318564,4.495386365561127,0.0,0.0,0.18775145487895284,True
multicopter,hover_climb,282.3826486059498,4.495386365561127,0.0,0.0,0.7138193412565503,True
multicopter,hover_climb,583.1092995327641,4.495386365561127,0.0,0.0,1.4740094624364823,True
multicopter,hover_climb,916.8907004672358,4.495386365561127,0.0,0.0,2.3177568417990577,True
multicopter,hover_climb,1217.61735139405,4.495386365561127,0.0,0.0,3.0779469629789893,True
multicopter,hover_climb,1425.7266509268143,4.495386365561127,0.0,0.0,3.604014849356587,True
multicopter,hover_climb,1500.0,4.495386365561127,0.0,0.0,3.79176630423554,True
multicopter,hover_descent,1500.0,3.0786737091792293,0.0,0.0,3.79176630423554,True
multicopter,hover_descent,1425.7266509268143,3.0786737091792293,0.0,0.0,4.065915308029165,True
multicopter,hover_descent,1217.6173513940503,3.0786737091792293,0.0,0.0,4.834063746991826,True
multicopter,hover_descent,916.890700467236,3.0786737091792293,0.0,0.0,5.9440704020646,True
multicopter,hover_descent,583.1092995327642,3.0786737091792293,0.0,0.0,7.1760848418720755,True
multicopter,hover_descent,282.38264860594995,3.0786737091792293,0.0,0.0,8.286091496944849,True
multicopter,hover_descent,74.27334907318571,3.0786737091792293,0.0,0.0,9.05423993590751,True
multicopter,hover_descent,-0.0,3.0786737091792293,0.0,0.0,9.328388939701137,True
