eVTOL_type,mission_segment,altitude_ft,air_speed_mph,pitch_angle_deg,range_nmi,time_min,fesibility
multicopter,hover_climb,0.0,4.041737048310728,0.0,0.0,0.0,True
multicopter,hover_climb,74.27334907318564,4.041737048310728,0.0,0.0,0.2088248988711108,True
multicopter,hover_climb,282.3826486059498,4.041737048310728,0.0,0.0,0.7939392631937053,True
multicopter,hover_climb,583.1092995327641,4.041737048310728,0.0,0.0,1.639454017156938,True
multicopter,hover_climb,916.8907004672358,4.041737048310728,0.0,0.0,2.5779045941804357,True
multicopter,hover_climb,1217.61735139405,4.041737048310728,0.0,0.0,3.423419348143668,True
multicopter,hover_climb,1425.7266509268143,4.041737048310728,0.0,0.0,4.008533712466263,True
multicopter,hover_climb,1500.0,4.041737048310728,0.0,0.0,4.2173586113373736,True
multicopter,hover_descent,1500.0,3.369785097662095,0.0,0.0,4.2173586113373736,True
multicopter,hover_descent,1425.7266509268143,3.369785097662095,0.0,0.0,4.467824236270748,True
multicopter,hover_descent,1217.6173513940503,3.369785097662095,0.0,0.0,5.169613322293513,True
multicopter,hover_descent,916.890700467236,3.369785097662095,0.0,0.0,6.183727934040544,True
multicopter,hover_descent,583.1092995327642,3.369785097662095,0.0,0.0,7.309310235355828,True
multicopter,hover_descent,282.38264860594995,3.369785097662095,0.0,0.0,8.32342484710286,True
multicopter,hover_descent,74.27334907318571,3.369785097662095,0.0,0.0,9.025213933125624,True
multicopter,hover_descent,-0.0,3.369785097662095,0.0,0.0,9.275679558058997,True
