eVTOL_type,mission_segment,velocity_kts,equivalent_airspeed_kts,Mach,time_min,fesibility
multicopter,hover_climb,4.516307416268834,4.516307416638913,0.006827594152287351,0.0,True
multicopter,hover_climb,4.516307416268834,4.511401062263188,0.006829338147291911,0.16239578095495547,True
multicopter,hover_climb,4.516307416268834,4.497669003796348,0.006834231773953344,0.6174186477481419,True
multicopter,hover_climb,4.516307416268834,4.477865281141846,0.006841321717167087,1.2749457411219276,True
multicopter,hover_climb,4.516307416268834,4.455939703777178,0.006849216616064356,2.0047457561930364,True
multicopter,hover_climb,4.516307416268834,4.436234883335733,0.006856352913003028,2.6622728495668215,True
multicopter,hover_climb,4.516307416268834,4.4226261538907155,0.006861304342664585,3.117295716360008,True
multicopter,hover_climb,4.516307416268834,4.417774686085866,0.006863074062727868,3.279691497314964,True
multicopter,hover_descent,2.8158684494054986,2.7544343660752664,0.0042790518753336925,3.279691497314964,True
multicopter,hover_descent,2.8158684494054986,2.7574592033739345,0.004277948474162964,3.540154399995123,True
multicopter,hover_descent,2.8158684494054986,2.765944097857132,0.004274861311736154,4.269955235791923,True
multicopter,hover_descent,2.8158684494054986,2.7782298386334108,0.00427041190837561,5.32454799875593,True
multicopter,hover_descent,2.8158684494054986,2.7919001971465995,0.00426548952496212,6.49505765845066,True
multicopter,hover_descent,2.8158684494054986,2.8042476023747542,0.004261069022643845,7.5496504214146665,True
multicopter,hover_descent,2.8158684494054986,2.812809391158855,0.0042580178997576,8.279451257211466,True
multicopter,hover_descent,2.8158684494054986,2.815868449636239,0.004256930537880601,8.539914159891627,True
