eVTOL_type,mission_segment,velocity_kts,equivalent_airspeed_kts,Mach,time_min,fesibility
multicopter,hover_climb,4.18817991330673,4.188179913649921,0.006331542574319356,0.0,True
multicopter,hover_climb,4.18817991330673,4.183630025223381,0.006333159861225179,0.17511885474818673,True
multicopter,hover_climb,4.18817991330673,4.170895654832208,0.006337697946655946,0.6657909821180574,True
multicopter,hover_climb,4.18817991330673,4.1525307505452425,0.006344272777600208,1.3748327495852788,True
multicopter,hover_climb,4.18817991330673,4.132198152641131,0.0063515940810305324,2.1618097392763533,True
multicopter,hover_climb,4.18817991330673,4.11392496493232,0.006358211897919231,2.870851506743575,True
multicopter,hover_climb,4.18817991330673,4.101304963224301,0.006362803586734741,3.361523634113446,True
multicopter,hover_climb,4.18817991330673,4.096805973643315,0.006364444729672557,3.5366424888616326,True
multicopter,hover_descent,2.9370184213880495,2.8729411970134255,0.00446315387587921,3.5366424888616326,True
multicopter,hover_descent,2.9370184213880495,2.8760961749633953,0.004462003001957777,3.7863614775328074,True
multicopter,hover_descent,2.9370184213880495,2.8849461236909173,0.004458783017402293,4.486058535237594,True
multicopter,hover_descent,2.9370184213880495,2.897760446386975,0.004454142182836011,5.497150078476288,True
multicopter,hover_descent,2.9370184213880495,2.9120189586369665,0.004449008018714954,6.619377026886455,True
multicopter,hover_descent,2.9370184213880495,2.9248975988373243,0.004444397328629875,7.630468570125149,True
multicopter,hover_descent,2.9370184213880495,2.9338277501674574,0.004441214934180762,8.330165627829935,True
multicopter,hover_descent,2.9370184213880495,2.9370184216287174,0.004440080789627902,8.579884616501111,True
