eVTOL_type,mission_segment,altitude_ft,air_speed_mph,pitch_angle_deg,range_nmi,time_min,fesibility
multicopter,hover_climb,0.0,4.44299476573002,0.0,0.0,0.0,True
multicopter,hover_climb,74.27334907318564,4.44299476573002,0.0,0.0,0.18996541181799728,True
multicopter,hover_climb,282.3826486059498,4.44299476573002,0.0,0.0,0.7222366676885503,True
multicopter,hover_climb,583.1092995327641,4.44299476573002,0.0,0.0,1.4913909175079352,True
multicopter,hover_climb,916.8907004672358,4.44299476573002,0.0,0.0,2.3450877290415932,True
multicopter,hover_climb,1217.61735139405,4.44299476573002,0.0,0.0,3.1142419788609774,True
multicopter,hover_climb,1425.7266509268143,4.44299476573002,0.0,0.0,3.6465132347315308,True
multicopter,hover_climb,1500.0,4.44299476573002,0.0,0.0,3.8364786465495286,True
multicopter,hover_descent,1500.0,3.1165257320103157,0.0,0.0,3.8364786465495286,True
multicopter,hover_descent,1425.7266509268143,3.1165257320103157,0.0,0.0,4.107297950785684,True
multicopter,hover_descent,1217.6173513940503,3.1165257320103157,0.0,0.0,4.8661167789093795,True
multicopter,hover_descent,916.890700467236,3.1165257320103157,0.0,0.0,5.962641755708518,True
multicopter,hover_descent,583.1092995327642,3.1165257320103157,0.0,0.0,7.179692661531713,True
multicopter,hover_descent,282.38264860594995,3.1165257320103157,0.0,0.0,8.27621763833085,True
multicopter,hover_descent,74.27334907318571,3.1165257320103157,0.0,0.0,9.035036466454548,True
multicopter,hover_descent,-0.0,3.1165257320103157,0.0,0.0,9.305855770690702,True
