eVTOL_type,mission_segment,altitude_ft,air_speed_mph,pitch_angle_deg,range_nmi,time_min,fesibility
multicopter,hover_climb,0.0,4.422368353207694,0.0,0.0,0.0,False
multicopter,hover_climb,74.27334907318564,4.422368353207694,0.0,0.0,0.19085143139759417,False
multicopter,hover_climb,282.3826486059498,4.422368353207694,0.0,0.0,0.7256052589628815,False
multicopter,hover_climb,583.1092995327641,4.422368353207694,0.0,0.0,1.4983469288212525,False
multicopter,hover_climb,916.8907004672358,4.422368353207694,0.0,0.0,2.356025476202608,False
multicopter,hover_climb,1217.61735139405,4.422368353207694,0.0,0.0,3.1287671460609783,False
multicopter,hover_climb,1425.7266509268143,4.422368353207694,0.0,0.0,3.663520973626266,False
multicopter,hover_climb,1500.0,4.422368353207694,0.0,0.0,3.8543724050238604,False
multicopter,hover_descent,1500.0,3.3728718914590865,0.0,0.0,3.8543724050238604,True
multicopter,hover_descent,1425.7266509268143,3.3728718914590865,0.0,0.0,4.104608808165752,True
multicopter,hover_descent,1217.6173513940503,3.3728718914590865,0.0,0.0,4.805755629001089,True
multicopter,hover_descent,916.890700467236,3.3728718914590865,0.0,0.0,5.818942140661989,True
multicopter,hover_descent,583.1092995327642,3.3728718914590865,0.0,0.0,6.94349432859689,True
multicopter,hover_descent,282.38264860594995,3.3728718914590865,0.0,0.0,7.956680840257789,True
multicopter,hover_descent,74.27334907318571,3.3728718914590865,0.0,0.0,8.657827661093128,True
multicopter,hover_descent,-0.0,3.3728718914590865,0.0,0.0,8.908064064235019,True
