segment_type,climb_rate,descend_rate,start_altitude,end_altitude,climb_angle,descent_angle,speed,time_required
hover_climb,2.132704228100376,,0.0,15.24,,,,
second_climb,2.54,,15.24,91.44,,,39.170374435274624,
departure_terminal_procedures,,,91.44,91.44,,,39.64583168353322,56.75166571890355
accel_climb,2.54,,91.44,457.20000000000005,,,37.758453656965386,
cruise_0,,,457.20000000000005,457.20000000000005,,,45.48632,826.3353100765571
decel_descend,,2.54,457.20000000000005,91.44,,,36.98957973256041,
arrival_terminal_procedure,,,91.44,91.44,,,34.98232872491116,51.73392275781301
second_descent,,2.54,91.44,15.24,,,36.4046089359446,
hover_descent,,1.3155823777268592,15.24,0.0,,,,
