eVTOL_type,mission_segment,altitude_ft,air_speed_mph,pitch_angle_deg,range_nmi,time_min,fesibility
multicopter,hover_climb,0.0,5.444284598880828,0.0,0.0,0.0,True
multicopter,hover_climb,74.27334907318564,5.444284598880828,0.0,0.0,0.15502777546761837,True
multicopter,hover_climb,282.3826486059498,5.444284598880828,0.0,0.0,0.5894059496482178,True
multicopter,hover_climb,583.1092995327641,5.444284598880828,0.0,0.0,1.2171005978466287,True
multicopter,hover_climb,916.8907004672358,5.444284598880828,0.0,0.0,1.913789096817488,True
multicopter,hover_climb,1217.61735139405,5.444284598880828,0.0,0.0,2.5414837450158987,True
multicopter,hover_climb,1425.7266509268143,5.444284598880828,0.0,0.0,2.975861919196498,True
multicopter,hover_climb,1500.0,5.444284598880828,0.0,0.0,3.130889694664117,True
multicopter,hover_descent,1500.0,3.3631015117402865,0.0,0.0,3.130889694664117,True
multicopter,hover_descent,1425.7266509268143,3.3631015117402865,0.0,0.0,3.3818530769559474,True
multicopter,hover_descent,1217.6173513940503,3.3631015117402865,0.0,0.0,4.085036848104642,True
multicopter,hover_descent,916.890700467236,3.3631015117402865,0.0,0.0,5.101166838251199,True
multicopter,hover_descent,583.1092995327642,3.3631015117402865,0.0,0.0,6.228986040830582,True
multicopter,hover_descent,282.38264860594995,3.3631015117402865,0.0,0.0,7.245116030977139,True
multicopter,hover_descent,74.27334907318571,3.3631015117402865,0.0,0.0,7.948299802125834,True
multicopter,hover_descent,-0.0,3.3631015117402865,0.0,0.0,8.199263184417665,True
