eVTOL_type,mission_segment,velocity_kts,equivalent_airspeed_kts,Mach,time_min,fesibility
multicopter,hover_climb,4.808497521834596,4.808497522228619,0.0072693168412546055,0.0,True
multicopter,hover_climb,4.808497521834596,4.803273743003152,0.00727117366694971,0.15252774209974174,True
multicopter,hover_climb,4.808497521834596,4.788653265913922,0.007276383895019995,0.5799009784461163,True
multicopter,hover_climb,4.808497521834596,4.767568308108736,0.007283932534036556,1.197473198191947,True
multicopter,hover_climb,4.808497521834596,4.744224218633557,0.0072923382066986744,1.8829266491903427,True
multicopter,hover_climb,4.808497521834596,4.723244561686474,0.007299936198372374,2.500498868936173,True
multicopter,hover_climb,4.808497521834596,4.708755392597594,0.007305207969105112,2.9278721052825483,True
multicopter,hover_climb,4.808497521834596,4.7035900509220365,0.007307092184184889,3.08039984738229,True
multicopter,hover_descent,2.819411711865113,2.7579003248237464,0.0042844362901758755,3.08039984738229,True
multicopter,hover_descent,2.819411711865113,2.7609289683344733,0.004283331500573828,3.3405354163774446,True
multicopter,hover_descent,2.819411711865113,2.7694245395266988,0.004280240453510028,4.069419083570032,True
multicopter,hover_descent,2.819411711865113,2.7817257396913915,0.00427578545137803,5.1226864995010155,True
multicopter,hover_descent,2.819411711865113,2.7954132998846295,0.004270856874033014,6.291725134968117,True
multicopter,hover_descent,2.819411711865113,2.8077762420947865,0.004266430809310033,7.3449925508991,True
multicopter,hover_descent,2.819411711865113,2.8163488043455214,0.004263375847136059,8.073876218091687,True
multicopter,hover_descent,2.819411711865113,2.819411712096144,0.004262287117010298,8.334011787086842,True
