eVTOL_type,mission_segment,velocity_kts,equivalent_airspeed_kts,Mach,time_min,fesibility
multicopter,hover_climb,4.81560232314432,4.815602323538926,0.0072800576291161,0.0,True
multicopter,hover_climb,4.81560232314432,4.810370825912168,0.007281917198366249,0.1523027070513468,True
multicopter,hover_climb,4.81560232314432,4.79572874631939,0.0072871351248153,0.579045409203745,True
multicopter,hover_climb,4.81560232314432,4.774612634409382,0.00729469491733254,1.1957064806401292,True
multicopter,hover_climb,4.81560232314432,4.75123405284666,0.007303113009806432,1.8801486333107948,True
multicopter,hover_climb,4.81560232314432,4.730223397382165,0.007310722227901888,2.4968097047471787,True
multicopter,hover_climb,4.81560232314432,4.715712819804031,0.0073160017879458274,2.923552406899577,True
multicopter,hover_climb,4.81560232314432,4.710539846071655,0.007317888787049866,3.075855113950924,True
multicopter,hover_descent,2.837771180854827,2.775859243443982,0.0043123357185838864,3.075855113950924,True
multicopter,hover_descent,2.837771180854827,2.778907608901093,0.004311223734803581,3.334307689283902,True
multicopter,hover_descent,2.837771180854827,2.787458501625536,0.004308112559433414,4.058475713025314,True
multicopter,hover_descent,2.837771180854827,2.799839804849321,0.004303628547180919,5.104928826735201,True
multicopter,hover_descent,2.837771180854827,2.8136164958125898,0.0042986678758843355,6.266404157338106,True
multicopter,hover_descent,2.837771180854827,2.8260599431342115,0.004294212989475721,7.312857271047992,True
multicopter,hover_descent,2.837771180854827,2.8346883282681894,0.00429113813397327,8.037025294789405,True
multicopter,hover_descent,2.837771180854827,2.8377711810873625,0.004290042314245484,8.295477870122383,True
