eVTOL_type,mission_segment,velocity_kts,equivalent_airspeed_kts,Mach,time_min,fesibility
multicopter,hover_climb,4.894028632080419,4.89402863248145,0.007398619754968897,0.0,True
multicopter,hover_climb,4.894028632080419,4.88871193532584,0.007400509608935829,0.14986207172757357,True
multicopter,hover_climb,4.894028632080419,4.873831396620254,0.007405812513895197,0.5697662656669533,True
multicopter,hover_climb,4.894028632080419,4.852371390300979,0.0074134954242663755,1.1765454064214615,True
multicopter,hover_climb,4.894028632080419,4.828612068025652,0.007422050612762055,1.8500194435068655,True
multicopter,hover_climb,4.894028632080419,4.807259235602632,0.007429783753650356,2.4567985842613735,True
multicopter,hover_climb,4.894028632080419,4.792512340537376,0.007435149295961781,2.8767027782007535,True
multicopter,hover_climb,4.894028632080419,4.787255120389115,0.007437067026501841,3.0265648499283273,True
multicopter,hover_descent,2.8114642965000485,2.7501262990138304,0.004272359233582867,3.0265648499283273,True
multicopter,hover_descent,2.8114642965000485,2.75314640532232,0.0042712575581843335,3.287435767197549,True
multicopter,hover_descent,2.8114642965000485,2.761618029024811,0.004268175224227182,4.0183798344682025,True
multicopter,hover_descent,2.8114642965000485,2.7738845543150297,0.004263732779946258,5.074624614776643,True
multicopter,hover_descent,2.8114642965000485,2.7875335317338075,0.004258818095375807,6.246967875390658,True
multicopter,hover_descent,2.8114642965000485,2.799861625029752,0.00425440450693454,7.303212655699099,True
multicopter,hover_descent,2.8114642965000485,2.8084100227667825,0.00425135815615039,8.034156722969753,True
multicopter,hover_descent,2.8114642965000485,2.811464296730428,0.004250272494959361,8.295027640238974,True
