eVTOL_type,mission_segment,altitude_ft,air_speed_mph,pitch_angle_deg,range_nmi,time_min,fesibility
multicopter,hover_climb,0.0,5.568014201063125,0.0,0.0,0.0,True
multicopter,hover_climb,74.27334907318564,5.568014201063125,0.0,0.0,0.15158282646189342,True
multicopter,hover_climb,282.3826486059498,5.568014201063125,0.0,0.0,0.5763084680254288,True
multicopter,hover_climb,583.1092995327641,5.568014201063125,0.0,0.0,1.1900548024607898,True
multicopter,hover_climb,916.8907004672358,5.568014201063125,0.0,0.0,1.8712618411282276,True
multicopter,hover_climb,1217.61735139405,5.568014201063125,0.0,0.0,2.485008175563588,True
multicopter,hover_climb,1425.7266509268143,5.568014201063125,0.0,0.0,2.909733817127124,True
multicopter,hover_climb,1500.0,5.568014201063125,0.0,0.0,3.0613166435890173,True
multicopter,hover_descent,1500.0,3.3280599441250907,0.0,0.0,3.0613166435890173,True
multicopter,hover_descent,1425.7266509268143,3.3280599441250907,0.0,0.0,3.3149224513410744,True
multicopter,hover_descent,1217.6173513940503,3.3280599441250907,0.0,0.0,4.025510134100831,True
multicopter,hover_descent,916.890700467236,3.3280599441250907,0.0,0.0,5.0523390865116955,True
multicopter,hover_descent,583.1092995327642,3.3280599441250907,0.0,0.0,6.192033241318026,True
multicopter,hover_descent,282.38264860594995,3.3280599441250907,0.0,0.0,7.218862193728891,True
multicopter,hover_descent,74.27334907318571,3.3280599441250907,0.0,0.0,7.929449876488648,True
multicopter,hover_descent,-0.0,3.3280599441250907,0.0,0.0,8.183055684240705,True
