eVTOL_type,mission_segment,velocity_kts,equivalent_airspeed_kts,Mach,time_min,fesibility
multicopter,hover_climb,4.466016693625459,4.466016693991417,0.00675156641276782,0.0,True
multicopter,hover_climb,4.466016693625459,4.461164973652827,0.006753290987754879,0.16422448016024888,True
multicopter,hover_climb,4.466016693625459,4.447585826642191,0.006758130122106893,0.6243712482641832,True
multicopter,hover_climb,4.466016693625459,4.428002625628826,0.006765141116229077,1.2893025935590519,True
multicopter,hover_climb,4.466016693625459,4.406321197527797,0.006772948102561025,2.027320708261418,True
multicopter,hover_climb,4.466016693625459,4.386835797415444,0.006780004934242583,2.692252053556287,True
multicopter,hover_climb,4.466016693625459,4.373378606113198,0.006784901227937332,3.152398821660221,True
multicopter,hover_climb,4.466016693625459,4.3685811611635925,0.006786651241525245,3.3166233018204703,True
multicopter,hover_descent,2.6938798481953676,2.6351072023671835,0.0040936754764867396,3.3166233018204703,True
multicopter,hover_descent,2.6938798481953676,2.638000998149679,0.0040926198766845084,3.5888809046935006,True
multicopter,hover_descent,2.6938798481953676,2.646118311395323,0.0040896664558130735,4.3517297560432135,True
multicopter,hover_descent,2.6938798481953676,2.6578718112807156,0.00408540980879109,5.4540782851326055,True
multicopter,hover_descent,2.6938798481953676,2.6709499447155567,0.004080700672082131,6.677592846358025,True
multicopter,hover_descent,2.6938798481953676,2.682762437635335,0.004076471674056099,7.779941375447417,True
multicopter,hover_descent,2.6938798481953676,2.690953313979315,0.004073552731426035,8.54279022679713,True
multicopter,hover_descent,2.6938798481953676,2.693879848416112,0.004072512476065823,8.81504782967016,True
