eVTOL_type,mission_segment,altitude_ft,air_speed_mph,pitch_angle_deg,range_nmi,time_min,fesibility
multicopter,hover_climb,0.0,4.150061495213381,0.0,0.0,0.0,True
multicopter,hover_climb,74.27334907318564,4.150061495213381,0.0,0.0,0.20337417441900182,True
multicopter,hover_climb,282.3826486059498,4.150061495213381,0.0,0.0,0.7732159482117581,True
multicopter,hover_climb,583.1092995327641,4.150061495213381,0.0,0.0,1.5966611694278885,True
multicopter,hover_climb,916.8907004672358,4.150061495213381,0.0,0.0,2.51061641311264,True
multicopter,hover_climb,1217.61735139405,4.150061495213381,0.0,0.0,3.33406163432877,True
multicopter,hover_climb,1425.7266509268143,4.150061495213381,0.0,0.0,3.903903408121527,True
multicopter,hover_climb,1500.0,4.150061495213381,0.0,0.0,4.1072775825405285,True
multicopter,hover_descent,1500.0,3.4087364474871253,0.0,0.0,4.1072775825405285,True
multicopter,hover_descent,1425.7266509268143,3.4087364474871253,0.0,0.0,4.35488115746616,True
multicopter,hover_descent,1217.6173513940503,3.4087364474871253,0.0,0.0,5.048650957570469,True
multicopter,hover_descent,916.890700467236,3.4087364474871253,0.0,0.0,6.051177365414569,True
multicopter,hover_descent,583.1092995327642,3.4087364474871253,0.0,0.0,7.163897730745417,True
multicopter,hover_descent,282.38264860594995,3.4087364474871253,0.0,0.0,8.166424138589516,True
multicopter,hover_descent,74.27334907318571,3.4087364474871253,0.0,0.0,8.860193938693824,True
multicopter,hover_descent,-0.0,3.4087364474871253,0.0,0.0,9.107797513619456,True
