eVTOL_type,mission_segment,altitude_ft,air_speed_mph,pitch_angle_deg,range_nmi,time_min,fesibility
multicopter,hover_climb,0.0,4.216977909425959,0.0,0.0,0.0,True
multicopter,hover_climb,74.27334907318564,4.216977909425959,0.0,0.0,0.20014696507907534,True
multicopter,hover_climb,282.3826486059498,4.216977909425959,0.0,0.0,0.7609462992409497,True
multicopter,hover_climb,583.1092995327641,4.216977909425959,0.0,0.0,1.5713248166023834,True
multicopter,hover_climb,916.8907004672358,4.216977909425959,0.0,0.0,2.4707771131596523,True
multicopter,hover_climb,1217.61735139405,4.216977909425959,0.0,0.0,3.2811556305210856,True
multicopter,hover_climb,1425.7266509268143,4.216977909425959,0.0,0.0,3.8419549646829605,True
multicopter,hover_climb,1500.0,4.216977909425959,0.0,0.0,4.042101929762036,True
multicopter,hover_descent,1500.0,3.3050800424726874,0.0,0.0,4.042101929762036,True
multicopter,hover_descent,1425.7266509268143,3.3050800424726874,0.0,0.0,4.297471034150099,True
multicopter,hover_descent,1217.6173513940503,3.3050800424726874,0.0,0.0,5.012999364293695,True
multicopter,hover_descent,916.890700467236,3.3050800424726874,0.0,0.0,6.046967759028804,True
multicopter,hover_descent,583.1092995327642,3.3050800424726874,0.0,0.0,7.19458609698795,True
multicopter,hover_descent,282.38264860594995,3.3050800424726874,0.0,0.0,8.228554491723058,True
multicopter,hover_descent,74.27334907318571,3.3050800424726874,0.0,0.0,8.944082821866656,True
multicopter,hover_descent,-0.0,3.3050800424726874,0.0,0.0,9.199451926254717,True
