eVTOL_type,mission_segment,altitude_ft,air_speed_mph,pitch_angle_deg,range_nmi,time_min,fesibility
multicopter,hover_climb,0.0,4.214169580431187,0.0,0.0,0.0,True
multicopter,hover_climb,74.27334907318564,4.214169580431187,0.0,0.0,0.20028034331991726,True
multicopter,hover_climb,282.3826486059498,4.214169580431187,0.0,0.0,0.761453395007942,True
multicopter,hover_climb,583.1092995327641,4.214169580431187,0.0,0.0,1.5723719498414355,True
multicopter,hover_climb,916.8907004672358,4.214169580431187,0.0,0.0,2.4724236427722075,True
multicopter,hover_climb,1217.61735139405,4.214169580431187,0.0,0.0,3.2833421976057005,True
multicopter,hover_climb,1425.7266509268143,4.214169580431187,0.0,0.0,3.844515249293725,True
multicopter,hover_climb,1500.0,4.214169580431187,0.0,0.0,4.044795592613643,True
multicopter,hover_descent,1500.0,3.1877034841665792,0.0,0.0,4.044795592613643,True
multicopter,hover_descent,1425.7266509268143,3.1877034841665792,0.0,0.0,4.309567813295196,True
multicopter,hover_descent,1217.6173513940503,3.1877034841665792,0.0,0.0,5.051443089815687,True
multicopter,hover_descent,916.890700467236,3.1877034841665792,0.0,0.0,6.123483925157053,True
multicopter,hover_descent,583.1092995327642,3.1877034841665792,0.0,0.0,7.313359484161914,True
multicopter,hover_descent,282.38264860594995,3.1877034841665792,0.0,0.0,8.385400319503281,True
multicopter,hover_descent,74.27334907318571,3.1877034841665792,0.0,0.0,9.127275596023772,True
multicopter,hover_descent,-0.0,3.1877034841665792,0.0,0.0,9.392047816705325,True
