eVTOL_type,mission_segment,velocity_kts,equivalent_airspeed_kts,Mach,time_min,fesibility
multicopter,hover_climb,3.7291403021248506,3.7291403024304275,0.005637582691587782,0.0,True
multicopter,hover_climb,3.7291403021248506,3.7250890981715856,0.005639022718020611,0.19667516115704448,True
multicopter,hover_climb,3.7291403021248506,3.7137504606653438,0.00564306341293455,0.7477467168984654,True
multicopter,hover_climb,3.7291403021248506,3.6973984160686935,0.005648917618714011,1.5440681871605666,True
multicopter,hover_climb,3.7291403021248506,3.6792943441661907,0.0056554364809050465,2.427918338516016,True
multicopter,hover_climb,3.7291403021248506,3.6630239636802155,0.005661328961214528,3.2242398087781172,True
multicopter,hover_climb,3.7291403021248506,3.651787159637311,0.005665417384389075,3.7753113645195384,True
multicopter,hover_climb,3.7291403021248506,3.6477812755271297,0.005666878652146822,3.9719865256765834,True
multicopter,hover_descent,2.8675819594563046,2.8050196373099334,0.0043576367936773415,3.9719865256765834,True
multicopter,hover_descent,2.8675819594563046,2.8081000258379496,0.004356513128510423,4.227752282424715,True
multicopter,hover_descent,2.8675819594563046,2.816740745667402,0.004353369270251383,4.944392007783989,True
multicopter,hover_descent,2.8675819594563046,2.8292521144481606,0.004348838153462269,5.979966415137547,True
multicopter,hover_descent,2.8675819594563046,2.843173529512843,0.004343825370327094,7.129367292622381,True
multicopter,hover_descent,2.8675819594563046,2.855747695215019,0.004339323685348772,8.16494169997594,True
multicopter,hover_descent,2.8675819594563046,2.8644667215115587,0.00433621652849756,8.881581425335213,True
multicopter,hover_descent,2.8675819594563046,2.8675819596912824,0.004335109197186489,9.137347182083346,True
