eVTOL_type,mission_segment,velocity_kts,equivalent_airspeed_kts,Mach,time_min,fesibility
multicopter,hover_climb,3.9150602859457266,3.915060286266538,0.0059186499612240645,0.0,True
multicopter,hover_climb,3.9150602859457266,3.910807105206279,0.0059201617816011815,0.18733537067883654,True
multicopter,hover_climb,3.9150602859457266,3.8989031686951945,0.005924403929362736,0.7122374150348559,True
multicopter,hover_climb,3.9150602859457266,3.881735876716965,0.0059305500023704655,1.4707428456822358,True
multicopter,hover_climb,3.9150602859457266,3.862729208376005,0.005937393868893571,2.31262035962263,True
multicopter,hover_climb,3.9150602859457266,3.8456476519535845,0.0059435801246459285,3.0711257902700098,True
multicopter,hover_climb,3.9150602859457266,3.8338506259140273,0.0059478723802078035,3.596027834626029,True
multicopter,hover_climb,3.9150602859457266,3.8296450244833338,0.005949406500917134,3.783363205304866,True
multicopter,hover_descent,2.6743141695781802,2.6159683901154454,0.004063943067006912,3.783363205304866,True
multicopter,hover_descent,2.6743141695781802,2.61884116822772,0.0040628951340375185,4.057612685130685,True
multicopter,hover_descent,2.6743141695781802,2.626899525339034,0.004059963163893973,4.826042651679497,True
multicopter,hover_descent,2.6743141695781802,2.6385676594270104,0.004055737432945575,5.9364561259012305,True
multicopter,hover_descent,2.6743141695781802,2.6515508062365685,0.004051062498747717,7.168922100898713,True
multicopter,hover_descent,2.6743141695781802,2.66327750489188,0.004046864215980313,8.279335575120447,True
multicopter,hover_descent,2.6743141695781802,2.6714088908119473,0.004043966473662297,9.047765541669259,True
multicopter,hover_descent,2.6743141695781802,2.6743141697973214,0.004042933773688073,9.322015021495078,True
