eVTOL_type,mission_segment,altitude_ft,air_speed_mph,pitch_angle_deg,range_nmi,time_min,fesibility
multicopter,hover_climb,0.0,4.949119923030394,0.0,0.0,0.0,True
multicopter,hover_climb,74.27334907318564,4.949119923030394,0.0,0.0,0.17053846815259852,True
multicopter,hover_climb,282.3826486059498,4.949119923030394,0.0,0.0,0.648376637475716,True
multicopter,hover_climb,583.1092995327641,4.949119923030394,0.0,0.0,1.3388727982343447,True
multicopter,hover_climb,916.8907004672358,4.949119923030394,0.0,0.0,2.105265717410564,True
multicopter,hover_climb,1217.61735139405,4.949119923030394,0.0,0.0,2.795761878169193,True
multicopter,hover_climb,1425.7266509268143,4.949119923030394,0.0,0.0,3.27360004749231,True
multicopter,hover_climb,1500.0,4.949119923030394,0.0,0.0,3.444138515644909,True
multicopter,hover_descent,1500.0,3.092050917365424,0.0,0.0,3.444138515644909,True
multicopter,hover_descent,1425.7266509268143,3.092050917365424,0.0,0.0,3.71710146254756,True
multicopter,hover_descent,1217.6173513940503,3.092050917365424,0.0,0.0,4.4819266439505885,True
multicopter,hover_descent,916.890700467236,3.092050917365424,0.0,0.0,5.587131052711836,True
multicopter,hover_descent,583.1092995327642,3.092050917365424,0.0,0.0,6.813815401233574,True
multicopter,hover_descent,282.38264860594995,3.092050917365424,0.0,0.0,7.919019809994823,True
multicopter,hover_descent,74.27334907318571,3.092050917365424,0.0,0.0,8.683844991397851,True
multicopter,hover_descent,-0.0,3.092050917365424,0.0,0.0,8.956807938300502,True
