eVTOL_type,mission_segment,altitude_ft,air_speed_mph,pitch_angle_deg,range_nmi,time_min,fesibility
multicopter,hover_climb,0.0,5.532416291866722,0.0,0.0,0.0,True
multicopter,hover_climb,74.27334907318564,5.532416291866722,0.0,0.0,0.1525581745570932,True
multicopter,hover_climb,282.3826486059498,5.532416291866722,0.0,0.0,0.5800166807541143,True
multicopter,hover_climb,583.1092995327641,5.532416291866722,0.0,0.0,1.1977121190041995,True
multicopter,hover_climb,916.8907004672358,5.532416291866722,0.0,0.0,1.8833023322245144,True
multicopter,hover_climb,1217.61735139405,5.532416291866722,0.0,0.0,2.5009977704745996,True
multicopter,hover_climb,1425.7266509268143,5.532416291866722,0.0,0.0,2.928456276671621,True
multicopter,hover_climb,1500.0,5.532416291866722,0.0,0.0,3.081014451228714,True
multicopter,hover_descent,1500.0,3.2183778652488098,0.0,0.0,3.081014451228714,True
multicopter,hover_descent,1425.7266509268143,3.2183778652488098,0.0,0.0,3.343263126093951,True
multicopter,hover_descent,1217.6173513940503,3.2183778652488098,0.0,0.0,4.078067584363671,True
multicopter,hover_descent,916.890700467236,3.2183778652488098,0.0,0.0,5.139890791292276,True
multicopter,hover_descent,583.1092995327642,3.2183778652488098,0.0,0.0,6.318425638340517,True
multicopter,hover_descent,282.38264860594995,3.2183778652488098,0.0,0.0,7.380248845269121,True
multicopter,hover_descent,74.27334907318571,3.2183778652488098,0.0,0.0,8.115053303538842,True
multicopter,hover_descent,-0.0,3.2183778652488098,0.0,0.0,8.37730197840408,True
