eVTOL_type,mission_segment,altitude_ft,air_speed_mph,pitch_angle_deg,range_nmi,time_min,fesibility
multicopter,hover_climb,0.0,4.125240077043993,0.0,0.0,0.0,True
multicopter,hover_climb,74.27334907318564,4.125240077043993,0.0,0.0,0.20459786936373953,True
multicopter,hover_climb,282.3826486059498,4.125240077043993,0.0,0.0,0.77786836019927,True
multicopter,hover_climb,583.1092995327641,4.125240077043993,0.0,0.0,1.6062682210954344,True
multicopter,hover_climb,916.8907004672358,4.125240077043993,0.0,0.0,2.5257226999441817,True
multicopter,hover_climb,1217.61735139405,4.125240077043993,0.0,0.0,3.354122560840346,True
multicopter,hover_climb,1425.7266509268143,4.125240077043993,0.0,0.0,3.927393051675877,True
multicopter,hover_climb,1500.0,4.125240077043993,0.0,0.0,4.131990921039616,True
multicopter,hover_descent,1500.0,3.25974795160566,0.0,0.0,4.131990921039616,True
multicopter,hover_descent,1425.7266509268143,3.25974795160566,0.0,0.0,4.390911347682226,True
multicopter,hover_descent,1217.6173513940503,3.25974795160566,0.0,0.0,5.1163902616628425,True
multicopter,hover_descent,916.890700467236,3.25974795160566,0.0,0.0,6.164737666652616,True
multicopter,hover_descent,583.1092995327642,3.25974795160566,0.0,0.0,7.328315501956153,True
multicopter,hover_descent,282.38264860594995,3.25974795160566,0.0,0.0,8.376662906945928,True
multicopter,hover_descent,74.27334907318571,3.25974795160566,0.0,0.0,9.102141820926544,True
multicopter,hover_descent,-0.0,3.25974795160566,0.0,0.0,9.361062247569153,True
