eVTOL_type,mission_segment,velocity_kts,equivalent_airspeed_kts,Mach,time_min,fesibility
multicopter,hover_climb,4.734511974962353,4.734511975350312,0.0071574681027566315,0.0,True
multicopter,hover_climb,4.734511974962353,4.7293685713690845,0.007159296358557736,0.1549112714839984,True
multicopter,hover_climb,4.734511974962353,4.714973051033615,0.007164426419887505,0.5889630087565214,True
multicopter,hover_climb,4.734511974962353,4.6942125151766385,0.007171858912398168,1.21618594195553,True
multicopter,hover_climb,4.734511974962353,4.671227607591065,0.007180135251877538,1.9123508767764974,True
multicopter,hover_climb,4.734511974962353,4.650570752389304,0.007187616337684788,2.539573809975506,True
multicopter,hover_climb,4.734511974962353,4.6363045196945665,0.007192806994755957,2.973625547248029,True
multicopter,hover_climb,4.734511974962353,4.63121865411875,0.007194662218517245,3.128536818732028,True
multicopter,hover_descent,2.8719237207796433,2.80926667399264,0.004364234623890896,3.128536818732028,True
multicopter,hover_descent,2.8719237207796433,2.8123517264891005,0.004363109257399994,3.3839159099630893,True
multicopter,hover_descent,2.8719237207796433,2.8210055290982923,0.0043599606390739756,4.099472222618948,True
multicopter,hover_descent,2.8719237207796433,2.833535841148273,0.004355422661791279,5.133481053255841,True
multicopter,hover_descent,2.8719237207796433,2.847478334411364,0.0043504022888789864,6.281144271680038,True
multicopter,hover_descent,2.8719237207796433,2.860071538462606,0.004345893787969331,7.315153102316931,True
multicopter,hover_descent,2.8719237207796433,2.868803766101492,0.0043427819266201725,8.03070941497279,True
multicopter,hover_descent,2.8719237207796433,2.871923721014977,0.004341672918715955,8.286088506203852,True
