eVTOL_type,mission_segment,velocity_kts,equivalent_airspeed_kts,Mach,time_min,fesibility
multicopter,hover_climb,4.868076118999797,4.868076119398702,0.007359385661667781,0.0,True
multicopter,hover_climb,4.868076118999797,4.862787616122378,0.007361265493940219,0.15066101103783192,True
multicopter,hover_climb,4.868076118999797,4.847985987330166,0.00736654027815885,0.5728037831792425,True
multicopter,hover_climb,4.868076118999797,4.826639781140923,0.00737418244687384,1.1828177631602816,True
multicopter,hover_climb,4.868076118999797,4.8030064520234825,0.007382692268115252,1.8598822009152027,True
multicopter,hover_climb,4.868076118999797,4.781766851398725,0.0073903844009802775,2.469896180896242,True
multicopter,hover_climb,4.868076118999797,4.767098157548838,0.0073957214903917524,2.8920389530376527,True
multicopter,hover_climb,4.868076118999797,4.761868815879622,0.007397629051410817,3.0426999640754846,True
multicopter,hover_descent,2.7679474872872043,2.7075589003759055,0.004206230191187413,3.0426999640754846,True
multicopter,hover_descent,2.7679474872872043,2.7105322604425197,0.0042051455678987675,3.307672212742113,True
multicopter,hover_descent,2.7679474872872043,2.718872757446072,0.004202110943364393,4.050107955222202,True
multicopter,hover_descent,2.7679474872872043,2.730949417248252,0.004197737260760596,5.122958687340731,True
multicopter,hover_descent,2.7679474872872043,2.744387131110518,0.004192898647364537,6.3137331639508645,True
multicopter,hover_descent,2.7679474872872043,2.756524405947702,0.004188553373959809,7.386583896069393,True
multicopter,hover_descent,2.7679474872872043,2.7649404886509403,0.004185554175638534,8.129019638549483,True
multicopter,hover_descent,2.7679474872872043,2.7679474875140184,0.004184485318683996,8.393991887216112,True
