eVTOL_type,mission_segment,altitude_ft,air_speed_mph,pitch_angle_deg,range_nmi,time_min,fesibility
multicopter,hover_climb,0.0,4.486148484892452,0.0,0.0,0.0,False
multicopter,hover_climb,74.27334907318564,4.486148484892452,0.0,0.0,0.1881380728300489,False
multicopter,hover_climb,282.3826486059498,4.486148484892452,0.0,0.0,0.7152892386341618,False
multicopter,hover_climb,583.1092995327641,4.486148484892452,0.0,0.0,1.4770447439400571,False
multicopter,hover_climb,916.8907004672358,4.486148484892452,0.0,0.0,2.32252956860372,False
multicopter,hover_climb,1217.61735139405,4.486148484892452,0.0,0.0,3.084285073909615,False
multicopter,hover_climb,1425.7266509268143,4.486148484892452,0.0,0.0,3.6114362397137283,False
multicopter,hover_climb,1500.0,4.486148484892452,0.0,0.0,3.7995743125437773,False
multicopter,hover_descent,1500.0,3.359977248540811,0.0,0.0,3.7995743125437773,True
multicopter,hover_descent,1425.7266509268143,3.359977248540811,0.0,0.0,4.050771052266837,True
multicopter,hover_descent,1217.6173513940503,3.359977248540811,0.0,0.0,4.754608676408026,True
multicopter,hover_descent,916.890700467236,3.359977248540811,0.0,0.0,5.771683511504196,True
multicopter,hover_descent,583.1092995327642,3.359977248540811,0.0,0.0,6.9005514128602785,True
multicopter,hover_descent,282.38264860594995,3.359977248540811,0.0,0.0,7.917626247956448,True
multicopter,hover_descent,74.27334907318571,3.359977248540811,0.0,0.0,8.621463872097635,True
multicopter,hover_descent,-0.0,3.359977248540811,0.0,0.0,8.872660611820697,True
