eVTOL_type,mission_segment,altitude_ft,air_speed_mph,pitch_angle_deg,range_nmi,time_min,fesibility
multicopter,hover_climb,0.0,4.9208336824839165,0.0,0.0,0.0,True
multicopter,hover_climb,74.27334907318564,4.9208336824839165,0.0,0.0,0.17151876792370505,True
multicopter,hover_climb,282.3826486059498,4.9208336824839165,0.0,0.0,0.6521036761678868,True
multicopter,hover_climb,583.1092995327641,4.9208336824839165,0.0,0.0,1.3465689896676785,True
multicopter,hover_climb,916.8907004672358,4.9208336824839165,0.0,0.0,2.1173673360263083,True
multicopter,hover_climb,1217.61735139405,4.9208336824839165,0.0,0.0,2.8118326495261003,True
multicopter,hover_climb,1425.7266509268143,4.9208336824839165,0.0,0.0,3.292417557770282,True
multicopter,hover_climb,1500.0,4.9208336824839165,0.0,0.0,3.4639363256939872,True
multicopter,hover_descent,1500.0,3.3233317657308215,0.0,0.0,3.4639363256939872,True
multicopter,hover_descent,1425.7266509268143,3.3233317657308215,0.0,0.0,3.7179029440979448,True
multicopter,hover_descent,1217.6173513940503,3.3233317657308215,0.0,0.0,4.429501595838741,True
multicopter,hover_descent,916.890700467236,3.3233317657308215,0.0,0.0,5.457791440754368,True
multicopter,hover_descent,583.1092995327642,3.3233317657308215,0.0,0.0,6.599107063911949,True
multicopter,hover_descent,282.38264860594995,3.3233317657308215,0.0,0.0,7.627396908827577,True
multicopter,hover_descent,74.27334907318571,3.3233317657308215,0.0,0.0,8.338995560568373,True
multicopter,hover_descent,-0.0,3.3233317657308215,0.0,0.0,8.59296217897233,True
