eVTOL_type,mission_segment,velocity_kts,equivalent_airspeed_kts,Mach,time_min,fesibility
multicopter,hover_climb,4.860569855580128,4.860569855978417,0.007348037957557771,0.0,True
multicopter,hover_climb,4.860569855580128,4.855289507237421,0.007349914891248537,0.15089367948402765,True
multicopter,hover_climb,4.860569855580128,4.84051070161437,0.007355181542085753,0.5736883741247651,True
multicopter,hover_climb,4.860569855580128,4.819197409915934,0.0073628119270631705,1.184644409411966,True
multicopter,hover_climb,4.860569855580128,4.7956005218872315,0.0073713086267020575,1.862754449672948,True
multicopter,hover_climb,4.860569855580128,4.774393671374289,0.007378988898787972,2.473710484960149,True
multicopter,hover_climb,4.860569855580128,4.759747595716347,0.0073843177587473935,2.8965051796008865,True
multicopter,hover_climb,4.860569855580128,4.754526317359026,0.007386222378428823,3.047398859084914,True
multicopter,hover_descent,2.9074644917615386,2.8440320484226884,0.004418243113794959,3.047398859084914,True
multicopter,hover_descent,2.9074644917615386,2.8471552792117873,0.004417103820613583,3.299656202889403,True
multicopter,hover_descent,2.9074644917615386,2.855916174782547,0.004413916237351961,4.006465573629096,True
multicopter,hover_descent,2.9074644917615386,2.8686015525634443,0.004409322101470708,5.027834706980931,True
multicopter,hover_descent,2.9074644917615386,2.8827165876515135,0.004404239600193853,6.161468919814195,True
multicopter,hover_descent,2.9074644917615386,2.8954656357378434,0.004399675305463094,7.18283805316603,True
multicopter,hover_descent,2.9074644917615386,2.9043059268675626,0.004396524934055072,7.889647423905724,True
multicopter,hover_descent,2.9074644917615386,2.907464491999785,0.004395402201901963,8.141904767710212,True
