eVTOL_type,mission_segment,velocity_kts,equivalent_airspeed_kts,Mach,time_min,fesibility
multicopter,hover_climb,4.522532337782509,4.5225323381530975,0.006837004768927864,0.0,True
multicopter,hover_climb,4.522532337782509,4.51761922124593,0.006838751167717425,0.16217225552382672,True
multicopter,hover_climb,4.522532337782509,4.503868235594048,0.006843651539367423,0.6165688179766214,True
multicopter,hover_climb,4.522532337782509,4.484037217052033,0.006850751254799037,1.2731908753564856,True
multicopter,hover_climb,4.522532337782509,4.462081419202873,0.006858657035401527,2.001986376258278,True
multicopter,hover_climb,4.522532337782509,4.442349439192918,0.006865803168448384,2.658608433638142,True
multicopter,hover_climb,4.522532337782509,4.428721952549841,0.006870761422769598,3.113004996090937,True
multicopter,hover_climb,4.522532337782509,4.423863797864865,0.006872533582075272,3.275177251614764,True
multicopter,hover_descent,2.91255379443294,2.8490103172691703,0.0044259769232862355,3.275177251614764,True
multicopter,hover_descent,2.91255379443294,2.852139015043968,0.004424835635855971,3.526993809063252,True
multicopter,hover_descent,2.91255379443294,2.8609152459178273,0.004421642472964382,4.232568123878638,True
multicopter,hover_descent,2.91255379443294,2.8736228285191827,0.004417040295386289,5.252152549710636,True
multicopter,hover_descent,2.91255379443294,2.8877625709376367,0.004411948897564902,6.383805886640839,True
multicopter,hover_descent,2.91255379443294,2.9005339352946105,0.004407376613372042,7.403390312472836,True
multicopter,hover_descent,2.91255379443294,2.9093897007035134,0.004404220727470664,8.108964627288222,True
multicopter,hover_descent,2.91255379443294,2.9125537946716027,0.004403096030057528,8.36078118473671,True
