eVTOL_type,mission_segment,altitude_ft,air_speed_mph,pitch_angle_deg,range_nmi,time_min,fesibility
multicopter,hover_climb,0.0,4.8261482501619,0.0,0.0,0.0,True
multicopter,hover_climb,74.27334907318564,4.8261482501619,0.0,0.0,0.17488383833811902,True
multicopter,hover_climb,282.3826486059498,4.8261482501619,0.0,0.0,0.6648974643600877,True
multicopter,hover_climb,583.1092995327641,4.8261482501619,0.0,0.0,1.3729876698095138,True
multicopter,hover_climb,916.8907004672358,4.8261482501619,0.0,0.0,2.1589085053406665,True
multicopter,hover_climb,1217.61735139405,4.8261482501619,0.0,0.0,2.8669987107900923,True
multicopter,hover_climb,1425.7266509268143,4.8261482501619,0.0,0.0,3.357012336812061,True
multicopter,hover_climb,1500.0,4.8261482501619,0.0,0.0,3.5318961751501803,True
multicopter,hover_descent,1500.0,3.28011995800141,0.0,0.0,3.5318961751501803,True
multicopter,hover_descent,1425.7266509268143,3.28011995800141,0.0,0.0,3.7892085116451453,True
multicopter,hover_descent,1217.6173513940503,3.28011995800141,0.0,0.0,4.5101816571585,True
multicopter,hover_descent,916.890700467236,3.28011995800141,0.0,0.0,5.552018038065963,True
multicopter,hover_descent,583.1092995327642,3.28011995800141,0.0,0.0,6.708369181844108,True
multicopter,hover_descent,282.38264860594995,3.28011995800141,0.0,0.0,7.750205562751571,True
multicopter,hover_descent,74.27334907318571,3.28011995800141,0.0,0.0,8.471178708264926,True
multicopter,hover_descent,-0.0,3.28011995800141,0.0,0.0,8.728491044759892,True
