segment_type,climb_rate,descend_rate,start_altitude,end_altitude,climb_angle,descent_angle,speed,time_required
hover_climb,2.1717674726756955,,0.0,15.24,,,,
second_climb,2.54,,15.24,91.44,,,40.1719611916184,
departure_terminal_procedures,,,91.44,91.44,,,36.936490603978186,55.830744057872664
accel_climb,2.54,,91.44,457.20000000000005,,,36.66739075678504,
cruise_0,,,457.20000000000005,457.20000000000005,,,45.48632,1241.5366794151082
decel_descend,,2.54,457.20000000000005,91.44,,,42.812530926631524,
arrival_terminal_procedure,,,91.44,91.44,,,38.21501628821635,48.43158891358131
second_descent,,2.54,91.44,15.24,,,36.311379749773096,
hover_descent,,1.2075330333279324,15.24,0.0,,,,
