eVTOL_type,mission_segment,altitude_ft,air_speed_mph,pitch_angle_deg,range_nmi,time_min,fesibility
multicopter,hover_climb,0.0,5.493116386484422,0.0,0.0,0.0,True
multicopter,hover_climb,74.27334907318564,5.493116386484422,0.0,0.0,0.15364963546990798,True
multicopter,hover_climb,282.3826486059498,5.493116386484422,0.0,0.0,0.5841663471857007,True
multicopter,hover_climb,583.1092995327641,5.493116386484422,0.0,0.0,1.206281020451093,True
multicopter,hover_climb,916.8907004672358,5.493116386484422,0.0,0.0,1.8967762144901072,True
multicopter,hover_climb,1217.61735139405,5.493116386484422,0.0,0.0,2.5188908877554987,True
multicopter,hover_climb,1425.7266509268143,5.493116386484422,0.0,0.0,2.949407599471292,True
multicopter,hover_climb,1500.0,5.493116386484422,0.0,0.0,3.1030572349412,True
multicopter,hover_descent,1500.0,3.2166490898070554,0.0,0.0,3.1030572349412,True
multicopter,hover_descent,1425.7266509268143,3.2166490898070554,0.0,0.0,3.3654468543285407,True
multicopter,hover_descent,1217.6173513940503,3.2166490898070554,0.0,0.0,4.1006462303734,True
multicopter,hover_descent,916.890700467236,3.2166490898070554,0.0,0.0,5.163040110021463,True
multicopter,hover_descent,583.1092995327642,3.2166490898070554,0.0,0.0,6.342208356002551,True
multicopter,hover_descent,282.38264860594995,3.2166490898070554,0.0,0.0,7.404602235650614,True
multicopter,hover_descent,74.27334907318571,3.2166490898070554,0.0,0.0,8.139801611695473,True
multicopter,hover_descent,-0.0,3.2166490898070554,0.0,0.0,8.402191231082815,True
