segment_type,climb_rate,descend_rate,start_altitude,end_altitude,climb_angle,descent_angle,speed,time_required
hover_climb,1.78717876836109,,0.0,15.24,,,,
second_climb,2.54,,15.24,91.44,,,37.261230787585205,
departure_terminal_procedures,,,91.44,91.44,,,38.30769668285268,58.269485635781265
accel_climb,2.54,,91.44,457.20000000000005,,,37.84175279514364,
cruise_0,,,457.20000000000005,457.20000000000005,,,45.48632,812.8378378378379
decel_descend,,2.54,457.20000000000005,91.44,,,40.989196577960676,
arrival_terminal_procedure,,,91.44,91.44,,,43.64253581056452,53.24559222096586
second_descent,,2.54,91.44,15.24,,,35.45466894392824,
hover_descent,,1.4489846794830217,15.24,0.0,,,,
