eVTOL_type,mission_segment,altitude_ft,air_speed_mph,pitch_angle_deg,range_nmi,time_min,fesibility
multicopter,hover_climb,0.0,4.067453300526223,0.0,0.0,0.0,True
multicopter,hover_climb,74.27334907318564,4.067453300526223,0.0,0.0,0.20750461480846405,True
multicopter,hover_climb,282.3826486059498,4.067453300526223,0.0,0.0,0.788919625393947,True
multicopter,hover_climb,583.1092995327641,4.067453300526223,0.0,0.0,1.6290886583228341,True
multicopter,hover_climb,916.8907004672358,4.067453300526223,0.0,0.0,2.5616059326265708,True
multicopter,hover_climb,1217.61735139405,4.067453300526223,0.0,0.0,3.401774965555458,True
multicopter,hover_climb,1425.7266509268143,4.067453300526223,0.0,0.0,3.9831899761409413,True
multicopter,hover_climb,1500.0,4.067453300526223,0.0,0.0,4.1906945909494056,True
multicopter,hover_descent,1500.0,3.1088940485878975,0.0,0.0,4.1906945909494056,True
multicopter,hover_descent,1425.7266509268143,3.1088940485878975,0.0,0.0,4.462178699827439,True
multicopter,hover_descent,1217.6173513940503,3.1088940485878975,0.0,0.0,5.222860269164154,True
multicopter,hover_descent,916.890700467236,3.1088940485878975,0.0,0.0,6.322076985005188,True
multicopter,hover_descent,583.1092995327642,3.1088940485878975,0.0,0.0,7.542115495769898,True
multicopter,hover_descent,282.38264860594995,3.1088940485878975,0.0,0.0,8.641332211610935,True
multicopter,hover_descent,74.27334907318571,3.1088940485878975,0.0,0.0,9.402013780947648,True
multicopter,hover_descent,-0.0,3.1088940485878975,0.0,0.0,9.673497889825683,True
