eVTOL_type,mission_segment,velocity_kts,equivalent_airspeed_kts,Mach,time_min,fesibility
multicopter,hover_climb,4.103537294859754,4.103537295196009,0.0062035828511479195,0.0,True
multicopter,hover_climb,4.103537294859754,4.099079359473993,0.006205167452877528,0.17873098675534296,True
multicopter,hover_climb,4.103537294859754,4.086602349195445,0.006209613824140912,0.6795240831027732,True
multicopter,hover_climb,4.103537294859754,4.0686085974421715,0.0062160557785329515,1.403191074486413,True
multicopter,hover_climb,4.103537294859754,4.04868691892597,0.006223229119290799,2.206400838069518,True
multicopter,hover_climb,4.103537294859754,4.030783030169702,0.006229713190886445,2.9300678294531575,True
multicopter,hover_climb,4.103537294859754,4.01841807719681,0.006234212082216535,3.4308609258005878,True
multicopter,hover_climb,4.103537294859754,4.0140100116607265,0.006235820057850564,3.609591912555931,True
multicopter,hover_descent,2.7792573874814996,2.7186220513475443,0.004223416949200364,3.609591912555931,True
multicopter,hover_descent,2.7792573874814996,2.721607560635106,0.0042223278941148,3.8734858840899062,True
multicopter,hover_descent,2.7792573874814996,2.7299821371105826,0.004219280870031385,4.612900361182361,True
multicopter,hover_descent,2.7792573874814996,2.7421081424359963,0.004214889316454979,5.681385238321681,True
multicopter,hover_descent,2.7792573874814996,2.7556007631212136,0.004210030932367878,6.867313981483363,True
multicopter,hover_descent,2.7792573874814996,2.767787631156126,0.0042056679040712135,7.935798858622683,True
multicopter,hover_descent,2.7792573874814996,2.7762381021762805,0.004202656450953259,8.675213335715139,True
multicopter,hover_descent,2.7792573874814996,2.77925738770924,0.004201583226623424,8.939107307249115,True
