eVTOL_type,mission_segment,altitude_ft,air_speed_mph,pitch_angle_deg,range_nmi,time_min,fesibility
multicopter,hover_climb,0.0,3.982255550856173,0.0,0.0,0.0,True
multicopter,hover_climb,74.27334907318564,3.982255550856173,0.0,0.0,0.2119440401547432,True
multicopter,hover_climb,282.3826486059498,3.982255550856173,0.0,0.0,0.8057980441432541,True
multicopter,hover_climb,583.1092995327641,3.982255550856173,0.0,0.0,1.6639419433342058,True
multicopter,hover_climb,916.8907004672358,3.982255550856173,0.0,0.0,2.6164098140485734,True
multicopter,hover_climb,1217.61735139405,3.982255550856173,0.0,0.0,3.474553713239525,True
multicopter,hover_climb,1425.7266509268143,3.982255550856173,0.0,0.0,4.068407717228036,True
multicopter,hover_climb,1500.0,3.982255550856173,0.0,0.0,4.280351757382779,True
multicopter,hover_descent,1500.0,3.2771815547156216,0.0,0.0,4.280351757382779,True
multicopter,hover_descent,1425.7266509268143,3.2771815547156216,0.0,0.0,4.537894806580842,True
multicopter,hover_descent,1217.6173513940503,3.2771815547156216,0.0,0.0,5.259514394723137,True
multicopter,hover_descent,916.890700467236,3.2771815547156216,0.0,0.0,6.3022849122946205,True
multicopter,hover_descent,583.1092995327642,3.2771815547156216,0.0,0.0,7.459672869549125,True
multicopter,hover_descent,282.38264860594995,3.2771815547156216,0.0,0.0,8.502443387120607,True
multicopter,hover_descent,74.27334907318571,3.2771815547156216,0.0,0.0,9.224062975262902,True
multicopter,hover_descent,-0.0,3.2771815547156216,0.0,0.0,9.481606024460966,True
