eVTOL_type,mission_segment,altitude_ft,air_speed_mph,pitch_angle_deg,range_nmi,time_min,fesibility
multicopter,hover_climb,0.0,4.3806391746605975,0.0,0.0,0.0,True
multicopter,hover_climb,74.27334907318564,4.3806391746605975,0.0,0.0,0.1926694477050834,True
multicopter,hover_climb,282.3826486059498,4.3806391746605975,0.0,0.0,0.7325172437666335,True
multicopter,hover_climb,583.1092995327641,4.3806391746605975,0.0,0.0,1.512619911375932,True
multicopter,hover_climb,916.8907004672358,4.3806391746605975,0.0,0.0,2.378468549881595,True
multicopter,hover_climb,1217.61735139405,4.3806391746605975,0.0,0.0,3.1585712174908935,True
multicopter,hover_climb,1425.7266509268143,4.3806391746605975,0.0,0.0,3.698419013552444,True
multicopter,hover_climb,1500.0,4.3806391746605975,0.0,0.0,3.891088461257527,True
multicopter,hover_descent,1500.0,3.172413753895584,0.0,0.0,3.891088461257527,True
multicopter,hover_descent,1425.7266509268143,3.172413753895584,0.0,0.0,4.157136775207968,True
multicopter,hover_descent,1217.6173513940503,3.172413753895584,0.0,0.0,4.902587585612962,True
multicopter,hover_descent,916.890700467236,3.172413753895584,0.0,0.0,5.979795217117578,True
multicopter,hover_descent,583.1092995327642,3.172413753895584,0.0,0.0,7.175405487217702,True
multicopter,hover_descent,282.38264860594995,3.172413753895584,0.0,0.0,8.252613118722318,True
multicopter,hover_descent,74.27334907318571,3.172413753895584,0.0,0.0,8.99806392912731,True
multicopter,hover_descent,-0.0,3.172413753895584,0.0,0.0,9.264112243077754,True
