eVTOL_type,mission_segment,altitude_ft,air_speed_mph,pitch_angle_deg,range_nmi,time_min,fesibility
multicopter,hover_climb,0.0,4.585417142163754,0.0,0.0,0.0,True
multicopter,hover_climb,74.27334907318564,4.585417142163754,0.0,0.0,0.18406511429815914,True
multicopter,hover_climb,282.3826486059498,4.585417142163754,0.0,0.0,0.6998041038954019,True
multicopter,hover_climb,583.1092995327641,4.585417142163754,0.0,0.0,1.4450685367783735,True
multicopter,hover_climb,916.8907004672358,4.585417142163754,0.0,0.0,2.2722496519461495,True
multicopter,hover_climb,1217.61735139405,4.585417142163754,0.0,0.0,3.0175140848291213,True
multicopter,hover_climb,1425.7266509268143,4.585417142163754,0.0,0.0,3.533253074426364,True
multicopter,hover_climb,1500.0,4.585417142163754,0.0,0.0,3.7173181887245232,True
multicopter,hover_descent,1500.0,3.2539239909606117,0.0,0.0,3.7173181887245232,True
multicopter,hover_descent,1425.7266509268143,3.2539239909606117,0.0,0.0,3.976702038108154,True
multicopter,hover_descent,1217.6173513940503,3.2539239909606117,0.0,0.0,4.703479433754468,True
multicopter,hover_descent,916.890700467236,3.2539239909606117,0.0,0.0,5.753703199115892,True
multicopter,hover_descent,583.1092995327642,3.2539239909606117,0.0,0.0,6.919363637313375,True
multicopter,hover_descent,282.38264860594995,3.2539239909606117,0.0,0.0,7.9695874026748,True
multicopter,hover_descent,74.27334907318571,3.2539239909606117,0.0,0.0,8.696364798321111,True
multicopter,hover_descent,-0.0,3.2539239909606117,0.0,0.0,8.955748647704745,True
