segment_type,climb_rate,descend_rate,start_altitude,end_altitude,climb_angle,descent_angle,speed,time_required
hover_climb,2.1117645912697864,,0.0,457.20000000000005,,,,
cruise_0,,,457.20000000000005,457.20000000000005,,,28.000000000000004,50.0
cruise_1,,,457.20000000000005,457.20000000000005,,,28.0,15.0
cruise_2,,,457.20000000000005,457.20000000000005,,,28.0,3216.271088276224
hover_descent,,1.4744744803299803,457.20000000000005,0.0,,,,
