eVTOL_type,mission_segment,altitude_ft,air_speed_mph,pitch_angle_deg,range_nmi,time_min,fesibility
multicopter,hover_climb,0.0,4.877956431507644,0.0,0.0,0.0,True
multicopter,hover_climb,74.27334907318564,4.877956431507644,0.0,0.0,0.17302641838402963,True
multicopter,hover_climb,282.3826486059498,4.877956431507644,0.0,0.0,0.6578356693453982,True
multicopter,hover_climb,583.1092995327641,4.877956431507644,0.0,0.0,1.358405334935937,True
multicopter,hover_climb,916.8907004672358,4.877956431507644,0.0,0.0,2.1359790009623363,True
multicopter,hover_climb,1217.61735139405,4.877956431507644,0.0,0.0,2.8365486665528743,True
multicopter,hover_climb,1425.7266509268143,4.877956431507644,0.0,0.0,3.321357917514243,True
multicopter,hover_climb,1500.0,4.877956431507644,0.0,0.0,3.4943843358982734,True
multicopter,hover_descent,1500.0,3.1057466389422457,0.0,0.0,3.4943843358982734,True
multicopter,hover_descent,1425.7266509268143,3.1057466389422457,0.0,0.0,3.7661435707934174,True
multicopter,hover_descent,1217.6173513940503,3.1057466389422457,0.0,0.0,4.527596026099572,True
multicopter,hover_descent,916.890700467236,3.1057466389422457,0.0,0.0,5.627926704441836,True
multicopter,hover_descent,583.1092995327642,3.1057466389422457,0.0,0.0,6.849201620304342,True
multicopter,hover_descent,282.38264860594995,3.1057466389422457,0.0,0.0,7.949532298646606,True
multicopter,hover_descent,74.27334907318571,3.1057466389422457,0.0,0.0,8.710984753952761,True
multicopter,hover_descent,-0.0,3.1057466389422457,0.0,0.0,8.982743988847906,True
