eVTOL_type,mission_segment,altitude_ft,air_speed_mph,pitch_angle_deg,range_nmi,time_min,fesibility
multicopter,hover_climb,0.0,4.395776237579259,0.0,0.0,0.0,False
multicopter,hover_climb,74.27334907318564,4.395776237579259,0.0,0.0,0.19200598136949446,False
multicopter,hover_climb,282.3826486059498,4.395776237579259,0.0,0.0,0.7299947860689217,False
multicopter,hover_climb,583.1092995327641,4.395776237579259,0.0,0.0,1.5074111333278646,False
multicopter,hover_climb,916.8907004672358,4.395776237579259,0.0,0.0,2.3702781811858844,False
multicopter,hover_climb,1217.61735139405,4.395776237579259,0.0,0.0,3.147694528444828,False
multicopter,hover_climb,1425.7266509268143,4.395776237579259,0.0,0.0,3.685683333144255,False
multicopter,hover_climb,1500.0,4.395776237579259,0.0,0.0,3.87768931451375,False
multicopter,hover_descent,1500.0,3.3442464744185525,0.0,0.0,3.87768931451375,True
multicopter,hover_descent,1425.7266509268143,3.3442464744185525,0.0,0.0,4.130067641539976,True
multicopter,hover_descent,1217.6173513940503,3.3442464744185525,0.0,0.0,4.837215999734053,True
multicopter,hover_descent,916.890700467236,3.3442464744185525,0.0,0.0,5.859074984150172,True
multicopter,hover_descent,583.1092995327642,3.3442464744185525,0.0,0.0,6.993252890646706,True
multicopter,hover_descent,282.38264860594995,3.3442464744185525,0.0,0.0,8.015111875062825,True
multicopter,hover_descent,74.27334907318571,3.3442464744185525,0.0,0.0,8.722260233256902,True
multicopter,hover_descent,-0.0,3.3442464744185525,0.0,0.0,8.974638560283129,True
