eVTOL_type,mission_segment,altitude_ft,air_speed_mph,pitch_angle_deg,range_nmi,time_min,fesibility
multicopter,hover_climb,0.0,5.453288613684547,0.0,0.0,0.0,True
multicopter,hover_climb,74.27334907318564,5.453288613684547,0.0,0.0,0.1547718065497446,True
multicopter,hover_climb,282.3826486059498,5.453288613684547,0.0,0.0,0.5884327717601604,True
multicopter,hover_climb,583.1092995327641,5.453288613684547,0.0,0.0,1.2150910229686134,True
multicopter,hover_climb,916.8907004672358,5.453288613684547,0.0,0.0,1.9106292080641767,True
multicopter,hover_climb,1217.61735139405,5.453288613684547,0.0,0.0,2.5372874592726293,True
multicopter,hover_climb,1425.7266509268143,5.453288613684547,0.0,0.0,2.9709484244830455,True
multicopter,hover_climb,1500.0,5.453288613684547,0.0,0.0,3.12572023103279,True
multicopter,hover_descent,1500.0,3.1070825492200247,0.0,0.0,3.12572023103279,True
multicopter,hover_descent,1425.7266509268143,3.1070825492200247,0.0,0.0,3.3973626212837296,True
multicopter,hover_descent,1217.6173513940503,3.1070825492200247,0.0,0.0,4.158487685172061,True
multicopter,hover_descent,916.890700467236,3.1070825492200247,0.0,0.0,5.258345269208375,True
multicopter,hover_descent,583.1092995327642,3.1070825492200247,0.0,0.0,6.4790950900062185,True
multicopter,hover_descent,282.38264860594995,3.1070825492200247,0.0,0.0,7.578952674042532,True
multicopter,hover_descent,74.27334907318571,3.1070825492200247,0.0,0.0,8.340077737930864,True
multicopter,hover_descent,-0.0,3.1070825492200247,0.0,0.0,8.611720128181805,True
