eVTOL_type,mission_segment,velocity_kts,equivalent_airspeed_kts,Mach,time_min,fesibility
multicopter,hover_climb,4.128215302974078,4.128215303312356,0.006240890192823668,0.0,True
multicopter,hover_climb,4.128215302974078,4.123730558287532,0.006242484324091218,0.17766255296065886,True
multicopter,hover_climb,4.128215302974078,4.111178513291673,0.00624695743511063,0.6754619643405546,True
multicopter,hover_climb,4.128215302974078,4.093076550032113,0.006253438130372152,1.3948029556067665,True
multicopter,hover_climb,4.128215302974078,4.073035065770588,0.00626065461043853,2.1932112213007158,True
multicopter,hover_climb,4.128215302974078,4.055023505929532,0.006267177676189694,2.912552212566928,True
multicopter,hover_climb,4.128215302974078,4.042584192133801,0.00627170362312298,3.4103516239468235,True
multicopter,hover_climb,4.128215302974078,4.038149617206124,0.006273321268861823,3.5880141769074823,True
multicopter,hover_descent,2.9266912624921617,2.8628393467750883,0.004447460511848072,3.5880141769074823,True
multicopter,hover_descent,2.9266912624921617,2.8659832311757754,0.00444631368463529,3.838614327082906,True
multicopter,hover_descent,2.9266912624921617,2.874802061669218,0.004443105022205641,4.540780344457784,True
multicopter,hover_descent,2.9266912624921617,2.8875713265795766,0.004438480505765125,5.555439637789948,True
multicopter,hover_descent,2.9266912624921617,2.9017797029773207,0.004433364394417686,6.6816264900553675,True
multicopter,hover_descent,2.9266912624921617,2.9146130592384485,0.004428769916464197,7.696285783387533,True
multicopter,hover_descent,2.9266912624921617,2.9235118103257096,0.004425598711966398,8.39845180076241,True
multicopter,hover_descent,2.9266912624921617,2.926691262731983,0.0044244685552983,8.649051950937833,True
