eVTOL_type,mission_segment,velocity_kts,equivalent_airspeed_kts,Mach,time_min,fesibility
multicopter,hover_climb,4.40051411285772,4.4005141132183105,0.0066525419230268135,0.0,True
multicopter,hover_climb,4.40051411285772,4.39573355253387,0.0066542412038602386,0.16666899618720712,True
multicopter,hover_climb,4.40051411285772,4.382353569394495,0.0066590093631553994,0.6336651459928556,True
multicopter,hover_climb,4.40051411285772,4.363057593058974,0.006665917527789864,1.3084941346160157,True
multicopter,hover_climb,4.40051411285772,4.341694164104113,0.006673610009902987,2.0574978046254535,True
multicopter,hover_climb,4.40051411285772,4.3224945542344315,0.006680563339802331,2.732326793248613,True
multicopter,hover_climb,4.40051411285772,4.3092347380923455,0.006685387820090368,3.1993229430542622,True
multicopter,hover_climb,4.40051411285772,4.304507656745667,0.006687112166419458,3.365991939241469,True
multicopter,hover_descent,2.7391134185440738,2.6793539073917256,0.004162413344574837,3.365991939241469,True
multicopter,hover_descent,2.7391134185440738,2.682296293580059,0.004161340019947965,3.6337534948354233,True
multicopter,hover_descent,2.7391134185440738,2.6905499065422562,0.004158337007491794,4.384004701651929,True
multicopter,hover_descent,2.7391134185440738,2.702500762209596,0.004154008886108157,5.468149106953755,True
multicopter,hover_descent,2.7391134185440738,2.7157984936599724,0.004149220677176751,6.671458615112305,True
multicopter,hover_descent,2.7391134185440738,2.7278093329276167,0.004144920669049863,7.7556030204141315,True
multicopter,hover_descent,2.7391134185440738,2.7361377442034427,0.0041419527137673265,8.505854227230635,True
multicopter,hover_descent,2.7391134185440738,2.7391134187685244,0.004140894991234609,8.77361578282459,True
