eVTOL_type,mission_segment,velocity_kts,equivalent_airspeed_kts,Mach,time_min,fesibility
multicopter,hover_climb,3.5305470275726414,3.5305470278619446,0.005337356388318008,0.0,True
multicopter,hover_climb,3.5305470275726414,3.526711568212976,0.005338719726951085,0.20773813920895126,True
multicopter,hover_climb,3.5305470275726414,3.5159767634855768,0.0053425452369244165,0.7898074706243906,True
multicopter,hover_climb,3.5305470275726414,3.500495537849592,0.0053480876802596,1.6309220245476121,True
multicopter,hover_climb,3.5305470275726414,3.4833555881389513,0.0053542593841020645,2.564488747981079,True
multicopter,hover_climb,3.5305470275726414,3.467951677637245,0.005359838063678647,3.4056033019043004,True
multicopter,hover_climb,3.5305470275726414,3.4573132832892264,0.005363708760170846,3.9876726333197396,True
multicopter,hover_climb,3.5305470275726414,3.4535207302898283,0.0053650922089340004,4.1954107725286915,True
multicopter,hover_descent,2.7369615372666978,2.6772489739232,0.004159143301324984,4.1954107725286915,True
multicopter,hover_descent,2.7369615372666978,2.6801890485366613,0.004158070819915174,4.463382850291275,True
multicopter,hover_descent,2.7369615372666978,2.6884361773587413,0.004155070166662619,5.21422392711629,True
multicopter,hover_descent,2.7369615372666978,2.7003776442865033,0.004150745445504511,6.299220719277038,True
multicopter,hover_descent,2.7369615372666978,2.713664928875079,0.004145960998249084,7.503476305473676,True
multicopter,hover_descent,2.7369615372666978,2.7256663322792902,0.004141664368261603,8.588473097634424,True
multicopter,hover_descent,2.7369615372666978,2.733988200652521,0.004138698744641334,9.339314174459439,True
multicopter,hover_descent,2.7369615372666978,2.736961537490972,0.004137641853068481,9.607286252222023,True
