eVTOL_type,mission_segment,altitude_ft,air_speed_mph,pitch_angle_deg,range_nmi,time_min,fesibility
multicopter,hover_climb,0.0,4.612712284212925,0.0,0.0,0.0,True
multicopter,hover_climb,74.27334907318564,4.612712284212925,0.0,0.0,0.1829759322439781,True
multicopter,hover_climb,282.3826486059498,4.612712284212925,0.0,0.0,0.6956631015424496,True
multicopter,hover_climb,583.1092995327641,4.612712284212925,0.0,0.0,1.4365175263203511,True
multicopter,hover_climb,916.8907004672358,4.612712284212925,0.0,0.0,2.258803901767167,True
multicopter,hover_climb,1217.61735139405,4.612712284212925,0.0,0.0,2.9996583265450685,True
multicopter,hover_climb,1425.7266509268143,4.612712284212925,0.0,0.0,3.5123454958435403,True
multicopter,hover_climb,1500.0,4.612712284212925,0.0,0.0,3.6953214280875186,True
multicopter,hover_descent,1500.0,3.1445491657430087,0.0,0.0,3.6953214280875186,True
multicopter,hover_descent,1425.7266509268143,3.1445491657430087,0.0,0.0,3.963727258586811,True
multicopter,hover_descent,1217.6173513940503,3.1445491657430087,0.0,0.0,4.715783683572815,True
multicopter,hover_descent,916.890700467236,3.1445491657430087,0.0,0.0,5.8025367047102865,True
multicopter,hover_descent,583.1092995327642,3.1445491657430087,0.0,0.0,7.008741558011803,True
multicopter,hover_descent,282.38264860594995,3.1445491657430087,0.0,0.0,8.095494579149273,True
multicopter,hover_descent,74.27334907318571,3.1445491657430087,0.0,0.0,8.847551004135278,True
multicopter,hover_descent,-0.0,3.1445491657430087,0.0,0.0,9.11595683463457,True
