eVTOL_type,mission_segment,velocity_kts,equivalent_airspeed_kts,Mach,time_min,fesibility
multicopter,hover_climb,3.9468661478770946,3.946866148200512,0.005966732940728252,0.0,True
multicopter,hover_climb,3.9468661478770946,3.942578414392737,0.005968257043100197,0.18582572664444802,True
multicopter,hover_climb,3.9468661478770946,3.9305777705684934,0.005972533653974997,0.7064978424128815,True
multicopter,hover_climb,3.9468661478770946,3.913271011895369,0.005978729657541958,1.4588908491529191,True
multicopter,hover_climb,3.9468661478770946,3.894109933807208,0.00598562912348316,2.2939840843850234,True
multicopter,hover_climb,3.9468661478770946,3.8768896072036245,0.005991865636238465,3.046377091125061,True
multicopter,hover_climb,3.9468661478770946,3.86499674238918,0.005996192761988231,3.5670492068934947,True
multicopter,hover_climb,3.9468661478770946,3.860756974746814,0.005997739345859787,3.7528749335379428,True
multicopter,hover_descent,2.7194028804616392,2.660073396088168,0.0041324608036586285,3.7528749335379428,True
multicopter,hover_descent,2.7194028804616392,2.662994608996627,0.004131395202627936,4.022577255017109,True
multicopter,hover_descent,2.7194028804616392,2.6711888293277974,0.004128413799715561,4.778266367003751,True
multicopter,hover_descent,2.7194028804616392,2.683053687170383,0.004124116823300504,5.8702687729501655,True
multicopter,hover_descent,2.7194028804616392,2.696255728737899,0.004119363070107166,7.082300003828038,True
multicopter,hover_descent,2.7194028804616392,2.708180138541475,0.004115094004647115,8.174302409774452,True
multicopter,hover_descent,2.7194028804616392,2.716448618940943,0.004112147406638515,8.929991521761094,True
multicopter,hover_descent,2.7194028804616392,2.7194028806844748,0.004111097295430003,9.19969384324026,True
