eVTOL_type,mission_segment,altitude_ft,air_speed_mph,pitch_angle_deg,range_nmi,time_min,fesibility
multicopter,hover_climb,0.0,5.3152757578141525,0.0,0.0,0.0,True
multicopter,hover_climb,74.27334907318564,5.3152757578141525,0.0,0.0,0.15879050661412938,True
multicopter,hover_climb,282.3826486059498,5.3152757578141525,0.0,0.0,0.6037116191838262,True
multicopter,hover_climb,583.1092995327641,5.3152757578141525,0.0,0.0,1.246641254765306,True
multicopter,hover_climb,916.8907004672358,5.3152757578141525,0.0,0.0,1.9602393140171308,True
multicopter,hover_climb,1217.61735139405,5.3152757578141525,0.0,0.0,2.6031689495986106,True
multicopter,hover_climb,1425.7266509268143,5.3152757578141525,0.0,0.0,3.0480900621683076,True
multicopter,hover_climb,1500.0,5.3152757578141525,0.0,0.0,3.206880568782437,True
multicopter,hover_descent,1500.0,3.1844680932505787,0.0,0.0,3.206880568782437,True
multicopter,hover_descent,1425.7266509268143,3.1844680932505787,0.0,0.0,3.47192179565671,True
multicopter,hover_descent,1217.6173513940503,3.1844680932505787,0.0,0.0,4.2145508107797465,True
multicopter,hover_descent,916.890700467236,3.1844680932505787,0.0,0.0,5.287680829959256,True
multicopter,hover_descent,583.1092995327642,3.1844680932505787,0.0,0.0,6.4787652918207455,True
multicopter,hover_descent,282.38264860594995,3.1844680932505787,0.0,0.0,7.551895311000254,True
multicopter,hover_descent,74.27334907318571,3.1844680932505787,0.0,0.0,8.294524326123291,True
multicopter,hover_descent,-0.0,3.1844680932505787,0.0,0.0,8.559565552997563,True
