eVTOL_type,mission_segment,velocity_kts,equivalent_airspeed_kts,Mach,time_min,fesibility
multicopter,hover_climb,3.8377990215833813,3.8377990218978617,0.005801849108638507,0.0,True
multicopter,hover_climb,3.8377990215833813,3.8336297747038217,0.005803331094186709,0.19110674263370875,True
multicopter,hover_climb,3.8377990215833813,3.821960754929278,0.00580748952581729,0.7265759363858405,True
multicopter,hover_climb,3.8377990215833813,3.8051322487134738,0.005813514309920951,1.5003513403350905,True
multicopter,hover_climb,3.8377990215833813,3.7865006650762183,0.005820223117021702,2.3591772459967446,True
multicopter,hover_climb,3.8377990215833813,3.7697562024786895,0.005826287290888677,3.1329526499459943,True
multicopter,hover_climb,3.8377990215833813,3.7581919833644313,0.0058304948414735006,3.6684218436981264,True
multicopter,hover_climb,3.8377990215833813,3.7540693768457465,0.005831998687270817,3.859528586331835,True
multicopter,hover_descent,2.841152858829005,2.77916714301189,0.004317474586303448,3.859528586331835,True
multicopter,hover_descent,2.841152858829005,2.782219141105202,0.004316361277408882,4.117673538870545,True
multicopter,hover_descent,2.841152858829005,2.7907802236454353,0.004313246394554019,4.840979622696307,True
multicopter,hover_descent,2.841152858829005,2.803176281258399,0.004308757038852562,5.886187197140454,True
multicopter,hover_descent,2.841152858829005,2.8169693894482233,0.004303790456088213,7.046280083454644,True
multicopter,hover_descent,2.841152858829005,2.829427665214088,0.004299330260938941,8.091487657898792,True
multicopter,hover_descent,2.841152858829005,2.838066332508995,0.004296251741232979,8.814793741724552,True
multicopter,hover_descent,2.841152858829005,2.8411528590618174,0.004295154615653099,9.072938694263263,True
