eVTOL_type,mission_segment,altitude_ft,air_speed_mph,pitch_angle_deg,range_nmi,time_min,fesibility
multicopter,hover_climb,0.0,4.976931769201159,0.0,0.0,0.0,True
multicopter,hover_climb,74.27334907318564,4.976931769201159,0.0,0.0,0.16958547344372804,True
multicopter,hover_climb,282.3826486059498,4.976931769201159,0.0,0.0,0.6447534109300389,True
multicopter,hover_climb,583.1092995327641,4.976931769201159,0.0,0.0,1.331390974887449,True
multicopter,hover_climb,916.8907004672358,4.976931769201159,0.0,0.0,2.0935011747171033,True
multicopter,hover_climb,1217.61735139405,4.976931769201159,0.0,0.0,2.7801387386745136,True
multicopter,hover_climb,1425.7266509268143,4.976931769201159,0.0,0.0,3.2553066761608243,True
multicopter,hover_climb,1500.0,4.976931769201159,0.0,0.0,3.4248921496045526,True
multicopter,hover_descent,1500.0,3.2155900938285114,0.0,0.0,3.4248921496045526,True
multicopter,hover_descent,1425.7266509268143,3.2155900938285114,0.0,0.0,3.6873681822297857,True
multicopter,hover_descent,1217.6173513940503,3.2155900938285114,0.0,0.0,4.422809682786769,True
multicopter,hover_descent,916.890700467236,3.2155900938285114,0.0,0.0,5.4855534424921,True
multicopter,hover_descent,583.1092995327642,3.2155900938285114,0.0,0.0,6.665110026039259,True
multicopter,hover_descent,282.38264860594995,3.2155900938285114,0.0,0.0,7.727853785744588,True
multicopter,hover_descent,74.27334907318571,3.2155900938285114,0.0,0.0,8.463295286301571,True
multicopter,hover_descent,-0.0,3.2155900938285114,0.0,0.0,8.725771318926807,True
