eVTOL_type,mission_segment,altitude_ft,air_speed_mph,pitch_angle_deg,range_nmi,time_min,fesibility
multicopter,hover_climb,0.0,4.908833705532737,0.0,0.0,0.0,True
multicopter,hover_climb,74.27334907318564,4.908833705532737,0.0,0.0,0.17193805718572658,True
multicopter,hover_climb,282.3826486059498,4.908833705532737,0.0,0.0,0.6536977878353841,True
multicopter,hover_climb,583.1092995327641,4.908833705532737,0.0,0.0,1.34986076889845,True
multicopter,hover_climb,916.8907004672358,4.908833705532737,0.0,0.0,2.1225433840967205,True
multicopter,hover_climb,1217.61735139405,4.908833705532737,0.0,0.0,2.8187063651597866,True
multicopter,hover_climb,1425.7266509268143,4.908833705532737,0.0,0.0,3.300466095809444,True
multicopter,hover_climb,1500.0,4.908833705532737,0.0,0.0,3.472404152995171,True
multicopter,hover_descent,1500.0,3.114659780484603,0.0,0.0,3.472404152995171,True
multicopter,hover_descent,1425.7266509268143,3.114659780484603,0.0,0.0,3.7433857014986134,True
multicopter,hover_descent,1217.6173513940503,3.114659780484603,0.0,0.0,4.502659127957237,True
multicopter,hover_descent,916.890700467236,3.114659780484603,0.0,0.0,5.59984101838343,True
multicopter,hover_descent,583.1092995327642,3.114659780484603,0.0,0.0,6.817621043325452,True
multicopter,hover_descent,282.38264860594995,3.114659780484603,0.0,0.0,7.914802933751645,True
multicopter,hover_descent,74.27334907318571,3.114659780484603,0.0,0.0,8.67407636021027,True
multicopter,hover_descent,-0.0,3.114659780484603,0.0,0.0,8.945057908713713,True
