eVTOL_type,mission_segment,velocity_kts,equivalent_airspeed_kts,Mach,time_min,fesibility
multicopter,hover_climb,3.489831003095138,3.4898310033811053,0.005275803339553968,0.0,True
multicopter,hover_climb,3.489831003095138,3.4860397761606325,0.00527715095548778,0.2101618299703208,True
multicopter,hover_climb,3.489831003095138,3.4754287705410283,0.005280932347777224,0.7990221919899628,True
multicopter,hover_climb,3.489831003095138,3.4601260820997086,0.005286410872898959,1.6499500694625335,True
multicopter,hover_climb,3.489831003095138,3.443183798814841,0.005292511401582799,2.594408760309032,True
multicopter,hover_climb,3.489831003095138,3.4279575338712136,0.005298025745051571,3.445336637781602,True
multicopter,hover_climb,3.489831003095138,3.4174418267785387,0.0053018518027464715,4.034196999801244,True
multicopter,hover_climb,3.489831003095138,3.4136930113868114,0.0053032192968903375,4.244358829771565,True
multicopter,hover_descent,2.775421921606454,2.714870264214745,0.004217588496010778,4.244358829771565,True
multicopter,hover_descent,2.775421921606454,2.7178516534020805,0.004216500943856766,4.508617486874452,True
multicopter,hover_descent,2.775421921606454,2.7262146726887786,0.004213458124766002,5.249053790224141,True
multicopter,hover_descent,2.775421921606454,2.738323943731202,0.004209072631676817,6.319015249086899,True
multicopter,hover_descent,2.775421921606454,2.7517979441596427,0.004204220952318274,7.5065828743188066,True
multicopter,hover_descent,2.775421921606454,2.763967993919039,0.004199863945143013,8.576544333181564,True
multicopter,hover_descent,2.775421921606454,2.772406803013468,0.004196856647928618,9.316980636531252,True
multicopter,hover_descent,2.775421921606454,2.7754219218338805,0.004195784904683375,9.58123929363414,True
