eVTOL_type,mission_segment,velocity_kts,equivalent_airspeed_kts,Mach,time_min,fesibility
multicopter,hover_climb,4.872978701353493,4.872978701752799,0.007366797212637191,0.0,True
multicopter,hover_climb,4.872978701353493,4.867684872486864,0.00736867893806666,0.1505094347516686,True
multicopter,hover_climb,4.872978701353493,4.852868337147928,0.007373959034458599,0.572227499577025,True
multicopter,hover_climb,4.872978701353493,4.831500633444837,0.0073816088995120556,1.1816277597047573,True
multicopter,hover_climb,4.872978701353493,4.8078435034788765,0.007390127290894614,1.858011019812846,True
multicopter,hover_climb,4.872978701353493,4.786582512701485,0.007397827170416414,2.467411279940578,True
multicopter,hover_climb,4.872978701353493,4.771899046182095,0.007403169634748028,2.8891293447659345,True
multicopter,hover_climb,4.872978701353493,4.766664438104227,0.0074050791168494175,3.0396387795176034,True
multicopter,hover_descent,2.6770746448935885,2.6186686398650623,0.004068137942331326,3.0396387795176034,True
multicopter,hover_descent,2.6770746448935885,2.6215443833107135,0.004067088927666623,3.313605465988831,True
multicopter,hover_descent,2.6770746448935885,2.6296110584035643,0.00406415393109062,4.081243063165976,True
multicopter,hover_descent,2.6770746448935885,2.6412912365499746,0.004059923838266527,5.1905115304708005,True
multicopter,hover_descent,2.6770746448935885,2.654287784797812,0.004055244078517282,6.421706643668614,True
multicopter,hover_descent,2.6770746448935885,2.666026587962959,0.004051041462206692,7.530975110973437,True
multicopter,hover_descent,2.6770746448935885,2.674166367246218,0.004048140728786796,8.298612708150582,True
multicopter,hover_descent,2.6770746448935885,2.6770746451129552,0.004047106962841034,8.572579394621812,True
