eVTOL_type,mission_segment,velocity_kts,equivalent_airspeed_kts,Mach,time_min,fesibility
multicopter,hover_climb,3.6558054295503157,3.655805429849883,0.005526717619528032,0.0,True
multicopter,hover_climb,3.6558054295503157,3.651833893966063,0.005528129327328039,0.20062043345338823,True
multicopter,hover_climb,3.6558054295503157,3.6407182348058527,0.005532090560536968,0.7627463965199601,True
multicopter,hover_climb,3.6558054295503157,3.62468775899173,0.005537829641274174,1.5750419481918645,True
multicopter,hover_climb,3.6558054295503157,3.6069397101128966,0.005544220307717829,2.476621992309306,True
multicopter,hover_climb,3.6558054295503157,3.590989292455619,0.005549996910302787,3.2889175439812104,True
multicopter,hover_climb,3.6558054295503157,3.579973464167411,0.005554004933179076,3.8510435070477826,True
multicopter,hover_climb,3.6558054295503157,3.5760463571953816,0.0055554374645857794,4.051663940501171,True
multicopter,hover_descent,2.7355451951451055,2.6758635322791995,0.004156990998573485,4.051663940501171,True
multicopter,hover_descent,2.7355451951451055,2.6788020854421553,0.004155919072158905,4.319774762138951,True
multicopter,hover_descent,2.7355451951451055,2.687044946481961,0.004152919971705516,5.071004590663486,True
multicopter,hover_descent,2.7355451951451055,2.698980233855362,0.004148597488534554,6.156563145306264,True
multicopter,hover_descent,2.7355451951451055,2.712260642446381,0.0041438155171685705,7.361442240818309,True
multicopter,hover_descent,2.7355451951451055,2.7242558352798816,0.004139521110631419,8.447000795461088,True
multicopter,hover_descent,2.7355451951451055,2.732573397194089,0.004136557021682937,9.198230623985621,True
multicopter,hover_descent,2.7355451951451055,2.735545195369264,0.004135500677037774,9.466341445623403,True
