eVTOL_type,mission_segment,altitude_ft,air_speed_mph,pitch_angle_deg,range_nmi,time_min,fesibility
multicopter,hover_climb,0.0,4.198870376537324,0.0,0.0,0.0,True
multicopter,hover_climb,74.27334907318564,4.198870376537324,0.0,0.0,0.20101009430854172,True
multicopter,hover_climb,282.3826486059498,4.198870376537324,0.0,0.0,0.7642278628293342,True
multicopter,hover_climb,583.1092995327641,4.198870376537324,0.0,0.0,1.578101119094203,True
multicopter,hover_climb,916.8907004672358,4.198870376537324,0.0,0.0,2.481432283199439,True
multicopter,hover_climb,1217.61735139405,4.198870376537324,0.0,0.0,3.2953055394643074,True
multicopter,hover_climb,1425.7266509268143,4.198870376537324,0.0,0.0,3.8585233079851,True
multicopter,hover_climb,1500.0,4.198870376537324,0.0,0.0,4.059533402293642,True
multicopter,hover_descent,1500.0,3.1753723896646884,0.0,0.0,4.059533402293642,True
multicopter,hover_descent,1425.7266509268143,3.1753723896646884,0.0,0.0,4.325333827190023,True
multicopter,hover_descent,1217.6173513940503,3.1753723896646884,0.0,0.0,5.070090067900151,True
multicopter,hover_descent,916.890700467236,3.1753723896646884,0.0,0.0,6.146294017115503,True
multicopter,hover_descent,583.1092995327642,3.1753723896646884,0.0,0.0,7.34079028391871,True
multicopter,hover_descent,282.38264860594995,3.1753723896646884,0.0,0.0,8.416994233134062,True
multicopter,hover_descent,74.27334907318571,3.1753723896646884,0.0,0.0,9.161750473844192,True
multicopter,hover_descent,-0.0,3.1753723896646884,0.0,0.0,9.427550898740572,True
