eVTOL_type,mission_segment,altitude_ft,air_speed_mph,pitch_angle_deg,range_nmi,time_min,fesibility
multicopter,hover_climb,0.0,5.5549368342218814,0.0,0.0,0.0,True
multicopter,hover_climb,74.27334907318564,5.5549368342218814,0.0,0.0,0.15193968096584787,True
multicopter,hover_climb,282.3826486059498,5.5549368342218814,0.0,0.0,0.5776652066302053,True
multicopter,hover_climb,583.1092995327641,5.5549368342218814,0.0,0.0,1.192856415454314,True
multicopter,hover_climb,916.8907004672358,5.5549368342218814,0.0,0.0,1.8756671437055126,True
multicopter,hover_climb,1217.61735139405,5.5549368342218814,0.0,0.0,2.4908583525296213,True
multicopter,hover_climb,1425.7266509268143,5.5549368342218814,0.0,0.0,2.9165838781939786,True
multicopter,hover_climb,1500.0,5.5549368342218814,0.0,0.0,3.0685235591598268,True
multicopter,hover_descent,1500.0,3.089413910757843,0.0,0.0,3.0685235591598268,True
multicopter,hover_descent,1425.7266509268143,3.089413910757843,0.0,0.0,3.34171949688708,True
multicopter,hover_descent,1217.6173513940503,3.089413910757843,0.0,0.0,4.1071975040736595,True
multicopter,hover_descent,916.890700467236,3.089413910757843,0.0,0.0,5.213345273424592,True
multicopter,hover_descent,583.1092995327642,3.089413910757843,0.0,0.0,6.441076673207802,True
multicopter,hover_descent,282.38264860594995,3.089413910757843,0.0,0.0,7.5472244425587345,True
multicopter,hover_descent,74.27334907318571,3.089413910757843,0.0,0.0,8.312702449745315,True
multicopter,hover_descent,-0.0,3.089413910757843,0.0,0.0,8.585898387472566,True
