eVTOL_type,mission_segment,altitude_ft,air_speed_mph,pitch_angle_deg,range_nmi,time_min,fesibility
multicopter,hover_climb,0.0,4.47906217600761,0.0,0.0,0.0,False
multicopter,hover_climb,74.27334907318564,4.47906217600761,0.0,0.0,0.18843572542889295,False
multicopter,hover_climb,282.3826486059498,4.47906217600761,0.0,0.0,0.7164208952818674,False
multicopter,hover_climb,583.1092995327641,4.47906217600761,0.0,0.0,1.4793815713563765,False
multicopter,hover_climb,916.8907004672358,4.47906217600761,0.0,0.0,2.326204034657231,False
multicopter,hover_climb,1217.61735139405,4.47906217600761,0.0,0.0,3.0891647107317395,False
multicopter,hover_climb,1425.7266509268143,4.47906217600761,0.0,0.0,3.6171498805847144,False
multicopter,hover_climb,1500.0,4.47906217600761,0.0,0.0,3.8055856060136075,False
multicopter,hover_descent,1500.0,3.1527293961277136,0.0,0.0,3.8055856060136075,True
multicopter,hover_descent,1425.7266509268143,3.1527293961277136,0.0,0.0,4.073295017234805,True
multicopter,hover_descent,1217.6173513940503,3.1527293961277136,0.0,0.0,4.823400118765572,True
multicopter,hover_descent,916.890700467236,3.1527293961277136,0.0,0.0,5.907333395812382,True
multicopter,hover_descent,583.1092995327642,3.1527293961277136,0.0,0.0,7.110408569286865,True
multicopter,hover_descent,282.38264860594995,3.1527293961277136,0.0,0.0,8.194341846333677,True
multicopter,hover_descent,74.27334907318571,3.1527293961277136,0.0,0.0,8.944446947864444,True
multicopter,hover_descent,-0.0,3.1527293961277136,0.0,0.0,9.212156359085641,True
