eVTOL_type,mission_segment,altitude_ft,air_speed_mph,pitch_angle_deg,range_nmi,time_min,fesibility
multicopter,hover_climb,0.0,5.449530630134474,0.0,0.0,0.0,True
multicopter,hover_climb,74.27334907318564,5.449530630134474,0.0,0.0,0.15487853682479122,True
multicopter,hover_climb,282.3826486059498,5.449530630134474,0.0,0.0,0.5888385536204129,True
multicopter,hover_climb,583.1092995327641,5.449530630134474,0.0,0.0,1.2159289468901542,True
multicopter,hover_climb,916.8907004672358,5.449530630134474,0.0,0.0,1.9119467734879754,True
multicopter,hover_climb,1217.61735139405,5.449530630134474,0.0,0.0,2.539037166757716,True
multicopter,hover_climb,1425.7266509268143,5.449530630134474,0.0,0.0,2.972997183553338,True
multicopter,hover_climb,1500.0,5.449530630134474,0.0,0.0,3.1278757203781296,True
multicopter,hover_descent,1500.0,3.0832374013995034,0.0,0.0,3.1278757203781296,True
multicopter,hover_descent,1425.7266509268143,3.0832374013995034,0.0,0.0,3.401618939111142,True
multicopter,hover_descent,1217.6173513940503,3.0832374013995034,0.0,0.0,4.168630393599848,True
multicopter,hover_descent,916.890700467236,3.0832374013995034,0.0,0.0,5.27699405850459,True
multicopter,hover_descent,583.1092995327642,3.0832374013995034,0.0,0.0,6.507184916802688,True
multicopter,hover_descent,282.38264860594995,3.0832374013995034,0.0,0.0,7.615548581707429,True
multicopter,hover_descent,74.27334907318571,3.0832374013995034,0.0,0.0,8.382560036196136,True
multicopter,hover_descent,-0.0,3.0832374013995034,0.0,0.0,8.65630325492915,True
