eVTOL_type,mission_segment,altitude_ft,air_speed_mph,pitch_angle_deg,range_nmi,time_min,fesibility
multicopter,hover_climb,0.0,4.9324326886225816,0.0,0.0,0.0,True
multicopter,hover_climb,74.27334907318564,4.9324326886225816,0.0,0.0,0.17111542795585666,True
multicopter,hover_climb,282.3826486059498,4.9324326886225816,0.0,0.0,0.6505702027237655,True
multicopter,hover_climb,583.1092995327641,4.9324326886225816,0.0,0.0,1.3434024260340136,True
multicopter,hover_climb,916.8907004672358,4.9324326886225816,0.0,0.0,2.112388179030405,True
multicopter,hover_climb,1217.61735139405,4.9324326886225816,0.0,0.0,2.8052204023406526,True
multicopter,hover_climb,1425.7266509268143,4.9324326886225816,0.0,0.0,3.2846751771085616,True
multicopter,hover_climb,1500.0,4.9324326886225816,0.0,0.0,3.4557906050644185,True
multicopter,hover_descent,1500.0,3.2912899803713485,0.0,0.0,3.4557906050644185,True
multicopter,hover_descent,1425.7266509268143,3.2912899803713485,0.0,0.0,3.712229671634263,True
multicopter,hover_descent,1217.6173513940503,3.2912899803713485,0.0,0.0,4.430755969190879,True
multicopter,hover_descent,916.890700467236,3.2912899803713485,0.0,0.0,5.469056552356436,True
multicopter,hover_descent,583.1092995327642,3.2912899803713485,0.0,0.0,6.621483256714008,True
multicopter,hover_descent,282.38264860594995,3.2912899803713485,0.0,0.0,7.659783839879566,True
multicopter,hover_descent,74.27334907318571,3.2912899803713485,0.0,0.0,8.378310137436182,True
multicopter,hover_descent,-0.0,3.2912899803713485,0.0,0.0,8.634749204006026,True
