eVTOL_type,mission_segment,altitude_ft,air_speed_mph,pitch_angle_deg,range_nmi,time_min,fesibility
multicopter,hover_climb,0.0,5.390465480682147,0.0,0.0,0.0,True
multicopter,hover_climb,74.27334907318564,5.390465480682147,0.0,0.0,0.15657559322136724,True
multicopter,hover_climb,282.3826486059498,5.390465480682147,0.0,0.0,0.5952906563743444,True
multicopter,hover_climb,583.1092995327641,5.390465480682147,0.0,0.0,1.2292522907143295,True
multicopter,hover_climb,916.8907004672358,5.390465480682147,0.0,0.0,1.9328966195310797,True
multicopter,hover_climb,1217.61735139405,5.390465480682147,0.0,0.0,2.5668582538710645,True
multicopter,hover_climb,1425.7266509268143,5.390465480682147,0.0,0.0,3.005573317024042,True
multicopter,hover_climb,1500.0,5.390465480682147,0.0,0.0,3.1621489102454094,True
multicopter,hover_descent,1500.0,3.2582555994530304,0.0,0.0,3.1621489102454094,True
multicopter,hover_descent,1425.7266509268143,3.2582555994530304,0.0,0.0,3.421187928092504,True
multicopter,hover_descent,1217.6173513940503,3.2582555994530304,0.0,0.0,4.146999127244102,True
multicopter,hover_descent,916.890700467236,3.2582555994530304,0.0,0.0,5.195826698218031,True
multicopter,hover_descent,583.1092995327642,3.2582555994530304,0.0,0.0,6.359937477556885,True
multicopter,hover_descent,282.38264860594995,3.2582555994530304,0.0,0.0,7.408765048530814,True
multicopter,hover_descent,74.27334907318571,3.2582555994530304,0.0,0.0,8.134576247682412,True
multicopter,hover_descent,-0.0,3.2582555994530304,0.0,0.0,8.393615265529508,True
