eVTOL_type,mission_segment,velocity_kts,equivalent_airspeed_kts,Mach,time_min,fesibility
multicopter,hover_climb,4.849414910668598,4.849414911065973,0.007331174305545797,0.0,True
multicopter,hover_climb,4.849414910668598,4.844146680656997,0.007333046931698034,0.15124077510548903,True
multicopter,hover_climb,4.849414910668598,4.829401792201579,0.007338301495639742,0.5750080100659316,True
multicopter,hover_climb,4.849414910668598,4.808137414231748,0.007345914368982391,1.1873694068333398,True
multicopter,hover_climb,4.849414910668598,4.7845946807556725,0.007354391568805574,1.8670392806582483,True
multicopter,hover_climb,4.849414910668598,4.763436499690192,0.007362054214766452,2.4794006774256565,True
multicopter,hover_climb,4.849414910668598,4.74882403658633,0.0073673708450612335,2.903167912386099,True
multicopter,hover_climb,4.849414910668598,4.743614740995265,0.007369271093665144,3.054408687491588,True
multicopter,hover_descent,2.9273977466989427,2.863530417545336,0.004448534099845608,3.054408687491588,True
multicopter,hover_descent,2.9273977466989427,2.866675060859239,0.004447386995796206,3.3049483590222777,True
multicopter,hover_descent,2.9273977466989427,2.8754960201609188,0.004444177558816348,4.006944919000267,True
multicopter,hover_descent,2.9273977466989427,2.8882683674886493,0.004439551926047686,5.021359339299099,True
multicopter,hover_descent,2.9273977466989427,2.9024801736959045,0.004434434579704294,6.147274403002168,True
multicopter,hover_descent,2.9273977466989427,2.9153166278456397,0.004429838992673754,7.161688823301,True
multicopter,hover_descent,2.9273977466989427,2.9242175270334485,0.004426667022667846,7.86368538327899,True
multicopter,hover_descent,2.9273977466989427,2.9273977469388224,0.004425536593187291,8.11422505480968,True
