eVTOL_type,mission_segment,velocity_kts,equivalent_airspeed_kts,Mach,time_min,fesibility
multicopter,hover_climb,4.333335884893028,4.333335885248115,0.006550984248994145,0.0,True
multicopter,hover_climb,4.333335884893028,4.328628304580832,0.006552657588614276,0.1692528087782283,True
multicopter,hover_climb,4.333335884893028,4.315452580201785,0.006557352957211831,0.6434886405849065,True
multicopter,hover_climb,4.333335884893028,4.296451176151189,0.00656415566183714,1.3287792728099284,True
multicopter,hover_climb,4.333335884893028,4.275413881203316,0.006571730710554129,2.089394491203072,True
multicopter,hover_climb,4.333335884893028,4.256507372488542,0.006578577890951593,2.7746851234280934,True
multicopter,hover_climb,4.333335884893028,4.243449980637963,0.006583328720746009,3.248920955234772,True
multicopter,hover_climb,4.333335884893028,4.23879506289312,0.006585026743212066,3.4181737640130003,True
multicopter,hover_descent,2.8946050894853252,2.8314532010108833,0.004398701700403535,3.4181737640130003,True
multicopter,hover_descent,2.8946050894853252,2.834562618086613,0.004397567446193184,3.6715517714523647,True
multicopter,hover_descent,2.8946050894853252,2.8432847651599236,0.004394393961268985,4.3815011719197585,True
multicopter,hover_descent,2.8946050894853252,2.855914036881272,0.004389820144755888,5.407407779694612,True
multicopter,hover_descent,2.8946050894853252,2.869966642689515,0.00438476012283473,6.54607820918826,True
multicopter,hover_descent,2.8946050894853252,2.882659303109394,0.004380216015487932,7.5719848169631145,True
multicopter,hover_descent,2.8946050894853252,2.891460494583658,0.004377079577833313,8.281934217430509,True
multicopter,hover_descent,2.8946050894853252,2.8946050897225177,0.004375961811403585,8.535312224869873,True
