segment_type,climb_rate,descend_rate,start_altitude,end_altitude,climb_angle,descent_angle,speed,time_required
hover_climb,2.0547999375844124,,0.0,15.24,,,,
second_climb,2.54,,15.24,91.44,,,38.684864846260886,
departure_terminal_procedures,,,91.44,91.44,,,35.17141219483651,49.131219835573525
accel_climb,2.54,,91.44,457.20000000000005,,,42.395452060643166,
cruise_0,,,457.20000000000005,457.20000000000005,,,49.1744,812.7765444976919
decel_descend,,2.54,457.20000000000005,91.44,,,37.79992569530361,
arrival_terminal_procedure,,,91.44,91.44,,,34.88156628307296,46.39771348891223
second_descent,,2.54,91.44,15.24,,,37.476199642222106,
hover_descent,,1.2511239338847897,15.24,0.0,,,,
