eVTOL_type,mission_segment,velocity_kts,equivalent_airspeed_kts,Mach,time_min,fesibility
multicopter,hover_climb,3.8356583988639206,3.8356583991782256,0.0057986129907628735,0.0,True
multicopter,hover_climb,3.8356583988639206,3.831491477479923,0.00580009414969876,0.1912133964053911,True
multicopter,hover_climb,3.8356583988639206,3.8198289663757663,0.005804250261866238,0.7269814273850657,True
multicopter,hover_climb,3.8356583988639206,3.8030098466553306,0.0058102716855047845,1.5011886636398057,True
multicopter,hover_climb,3.8356583988639206,3.784388655222307,0.005816976750610495,2.360493867000719,True
multicopter,hover_climb,3.8356583988639206,3.7676535322428406,0.005823037542041788,3.134701103255459,True
multicopter,hover_climb,3.8356583988639206,3.7560957633439345,0.005827242745766256,3.670469134235134,True
multicopter,hover_climb,3.8356583988639206,3.7519754563060532,0.005828745752758189,3.861682530640525,True
multicopter,hover_descent,2.7088258460434687,2.649727121886786,0.004116387723621066,3.861682530640525,True
multicopter,hover_descent,2.7088258460434687,2.652636972826889,0.004115326267213024,4.1324379470394375,True
multicopter,hover_descent,2.7088258460434687,2.6607993219884376,0.004112356460376187,4.891077765421101,True
multicopter,hover_descent,2.7088258460434687,2.672618031828949,0.004108076196919612,5.987344065648237,True
multicopter,hover_descent,2.7088258460434687,2.6857687244591473,0.004103340933304079,7.2041078621370085,True
multicopter,hover_descent,2.7088258460434687,2.697646754635117,0.004099088472243703,8.300374162364145,True
multicopter,hover_descent,2.7088258460434687,2.705883075032696,0.004096153334938031,9.05901398074581,True
multicopter,hover_descent,2.7088258460434687,2.7088258462654378,0.0040951073081049805,9.329769397144721,True
