eVTOL_type,mission_segment,velocity_kts,equivalent_airspeed_kts,Mach,time_min,fesibility
multicopter,hover_climb,3.847169677601547,3.847169677916795,0.005816015335676608,0.0,False
multicopter,hover_climb,3.847169677601547,3.842990250778185,0.005817500939751137,0.19064125873306387,False
multicopter,hover_climb,3.847169677601547,3.8312927390555847,0.005821669524918202,0.7248061955785693,False
multicopter,hover_climb,3.847169677601547,3.814423143105232,0.005827709019583595,1.49669689369123,False
multicopter,hover_climb,3.847169677601547,3.7957460672052608,0.005834434207407588,2.3534309336916683,False
multicopter,hover_climb,3.847169677601547,3.778960720080344,0.005840513188013275,3.1253216318043284,False
multicopter,hover_climb,3.847169677601547,3.7673682649071285,0.0058447310120670806,3.659486568649834,False
multicopter,hover_climb,3.847169677601547,3.7632355923252216,0.005846238529766337,3.8501278273828983,False
multicopter,hover_descent,2.7174281049047155,2.658141704406895,0.004129459893920817,3.8501278273828983,True
multicopter,hover_descent,2.7174281049047155,2.661060795989423,0.004128395066708113,4.120026143578959,True
multicopter,hover_descent,2.7174281049047155,2.6692490658429593,0.004125415828830438,4.876264420558886,True
multicopter,hover_descent,2.7174281049047155,2.6811053076649385,0.004121121972793039,5.969060392912991,True
multicopter,hover_descent,2.7174281049047155,2.694297762175981,0.004116371671679449,7.181972416053462,True
multicopter,hover_descent,2.7174281049047155,2.7062135127135174,0.0041121057063286835,8.274768388407566,True
multicopter,hover_descent,2.7174281049047155,2.7144759887091863,0.004109161248080163,9.031006665387492,True
multicopter,hover_descent,2.7174281049047155,2.7174281051273894,0.004108111899441244,9.300904981583555,True
