eVTOL_type,mission_segment,velocity_kts,equivalent_airspeed_kts,Mach,time_min,fesibility
multicopter,hover_climb,3.946867739426468,3.9468677397498864,0.005966735346776423,0.0,True
multicopter,hover_climb,3.946867739426468,3.9425800042131085,0.005968259449762952,0.18582565171140275,True
multicopter,hover_climb,3.946867739426468,3.930579355549679,0.005972536062362269,0.7064975575221091,True
multicopter,hover_climb,3.946867739426468,3.913272589897711,0.00597873206842773,1.4588902608644407,True
multicopter,hover_climb,3.946867739426468,3.8941115040829644,0.005985631537151099,2.2939831593504967,True
multicopter,hover_climb,3.946867739426468,3.8768911705353912,0.005991868052421239,3.0463758626928277,True
multicopter,hover_climb,3.946867739426468,3.864998300925222,0.005996195179915892,3.5670477685035347,True
multicopter,hover_climb,3.946867739426468,3.8607585315731954,0.005997741764411099,3.7528734202149376,True
multicopter,hover_descent,2.8232444879126875,2.761649480813309,0.0042902606558480605,3.7528734202149376,True
multicopter,hover_descent,2.8232444879126875,2.76468224153482,0.004289154364368474,4.012655834751725,True
multicopter,hover_descent,2.8232444879126875,2.773189361810721,0.0042860591152610004,4.740549985140846,True
multicopter,hover_descent,2.8232444879126875,2.7855072845225846,0.004281598056892024,5.792387507861817,True
multicopter,hover_descent,2.8232444879126875,2.7992134519141394,0.004276662779520504,6.9598390815990925,True
multicopter,hover_descent,2.8232444879126875,2.8115932006050883,0.0042722306978987545,8.011676604320064,True
multicopter,hover_descent,2.8232444879126875,2.8201774166029945,0.004269171582735774,8.739570754709185,True
multicopter,hover_descent,2.8232444879126875,2.823244488144032,0.0042680813725641115,8.999353169245973,True
