eVTOL_type,mission_segment,altitude_ft,air_speed_mph,pitch_angle_deg,range_nmi,time_min,fesibility
multicopter,hover_climb,0.0,4.455133224655598,0.0,0.0,0.0,False
multicopter,hover_climb,74.27334907318564,4.455133224655598,0.0,0.0,0.18944783193152567,False
multicopter,hover_climb,282.3826486059498,4.455133224655598,0.0,0.0,0.7202688611868803,False
multicopter,hover_climb,583.1092995327641,4.455133224655598,0.0,0.0,1.487327472829342,False
multicopter,hover_climb,916.8907004672358,4.455133224655598,0.0,0.0,2.3386983014666076,False
multicopter,hover_climb,1217.61735139405,4.455133224655598,0.0,0.0,3.105756913109069,False
multicopter,hover_climb,1425.7266509268143,4.455133224655598,0.0,0.0,3.636577942364424,False
multicopter,hover_climb,1500.0,4.455133224655598,0.0,0.0,3.82602577429595,False
multicopter,hover_descent,1500.0,3.3398326942973333,0.0,0.0,3.82602577429595,True
multicopter,hover_descent,1425.7266509268143,3.3398326942973333,0.0,0.0,4.0787376337307775,True
multicopter,hover_descent,1217.6173513940503,3.3398326942973333,0.0,0.0,4.78682052896663,True
multicopter,hover_descent,916.890700467236,3.3398326942973333,0.0,0.0,5.810029958535227,True
multicopter,hover_descent,583.1092995327642,3.3398326942973333,0.0,0.0,6.945706746070374,True
multicopter,hover_descent,282.38264860594995,3.3398326942973333,0.0,0.0,7.968916175638972,True
multicopter,hover_descent,74.27334907318571,3.3398326942973333,0.0,0.0,8.676999070874823,True
multicopter,hover_descent,-0.0,3.3398326942973333,0.0,0.0,8.929710930309652,True
