eVTOL_type,mission_segment,altitude_ft,air_speed_mph,pitch_angle_deg,range_nmi,time_min,fesibility
multicopter,hover_climb,0.0,4.167864027216812,0.0,0.0,0.0,True
multicopter,hover_climb,74.27334907318564,4.167864027216812,0.0,0.0,0.20250548599127902,True
multicopter,hover_climb,282.3826486059498,4.167864027216812,0.0,0.0,0.7699132488977418,True
multicopter,hover_climb,583.1092995327641,4.167864027216812,0.0,0.0,1.5898412224762228,True
multicopter,hover_climb,916.8907004672358,4.167864027216812,0.0,0.0,2.499892615802817,True
multicopter,hover_climb,1217.61735139405,4.167864027216812,0.0,0.0,3.319820589381298,True
multicopter,hover_climb,1425.7266509268143,4.167864027216812,0.0,0.0,3.8872283522877615,True
multicopter,hover_climb,1500.0,4.167864027216812,0.0,0.0,4.089733838279041,True
multicopter,hover_descent,1500.0,3.2718106026438876,0.0,0.0,4.089733838279041,True
multicopter,hover_descent,1425.7266509268143,3.2718106026438876,0.0,0.0,4.347699666036636,True
multicopter,hover_descent,1217.6173513940503,3.2718106026438876,0.0,0.0,5.070503853378777,True
multicopter,hover_descent,916.890700467236,3.2718106026438876,0.0,0.0,6.114986166390732,True
multicopter,hover_descent,583.1092995327642,3.2718106026438876,0.0,0.0,7.274274073245555,True
multicopter,hover_descent,282.38264860594995,3.2718106026438876,0.0,0.0,8.31875638625751,True
multicopter,hover_descent,74.27334907318571,3.2718106026438876,0.0,0.0,9.041560573599648,True
multicopter,hover_descent,-0.0,3.2718106026438876,0.0,0.0,9.299526401357246,True
