eVTOL_type,mission_segment,altitude_ft,air_speed_mph,pitch_angle_deg,range_nmi,time_min,fesibility
multicopter,hover_climb,0.0,4.64155641433425,0.0,0.0,0.0,True
multicopter,hover_climb,74.27334907318564,4.64155641433425,0.0,0.0,0.1818388607258087,True
multicopter,hover_climb,282.3826486059498,4.64155641433425,0.0,0.0,0.6913400264292124,True
multicopter,hover_climb,583.1092995327641,4.64155641433425,0.0,0.0,1.4275905426209208,True
multicopter,hover_climb,916.8907004672358,4.64155641433425,0.0,0.0,2.2447669650491475,True
multicopter,hover_climb,1217.61735139405,4.64155641433425,0.0,0.0,2.981017481240856,True
multicopter,hover_climb,1425.7266509268143,4.64155641433425,0.0,0.0,3.4905186469442597,True
multicopter,hover_climb,1500.0,4.64155641433425,0.0,0.0,3.672357507670069,True
multicopter,hover_descent,1500.0,3.1670750543356916,0.0,0.0,3.672357507670069,True
multicopter,hover_descent,1425.7266509268143,3.1670750543356916,0.0,0.0,3.9388542959989916,True
multicopter,hover_descent,1217.6173513940503,3.1670750543356916,0.0,0.0,4.6855617036885935,True
multicopter,hover_descent,916.890700467236,3.1670750543356916,0.0,0.0,5.764585170880575,True
multicopter,hover_descent,583.1092995327642,3.1670750543356916,0.0,0.0,6.962210866543175,True
multicopter,hover_descent,282.38264860594995,3.1670750543356916,0.0,0.0,8.041234333735154,True
multicopter,hover_descent,74.27334907318571,3.1670750543356916,0.0,0.0,8.787941741424758,True
multicopter,hover_descent,-0.0,3.1670750543356916,0.0,0.0,9.05443852975368,True
