eVTOL_type,mission_segment,velocity_kts,equivalent_airspeed_kts,Mach,time_min,fesibility
multicopter,hover_climb,3.8617369707832423,3.8617369710996843,0.005838037655367186,0.0,True
multicopter,hover_climb,3.8617369707832423,3.857541718576295,0.005839528884675827,0.1899221193588644,True
multicopter,hover_climb,3.8617369707832423,3.845799914270564,0.005843713254174587,0.7220720724544971,True
multicopter,hover_climb,3.8617369707832423,3.828866441660054,0.005849775617363293,1.4910510346854282,True
multicopter,hover_climb,3.8617369707832423,3.8101186450840503,0.005856526270085105,2.344553291673754,True
multicopter,hover_climb,3.8617369707832423,3.7932697403068287,0.005862628268727466,3.113532253904685,True
multicopter,hover_climb,3.8617369707832423,3.7816333903467036,0.005866862063555823,3.645682207000318,True
multicopter,hover_climb,3.8617369707832423,3.7774850694159667,0.005868375289465047,3.8356043263591824,True
multicopter,hover_descent,2.812958896540653,2.7515882912160037,0.00427463045868501,3.8356043263591824,True
multicopter,hover_descent,2.812958896540653,2.754610003040529,0.004273528197625795,4.096336635956595,True
multicopter,hover_descent,2.812958896540653,2.763086130335381,0.004270444225071822,4.826892333161137,True
multicopter,hover_descent,2.812958896540653,2.775359176622228,0.004265999419147035,5.8825759024638,True
multicopter,hover_descent,2.812958896540653,2.7890154099617837,0.00426108212188548,7.05429626585487,True
multicopter,hover_descent,2.812958896540653,2.801350056984468,0.004256666187140377,8.109979835157533,True
multicopter,hover_descent,2.812958896540653,2.8099029991276367,0.004253618216888388,8.840535532362075,True
multicopter,hover_descent,2.812958896540653,2.8129588967711547,0.0042525319785499775,9.101267841959489,True
