eVTOL_type,mission_segment,altitude_ft,air_speed_mph,pitch_angle_deg,range_nmi,time_min,fesibility
multicopter,hover_climb,0.0,5.193196782494491,0.0,0.0,0.0,True
multicopter,hover_climb,74.27334907318564,5.193196782494491,0.0,0.0,0.16252327145047962,True
multicopter,hover_climb,282.3826486059498,5.193196782494491,0.0,0.0,0.6179033586740317,True
multicopter,hover_climb,583.1092995327641,5.193196782494491,0.0,0.0,1.2759466505257693,True
multicopter,hover_climb,916.8907004672358,5.193196782494491,0.0,0.0,2.0063196026830994,True
multicopter,hover_climb,1217.61735139405,5.193196782494491,0.0,0.0,2.664362894534837,True
multicopter,hover_climb,1425.7266509268143,5.193196782494491,0.0,0.0,3.119742981758389,True
multicopter,hover_climb,1500.0,5.193196782494491,0.0,0.0,3.282266253208869,True
multicopter,hover_descent,1500.0,3.292805114310405,0.0,0.0,3.282266253208869,True
multicopter,hover_descent,1425.7266509268143,3.292805114310405,0.0,0.0,3.5385873232621954,True
multicopter,hover_descent,1217.6173513940503,3.292805114310405,0.0,0.0,4.256783001926487,True
multicopter,hover_descent,916.890700467236,3.292805114310405,0.0,0.0,5.294605826950313,True
multicopter,hover_descent,583.1092995327642,3.292805114310405,0.0,0.0,6.446502259776035,True
multicopter,hover_descent,282.38264860594995,3.292805114310405,0.0,0.0,7.4843250847998615,True
multicopter,hover_descent,74.27334907318571,3.292805114310405,0.0,0.0,8.202520763464152,True
multicopter,hover_descent,-0.0,3.292805114310405,0.0,0.0,8.45884183351748,True
