eVTOL_type,mission_segment,velocity_kts,equivalent_airspeed_kts,Mach,time_min,fesibility
multicopter,hover_climb,4.696906986917197,4.696906987302076,0.007100618209069356,0.0,True
multicopter,hover_climb,4.696906986917197,4.691804436030958,0.007102431943513686,0.15615154226824893,True
multicopter,hover_climb,4.696906986917197,4.677523255541493,0.007107521258110528,0.5936784410537798,True
multicopter,hover_climb,4.696906986917197,4.656927615180997,0.007114894716280696,1.225923128136843,True
multicopter,hover_climb,4.696906986917197,4.6341252706936995,0.007123105318964209,1.9276617892684058,True
multicopter,hover_climb,4.696906986917197,4.613632487480144,0.007130526984467142,2.559906476351469,True
multicopter,hover_climb,4.696906986917197,4.599479567733557,0.007135676413509289,2.997433375137,True
multicopter,hover_climb,4.696906986917197,4.594434097855373,0.007137516901714361,3.153584917405249,True
multicopter,hover_descent,2.6780244091807868,2.619597683049904,0.0040695812237655565,3.153584917405249,True
multicopter,hover_descent,2.6780244091807868,2.6224744467429466,0.004068531836934665,3.427454441291326,True
multicopter,hover_descent,2.6780244091807868,2.6305439837059117,0.004065595799089627,4.194819794954629,True
multicopter,hover_descent,2.6780244091807868,2.6422283057099065,0.0040613642055262475,5.303694858983685,True
multicopter,hover_descent,2.6780244091807868,2.6552294648330537,0.004056682785506268,6.534453327487341,True
multicopter,hover_descent,2.6780244091807868,2.6669724326545894,0.004052478678204424,7.643328391516397,True
multicopter,hover_descent,2.6780244091807868,2.675115099743641,0.004049576915671271,8.4106937451797,True
multicopter,hover_descent,2.6780244091807868,2.6780244094002317,0.004048542782969214,8.684563269065777,True
