eVTOL_type,mission_segment,velocity_kts,equivalent_airspeed_kts,Mach,time_min,fesibility
multicopter,hover_climb,4.239003658272956,4.239003658620312,0.006408376118173957,0.0,True
multicopter,hover_climb,4.239003658272956,4.234398557100303,0.006410013030926555,0.1730192585387969,True
multicopter,hover_climb,4.239003658272956,4.221509654571911,0.006414606186220923,0.6578084480596255,True
multicopter,hover_climb,4.239003658272956,4.202921891374601,0.006421260803023966,1.3583491240286532,True
multicopter,hover_climb,4.239003658272956,4.182342556512724,0.006428670950789076,2.135890614002645,True
multicopter,hover_climb,4.239003658272956,4.163847622878223,0.006435369075172855,2.836431289971672,True
multicopter,hover_climb,4.239003658272956,4.1510744769019166,0.0064400164843313665,3.321220479492501,True
multicopter,hover_climb,4.239003658272956,4.146520891887161,0.00644167754260994,3.494239738031298,True
multicopter,hover_descent,2.8087007819152285,2.7474230763028453,0.004268159739721859,3.494239738031298,True
multicopter,hover_descent,2.8087007819152285,2.7504402140131416,0.004267059147209575,3.7553673293432914,True
multicopter,hover_descent,2.8087007819152285,2.758903510576039,0.004263979843016969,4.487030581300187,True
multicopter,hover_descent,2.8087007819152285,2.7711579785473774,0.004259541765414141,5.54431461359101,True
multicopter,hover_descent,2.8087007819152285,2.7847935397729597,0.004254631911707987,6.717811356882847,True
multicopter,hover_descent,2.8087007819152285,2.7971095152320635,0.004250222661581115,7.775095389173669,True
multicopter,hover_descent,2.8087007819152285,2.805649510364853,0.0042471793051920325,8.506758641130565,True
multicopter,hover_descent,2.8087007819152285,2.8087007821453818,0.004246094711146171,8.767886232442558,True
