eVTOL_type,mission_segment,velocity_kts,equivalent_airspeed_kts,Mach,time_min,fesibility
multicopter,hover_climb,4.030789986417933,4.0307899867482275,0.0060936060378063775,0.0,True
multicopter,hover_climb,4.030789986417933,4.026411081092634,0.006095162547794033,0.18195670634515387,True
multicopter,hover_climb,4.030789986417933,4.014155262642001,0.006099530094005151,0.6917880681364001,True
multicopter,hover_climb,4.030789986417933,3.996480503239658,0.006105857845744831,1.4285157314996622,True
multicopter,hover_climb,4.030789986417933,3.9769119952657377,0.006112904017868602,2.2462217473340007,True
multicopter,hover_climb,4.030789986417933,3.959325505773586,0.006119273140160164,2.9829494106972625,True
multicopter,hover_climb,4.030789986417933,3.9471797580821746,0.006123692275364814,3.4927807724885094,True
multicopter,hover_climb,4.030789986417933,3.9428498385162984,0.006125271744885456,3.6747374788336633,True
multicopter,hover_descent,2.927549011615837,2.8636783823004235,0.004448763965138656,3.6747374788336633,True
multicopter,hover_descent,2.927549011615837,2.866823188104787,0.004447616801815929,3.9252642051113638,True
multicopter,hover_descent,2.927549011615837,2.875644603204343,0.004444407198997582,4.627224493296504,True
multicopter,hover_descent,2.927549011615837,2.88841761050664,0.00443978132721256,5.641586499336046,True
multicopter,hover_descent,2.927549011615837,2.9026301510683865,0.004434663716444912,6.767443387600251,True
multicopter,hover_descent,2.927549011615837,2.9154672685052248,0.004430067891950539,7.781805393639791,True
multicopter,hover_descent,2.927549011615837,2.924368627621575,0.004426895758042141,8.483765681824933,True
multicopter,hover_descent,2.927549011615837,2.927549011855729,0.004425765270149871,8.734292408102633,True
