eVTOL_type,mission_segment,altitude_ft,air_speed_mph,pitch_angle_deg,range_nmi,time_min,fesibility
multicopter,hover_climb,0.0,5.06085876951088,0.0,0.0,0.0,True
multicopter,hover_climb,74.27334907318564,5.06085876951088,0.0,0.0,0.16677314440424146,True
multicopter,hover_climb,282.3826486059498,5.06085876951088,0.0,0.0,0.6340611110293151,True
multicopter,hover_climb,583.1092995327641,5.06085876951088,0.0,0.0,1.3093117871743056,True
multicopter,hover_climb,916.8907004672358,5.06085876951088,0.0,0.0,2.0587834950226225,True
multicopter,hover_climb,1217.61735139405,5.06085876951088,0.0,0.0,2.7340341711676133,True
multicopter,hover_climb,1425.7266509268143,5.06085876951088,0.0,0.0,3.201322137792687,True
multicopter,hover_climb,1500.0,5.06085876951088,0.0,0.0,3.3680952821969283,True
multicopter,hover_descent,1500.0,3.341793497325195,0.0,0.0,3.3680952821969283,True
multicopter,hover_descent,1425.7266509268143,3.341793497325195,0.0,0.0,3.6206588625176956,True
multicopter,hover_descent,1217.6173513940503,3.341793497325195,0.0,0.0,4.32832628890843,True
multicopter,hover_descent,916.890700467236,3.341793497325195,0.0,0.0,5.350935348601019,True
multicopter,hover_descent,583.1092995327642,3.341793497325195,0.0,0.0,6.485945775846265,True
multicopter,hover_descent,282.38264860594995,3.341793497325195,0.0,0.0,7.508554835538853,True
multicopter,hover_descent,74.27334907318571,3.341793497325195,0.0,0.0,8.216222261929587,True
multicopter,hover_descent,-0.0,3.341793497325195,0.0,0.0,8.468785842250355,True
