eVTOL_type,mission_segment,altitude_ft,air_speed_mph,pitch_angle_deg,range_nmi,time_min,fesibility
multicopter,hover_climb,0.0,4.230708671227649,0.0,0.0,0.0,True
multicopter,hover_climb,74.27334907318564,4.230708671227649,0.0,0.0,0.19949738825486105,True
multicopter,hover_climb,282.3826486059498,4.230708671227649,0.0,0.0,0.7584766486006651,True
multicopter,hover_climb,583.1092995327641,4.230708671227649,0.0,0.0,1.5662250830951858,True
multicopter,hover_climb,916.8907004672358,4.230708671227649,0.0,0.0,2.4627582079023407,True
multicopter,hover_climb,1217.61735139405,4.230708671227649,0.0,0.0,3.2705066423968607,True
multicopter,hover_climb,1425.7266509268143,4.230708671227649,0.0,0.0,3.829485902742665,True
multicopter,hover_climb,1500.0,4.230708671227649,0.0,0.0,4.028983290997527,True
multicopter,hover_descent,1500.0,3.1109313970741432,0.0,0.0,4.028983290997527,True
multicopter,hover_descent,1425.7266509268143,3.1109313970741432,0.0,0.0,4.300289604975042,True
multicopter,hover_descent,1217.6173513940503,3.1109313970741432,0.0,0.0,5.06047300407076,True
multicopter,hover_descent,916.890700467236,3.1109313970741432,0.0,0.0,6.158969843056207,True
multicopter,hover_descent,583.1092995327642,3.1109313970741432,0.0,0.0,7.378209350790698,True
multicopter,hover_descent,282.38264860594995,3.1109313970741432,0.0,0.0,8.476706189776145,True
multicopter,hover_descent,74.27334907318571,3.1109313970741432,0.0,0.0,9.236889588871863,True
multicopter,hover_descent,-0.0,3.1109313970741432,0.0,0.0,9.508195902849378,True
