eVTOL_type,mission_segment,altitude_ft,air_speed_mph,pitch_angle_deg,range_nmi,time_min,fesibility
multicopter,hover_climb,0.0,4.305731057931527,0.0,0.0,0.0,True
multicopter,hover_climb,74.27334907318564,4.305731057931527,0.0,0.0,0.1960213768629048,True
multicopter,hover_climb,282.3826486059498,4.305731057931527,0.0,0.0,0.7452610697194992,True
multicopter,hover_climb,583.1092995327641,4.305731057931527,0.0,0.0,1.5389354214167512,True
multicopter,hover_climb,916.8907004672358,4.305731057931527,0.0,0.0,2.419847492823876,True
multicopter,hover_climb,1217.61735139405,4.305731057931527,0.0,0.0,3.213521844521127,True
multicopter,hover_climb,1425.7266509268143,4.305731057931527,0.0,0.0,3.7627615373777217,True
multicopter,hover_climb,1500.0,4.305731057931527,0.0,0.0,3.958782914240627,True
multicopter,hover_descent,1500.0,3.2748010896833217,0.0,0.0,3.958782914240627,True
multicopter,hover_descent,1425.7266509268143,3.2748010896833217,0.0,0.0,4.216513172434332,True
multicopter,hover_descent,1217.6173513940503,3.2748010896833217,0.0,0.0,4.9386573085259995,True
multicopter,hover_descent,916.890700467236,3.2748010896833217,0.0,0.0,5.982185819846053,True
multicopter,hover_descent,583.1092995327642,3.2748010896833217,0.0,0.0,7.140415086690238,True
multicopter,hover_descent,282.38264860594995,3.2748010896833217,0.0,0.0,8.183943598010291,True
multicopter,hover_descent,74.27334907318571,3.2748010896833217,0.0,0.0,8.906087734101959,True
multicopter,hover_descent,-0.0,3.2748010896833217,0.0,0.0,9.163817992295664,True
