eVTOL_type,mission_segment,altitude_ft,air_speed_mph,pitch_angle_deg,range_nmi,time_min,fesibility
multicopter,hover_climb,0.0,5.09834862292445,0.0,0.0,0.0,True
multicopter,hover_climb,74.27334907318564,5.09834862292445,0.0,0.0,0.1655468059955806,True
multicopter,hover_climb,282.3826486059498,5.09834862292445,0.0,0.0,0.6293986487565606,True
multicopter,hover_climb,583.1092995327641,5.09834862292445,0.0,0.0,1.2996839820546024,True
multicopter,hover_climb,916.8907004672358,5.09834862292445,0.0,0.0,2.043644575119887,True
multicopter,hover_climb,1217.61735139405,5.09834862292445,0.0,0.0,2.7139299084179287,True
multicopter,hover_climb,1425.7266509268143,5.09834862292445,0.0,0.0,3.1777817511789084,True
multicopter,hover_climb,1500.0,5.09834862292445,0.0,0.0,3.3433285571744893,True
multicopter,hover_descent,1500.0,3.1186102298026563,0.0,0.0,3.3433285571744893,True
multicopter,hover_descent,1425.7266509268143,3.1186102298026563,0.0,0.0,3.6139668441625106,True
multicopter,hover_descent,1217.6173513940503,3.1186102298026563,0.0,0.0,4.372278473227826,True
multicopter,hover_descent,916.890700467236,3.1186102298026563,0.0,0.0,5.468070526152239,True
multicopter,hover_descent,583.1092995327642,3.1186102298026563,0.0,0.0,6.6843079478464755,True
multicopter,hover_descent,282.38264860594995,3.1186102298026563,0.0,0.0,7.780100000770887,True
multicopter,hover_descent,74.27334907318571,3.1186102298026563,0.0,0.0,8.538411629836203,True
multicopter,hover_descent,-0.0,3.1186102298026563,0.0,0.0,8.809049916824225,True
