eVTOL_type,mission_segment,velocity_kts,equivalent_airspeed_kts,Mach,time_min,fesibility
multicopter,hover_climb,4.283454880228007,4.283454880579006,0.006475575906653605,0.0,True
multicopter,hover_climb,4.283454880228007,4.278801488845944,0.0064772299844709095,0.17122376455581906,True
multicopter,hover_climb,4.283454880228007,4.265777430155105,0.006481871304707308,0.6509820917313315,True
multicopter,hover_climb,4.283454880228007,4.246994751158201,0.00648859570343846,1.3442529609796723,True
multicopter,hover_climb,4.283454880228007,4.226199616392532,0.006496083555812856,2.113725574236967,True
multicopter,hover_climb,4.283454880228007,4.207510740391781,0.006502851918355803,2.806996443485307,True
multicopter,hover_climb,4.283454880228007,4.194603652104348,0.006507548061375542,3.28675477066082,True
multicopter,hover_climb,4.283454880228007,4.1900023170911265,0.006509226537914673,3.4579785352166392,True
multicopter,hover_descent,2.8528945951486526,2.790652708696985,0.004335317571414797,3.4579785352166392,True
multicopter,hover_descent,2.8528945951486526,2.793717319894428,0.00433419966150785,3.7150610335132224,True
multicopter,hover_descent,2.8528945951486526,2.8023137831335503,0.0043310719056627025,4.435390186705401,True
multicopter,hover_descent,2.8528945951486526,2.8147610703871306,0.004326563996636764,5.476295971746151,True
multicopter,hover_descent,2.8528945951486526,2.82861118185958,0.004321576888294199,6.631614232036456,True
multicopter,hover_descent,2.8528945951486526,2.8411209443972973,0.004317098260333326,7.672520017077204,True
multicopter,hover_descent,2.8528945951486526,2.8497953130284466,0.004314007017916394,8.392849170269384,True
multicopter,hover_descent,2.8528945951486526,2.8528945953824274,0.004312905358205508,8.649931668565966,True
