eVTOL_type,mission_segment,altitude_ft,air_speed_mph,pitch_angle_deg,range_nmi,time_min,fesibility
multicopter,hover_climb,0.0,4.605433888513565,0.0,0.0,0.0,True
multicopter,hover_climb,74.27334907318564,4.605433888513565,0.0,0.0,0.18326510613520527,True
multicopter,hover_climb,282.3826486059498,4.605433888513565,0.0,0.0,0.6967625226717158,True
multicopter,hover_climb,583.1092995327641,4.605433888513565,0.0,0.0,1.4387877886319445,True
multicopter,hover_climb,916.8907004672358,4.605433888513565,0.0,0.0,2.2623736997497907,True
multicopter,hover_climb,1217.61735139405,4.605433888513565,0.0,0.0,3.004398965710019,True
multicopter,hover_climb,1425.7266509268143,4.605433888513565,0.0,0.0,3.5178963822465295,True
multicopter,hover_climb,1500.0,4.605433888513565,0.0,0.0,3.7011614883817354,True
multicopter,hover_descent,1500.0,3.189846522593144,0.0,0.0,3.7011614883817354,True
multicopter,hover_descent,1425.7266509268143,3.189846522593144,0.0,0.0,3.965755826823755,True
multicopter,hover_descent,1217.6173513940503,3.189846522593144,0.0,0.0,4.707132688384766,True
multicopter,hover_descent,916.890700467236,3.189846522593144,0.0,0.0,5.778453293242094,True
multicopter,hover_descent,583.1092995327642,3.189846522593144,0.0,0.0,6.967529456718762,True
multicopter,hover_descent,282.38264860594995,3.189846522593144,0.0,0.0,8.038850061576088,True
multicopter,hover_descent,74.27334907318571,3.189846522593144,0.0,0.0,8.7802269231371,True
multicopter,hover_descent,-0.0,3.189846522593144,0.0,0.0,9.044821261579122,True
