eVTOL_type,mission_segment,altitude_ft,air_speed_mph,pitch_angle_deg,range_nmi,time_min,fesibility
multicopter,hover_climb,0.0,4.357716371835821,0.0,0.0,0.0,True
multicopter,hover_climb,74.27334907318564,4.357716371835821,0.0,0.0,0.1936829427064209,True
multicopter,hover_climb,282.3826486059498,4.357716371835821,0.0,0.0,0.7363704886572682,True
multicopter,hover_climb,583.1092995327641,4.357716371835821,0.0,0.0,1.5205767137510011,True
multicopter,hover_climb,916.8907004672358,4.357716371835821,0.0,0.0,2.3909799574496144,True
multicopter,hover_climb,1217.61735139405,4.357716371835821,0.0,0.0,3.175186182543347,True
multicopter,hover_climb,1425.7266509268143,4.357716371835821,0.0,0.0,3.7178737284941943,True
multicopter,hover_climb,1500.0,4.357716371835821,0.0,0.0,3.9115566712006156,True
multicopter,hover_descent,1500.0,3.166182318167533,0.0,0.0,3.9115566712006156,True
multicopter,hover_descent,1425.7266509268143,3.166182318167533,0.0,0.0,4.178128600913619,True
multicopter,hover_descent,1217.6173513940503,3.166182318167533,0.0,0.0,4.925046550082798,True
multicopter,hover_descent,916.890700467236,3.166182318167533,0.0,0.0,6.0043742585277,True
multicopter,hover_descent,583.1092995327642,3.166182318167533,0.0,0.0,7.202337636505149,True
multicopter,hover_descent,282.38264860594995,3.166182318167533,0.0,0.0,8.281665344950051,True
multicopter,hover_descent,74.27334907318571,3.166182318167533,0.0,0.0,9.028583294119228,True
multicopter,hover_descent,-0.0,3.166182318167533,0.0,0.0,9.295155223832234,True
