eVTOL_type,mission_segment,velocity_kts,equivalent_airspeed_kts,Mach,time_min,fesibility
multicopter,hover_climb,3.6410840602444527,3.6410840605428136,0.005504462372990936,0.0,True
multicopter,hover_climb,3.6410840602444527,3.637128517426547,0.0055058683960595555,0.201431567566829,True
multicopter,hover_climb,3.6410840602444527,3.6260576193256244,0.005509813677988226,0.7658302779146492,True
multicopter,hover_climb,3.6410840602444527,3.6100916957857283,0.005515529648325101,1.581410044563142,True
multicopter,hover_climb,3.6410840602444527,3.5924151155851494,0.005521894580532447,2.4866352922981454,True
multicopter,hover_climb,3.6410840602444527,3.5765289278201458,0.0055276479216223315,3.302215058946638,True
multicopter,hover_climb,3.6410840602444527,3.5655574585875733,0.005531639804803528,3.866613769294459,True
multicopter,hover_climb,3.6410840602444527,3.561646165474665,0.005533066567625365,4.068045336861288,True
multicopter,hover_descent,2.929547362041125,2.865633134514802,0.0044518006997335225,4.068045336861288,True
multicopter,hover_descent,2.929547362041125,2.8687800869694837,0.004450652753354968,4.318401169779663,True
multicopter,hover_descent,2.929547362041125,2.877607523583469,0.004447440959655741,5.019882625412509,True
multicopter,hover_descent,2.929547362041125,2.890389249764416,0.004442811930241994,6.033552698366268,True
multicopter,hover_descent,2.929547362041125,2.9046114918329056,0.004437690826183675,7.1586415988448415,True
multicopter,hover_descent,2.929547362041125,2.9174573719100914,0.004433091864570914,8.172311671798601,True
multicopter,hover_descent,2.929547362041125,2.926364807110806,0.004429917565357985,8.873793127431448,True
multicopter,hover_descent,2.929547362041125,2.9295473622811805,0.004428786305792566,9.124148960349823,True
