segment_type,climb_rate,descend_rate,start_altitude,end_altitude,climb_angle,descent_angle,speed,time_required
hover_climb,1.8966401350239144,,0.0,15.24,,,,
second_climb,2.54,,15.24,91.44,,,33.18384655398622,
departure_terminal_procedures,,,91.44,91.44,,,38.06227402416087,46.92076304205519
accel_climb,2.54,,91.44,457.20000000000005,,,38.8724332780573,
cruise_0,,,457.20000000000005,457.20000000000005,,,45.48632,1241.5366794151082
decel_descend,,2.54,457.20000000000005,91.44,,,43.05678469968055,
arrival_terminal_procedure,,,91.44,91.44,,,39.13616847064557,48.55520614546539
second_descent,,2.54,91.44,15.24,,,39.1452519386331,
hover_descent,,1.3812724217919554,15.24,0.0,,,,
