eVTOL_type,mission_segment,altitude_ft,air_speed_mph,pitch_angle_deg,range_nmi,time_min,fesibility
multicopter,hover_climb,0.0,4.608332042936476,0.0,0.0,0.0,True
multicopter,hover_climb,74.27334907318564,4.608332042936476,0.0,0.0,0.18314985172797893,True
multicopter,hover_climb,282.3826486059498,4.608332042936476,0.0,0.0,0.696324332591664,True
multicopter,hover_climb,583.1092995327641,4.608332042936476,0.0,0.0,1.4378829429840174,True
multicopter,hover_climb,916.8907004672358,4.608332042936476,0.0,0.0,2.260950905497311,True
multicopter,hover_climb,1217.61735139405,4.608332042936476,0.0,0.0,3.002509515889664,True
multicopter,hover_climb,1425.7266509268143,4.608332042936476,0.0,0.0,3.5156839967533493,True
multicopter,hover_climb,1500.0,4.608332042936476,0.0,0.0,3.698833848481329,True
multicopter,hover_descent,1500.0,3.3807563688545215,0.0,0.0,3.698833848481329,True
multicopter,hover_descent,1425.7266509268143,3.3807563688545215,0.0,0.0,3.948486659358997,True
multicopter,hover_descent,1217.6173513940503,3.3807563688545215,0.0,0.0,4.647998291006884,True
multicopter,hover_descent,916.890700467236,3.3807563688545215,0.0,0.0,5.658821885829957,True
multicopter,hover_descent,583.1092995327642,3.3807563688545215,0.0,0.0,6.780751433935666,True
multicopter,hover_descent,282.38264860594995,3.3807563688545215,0.0,0.0,7.791575028758738,True
multicopter,hover_descent,74.27334907318571,3.3807563688545215,0.0,0.0,8.491086660406626,True
multicopter,hover_descent,-0.0,3.3807563688545215,0.0,0.0,8.740739471284293,True
