eVTOL_type,mission_segment,altitude_ft,air_speed_mph,pitch_angle_deg,range_nmi,time_min,fesibility
multicopter,hover_climb,0.0,3.985989744309621,0.0,0.0,0.0,True
multicopter,hover_climb,74.27334907318564,3.985989744309621,0.0,0.0,0.21174548468972396,True
multicopter,hover_climb,282.3826486059498,3.985989744309621,0.0,0.0,0.8050431486281472,True
multicopter,hover_climb,583.1092995327641,3.985989744309621,0.0,0.0,1.6623831131539255,True
multicopter,hover_climb,916.8907004672358,3.985989744309621,0.0,0.0,2.6139586837080837,True
multicopter,hover_climb,1217.61735139405,3.985989744309621,0.0,0.0,3.4712986482338617,True
multicopter,hover_climb,1425.7266509268143,3.985989744309621,0.0,0.0,4.064596312172285,True
multicopter,hover_climb,1500.0,3.985989744309621,0.0,0.0,4.27634179686201,True
multicopter,hover_descent,1500.0,3.4042085493274854,0.0,0.0,4.27634179686201,True
multicopter,hover_descent,1425.7266509268143,3.4042085493274854,0.0,0.0,4.524274706420047,True
multicopter,hover_descent,1217.6173513940503,3.4042085493274854,0.0,0.0,5.2189672816586,True
multicopter,hover_descent,916.890700467236,3.4042085493274854,0.0,0.0,6.2228271382063545,True
multicopter,hover_descent,583.1092995327642,3.4042085493274854,0.0,0.0,7.33702751994083,True
multicopter,hover_descent,282.38264860594995,3.4042085493274854,0.0,0.0,8.340887376488585,True
multicopter,hover_descent,74.27334907318571,3.4042085493274854,0.0,0.0,9.035579951727136,True
multicopter,hover_descent,-0.0,3.4042085493274854,0.0,0.0,9.283512861285176,True
