eVTOL_type,mission_segment,altitude_ft,air_speed_mph,pitch_angle_deg,range_nmi,time_min,fesibility
multicopter,hover_climb,0.0,4.831812414538496,0.0,0.0,0.0,True
multicopter,hover_climb,74.27334907318564,4.831812414538496,0.0,0.0,0.1746788281427363,True
multicopter,hover_climb,282.3826486059498,4.831812414538496,0.0,0.0,0.6641180283620373,True
multicopter,hover_climb,583.1092995327641,4.831812414538496,0.0,0.0,1.3713781644765994,True
multicopter,hover_climb,916.8907004672358,4.831812414538496,0.0,0.0,2.156377692552594,True
multicopter,hover_climb,1217.61735139405,4.831812414538496,0.0,0.0,2.863637828667156,True
multicopter,hover_climb,1425.7266509268143,4.831812414538496,0.0,0.0,3.3530770288864566,True
multicopter,hover_climb,1500.0,4.831812414538496,0.0,0.0,3.5277558570291934,True
multicopter,hover_descent,1500.0,3.344452295919982,0.0,0.0,3.5277558570291934,True
multicopter,hover_descent,1425.7266509268143,3.344452295919982,0.0,0.0,3.780118652398335,True
multicopter,hover_descent,1217.6173513940503,3.344452295919982,0.0,0.0,4.4872234918563265,True
multicopter,hover_descent,916.890700467236,3.344452295919982,0.0,0.0,5.509019589876763,True
multicopter,hover_descent,583.1092995327642,3.344452295919982,0.0,0.0,6.643127697739934,True
multicopter,hover_descent,282.38264860594995,3.344452295919982,0.0,0.0,7.664923795760371,True
multicopter,hover_descent,74.27334907318571,3.344452295919982,0.0,0.0,8.372028635218363,True
multicopter,hover_descent,-0.0,3.344452295919982,0.0,0.0,8.624391430587506,True
