eVTOL_type,mission_segment,velocity_kts,equivalent_airspeed_kts,Mach,time_min,fesibility
multicopter,hover_climb,3.5412183056848603,3.541218305975038,0.005353488849933433,0.0,True
multicopter,hover_climb,3.5412183056848603,3.53737125343231,0.0053548563093346515,0.20711213107653684,True
multicopter,hover_climb,3.5412183056848603,3.5266040021503593,0.005358693382128285,0.7874274266828434,True
multicopter,hover_climb,3.5412183056848603,3.5110759836341243,0.005364252577811983,1.62600732542405,True
multicopter,hover_climb,3.5412183056848603,3.4938842274558843,0.005370442935978442,2.556760793846924,True
multicopter,hover_climb,3.5412183056848603,3.4784337577632956,0.005376038477429628,3.3953406925881304,True
multicopter,hover_climb,3.5412183056848603,3.4677632082665504,0.005379920873320938,3.9756559881944367,True
multicopter,hover_climb,3.5412183056848603,3.4639591920611688,0.00538130850363624,4.182768119270974,True
multicopter,hover_descent,2.855105182254271,2.7928150672028313,0.0043386768252541875,4.182768119270974,True
multicopter,hover_descent,2.855105182254271,2.7958820530376016,0.004337558049126234,4.439651569469663,True
multicopter,hover_descent,2.855105182254271,2.8044851773117387,0.0043344278697156485,5.159423002285114,True
multicopter,hover_descent,2.855105182254271,2.8169421094406495,0.004329916467702068,6.199522858030901,True
multicopter,hover_descent,2.855105182254271,2.8308029527774607,0.0043249254950606195,7.353946604288954,True
multicopter,hover_descent,2.855105182254271,2.843322408599959,0.004320443396800761,8.39404646003474,True
multicopter,hover_descent,2.855105182254271,2.8520034986317087,0.004317349759111098,9.113817892850193,True
multicopter,hover_descent,2.855105182254271,2.855105182488226,0.004316247245770795,9.370701343048882,True
