eVTOL_type,mission_segment,altitude_ft,air_speed_mph,pitch_angle_deg,range_nmi,time_min,fesibility
multicopter,hover_climb,0.0,5.653034358933226,0.0,0.0,0.0,True
multicopter,hover_climb,74.27334907318564,5.653034358933226,0.0,0.0,0.1493030604074344,True
multicopter,hover_climb,282.3826486059498,5.653034358933226,0.0,0.0,0.5676409394341742,True
multicopter,hover_climb,583.1092995327641,5.653034358933226,0.0,0.0,1.1721566895615818,True
multicopter,hover_climb,916.8907004672358,5.653034358933226,0.0,0.0,1.8431185525777858,True
multicopter,hover_climb,1217.61735139405,5.653034358933226,0.0,0.0,2.4476343027051928,True
multicopter,hover_climb,1425.7266509268143,5.653034358933226,0.0,0.0,2.8659721817319332,True
multicopter,hover_climb,1500.0,5.653034358933226,0.0,0.0,3.0152752421393676,True
multicopter,hover_descent,1500.0,3.1543988794864863,0.0,0.0,3.0152752421393676,True
multicopter,hover_descent,1425.7266509268143,3.1543988794864863,0.0,0.0,3.2828429666481047,True
multicopter,hover_descent,1217.6173513940503,3.1543988794864863,0.0,0.0,4.032551070832569,True
multicopter,hover_descent,916.890700467236,3.1543988794864863,0.0,0.0,5.115910670092522,True
multicopter,hover_descent,583.1092995327642,3.1543988794864863,0.0,0.0,6.318349109260976,True
multicopter,hover_descent,282.38264860594995,3.1543988794864863,0.0,0.0,7.401708708520929,True
multicopter,hover_descent,74.27334907318571,3.1543988794864863,0.0,0.0,8.151416812705396,True
multicopter,hover_descent,-0.0,3.1543988794864863,0.0,0.0,8.418984537214131,True
