eVTOL_type,mission_segment,altitude_ft,air_speed_mph,pitch_angle_deg,range_nmi,time_min,fesibility
multicopter,hover_climb,0.0,4.67890823334705,0.0,0.0,0.0,True
multicopter,hover_climb,74.27334907318564,4.67890823334705,0.0,0.0,0.1803872374246897,True
multicopter,hover_climb,282.3826486059498,4.67890823334705,0.0,0.0,0.6858210450225145,True
multicopter,hover_climb,583.1092995327641,4.67890823334705,0.0,0.0,1.4161940584598678,True
multicopter,hover_climb,916.8907004672358,4.67890823334705,0.0,0.0,2.2268469449883037,True
multicopter,hover_climb,1217.61735139405,4.67890823334705,0.0,0.0,2.9572199584256564,True
multicopter,hover_climb,1425.7266509268143,4.67890823334705,0.0,0.0,3.4626537660234815,True
multicopter,hover_climb,1500.0,4.67890823334705,0.0,0.0,3.6430410034481713,True
multicopter,hover_descent,1500.0,3.400640026122368,0.0,0.0,3.6430410034481713,True
multicopter,hover_descent,1425.7266509268143,3.400640026122368,0.0,0.0,3.8912340858955106,True
multicopter,hover_descent,1217.6173513940503,3.400640026122368,0.0,0.0,4.586655649370431,True
multicopter,hover_descent,916.890700467236,3.400640026122368,0.0,0.0,5.591568924440951,True
multicopter,hover_descent,583.1092995327642,3.400640026122368,0.0,0.0,6.706938512526828,True
multicopter,hover_descent,282.38264860594995,3.400640026122368,0.0,0.0,7.711851787597347,True
multicopter,hover_descent,74.27334907318571,3.400640026122368,0.0,0.0,8.407273351072268,True
multicopter,hover_descent,-0.0,3.400640026122368,0.0,0.0,8.655466433519607,True
