eVTOL_type,mission_segment,altitude_ft,air_speed_mph,pitch_angle_deg,range_nmi,time_min,fesibility
multicopter,hover_climb,0.0,5.609762275577902,0.0,0.0,0.0,True
multicopter,hover_climb,74.27334907318564,5.609762275577902,0.0,0.0,0.1504547410237917,True
multicopter,hover_climb,282.3826486059498,5.609762275577902,0.0,0.0,0.5720195574290979,True
multicopter,hover_climb,583.1092995327641,5.609762275577902,0.0,0.0,1.1811983671736663,True
multicopter,hover_climb,916.8907004672358,5.609762275577902,0.0,0.0,1.8573358358997736,True
multicopter,hover_climb,1217.61735139405,5.609762275577902,0.0,0.0,2.4665146456443416,True
multicopter,hover_climb,1425.7266509268143,5.609762275577902,0.0,0.0,2.888079462049648,True
multicopter,hover_climb,1500.0,5.609762275577902,0.0,0.0,3.03853420307344,True
multicopter,hover_descent,1500.0,3.315167884209077,0.0,0.0,3.03853420307344,True
multicopter,hover_descent,1425.7266509268143,3.315167884209077,0.0,0.0,3.2931262357718,True
multicopter,hover_descent,1217.6173513940503,3.315167884209077,0.0,0.0,4.006477259424594,True
multicopter,hover_descent,916.890700467236,3.315167884209077,0.0,0.0,5.037299355121212,True
multicopter,hover_descent,583.1092995327642,3.315167884209077,0.0,0.0,6.181425564605583,True
multicopter,hover_descent,282.38264860594995,3.315167884209077,0.0,0.0,7.212247660302201,True
multicopter,hover_descent,74.27334907318571,3.315167884209077,0.0,0.0,7.925598683954995,True
multicopter,hover_descent,-0.0,3.315167884209077,0.0,0.0,8.180190716653355,True
