eVTOL_type,mission_segment,altitude_ft,air_speed_mph,pitch_angle_deg,range_nmi,time_min,fesibility
multicopter,hover_climb,0.0,5.076851528138747,0.0,0.0,0.0,True
multicopter,hover_climb,74.27334907318564,5.076851528138747,0.0,0.0,0.16624778678263588,True
multicopter,hover_climb,282.3826486059498,5.076851528138747,0.0,0.0,0.6320637340629403,True
multicopter,hover_climb,583.1092995327641,5.076851528138747,0.0,0.0,1.305187280624362,True
multicopter,hover_climb,916.8907004672358,5.076851528138747,0.0,0.0,2.052298052751868,True
multicopter,hover_climb,1217.61735139405,5.076851528138747,0.0,0.0,2.7254215993132895,True
multicopter,hover_climb,1425.7266509268143,5.076851528138747,0.0,0.0,3.1912375465935945,True
multicopter,hover_climb,1500.0,5.076851528138747,0.0,0.0,3.3574853333762307,True
multicopter,hover_descent,1500.0,3.198762910632959,0.0,0.0,3.3574853333762307,True
multicopter,hover_descent,1425.7266509268143,3.198762910632959,0.0,0.0,3.6213421286302743,True
multicopter,hover_descent,1217.6173513940503,3.198762910632959,0.0,0.0,4.36065244010111,True
multicopter,hover_descent,916.890700467236,3.198762910632959,0.0,0.0,5.428986793555994,True
multicopter,hover_descent,583.1092995327642,3.198762910632959,0.0,0.0,6.614748468032179,True
multicopter,hover_descent,282.38264860594995,3.198762910632959,0.0,0.0,7.683082821487064,True
multicopter,hover_descent,74.27334907318571,3.198762910632959,0.0,0.0,8.4223931329579,True
multicopter,hover_descent,-0.0,3.198762910632959,0.0,0.0,8.686249928211943,True
