eVTOL_type,mission_segment,velocity_kts,equivalent_airspeed_kts,Mach,time_min,fesibility
multicopter,hover_climb,4.5758764359965385,4.575876436371499,0.006917648493868548,0.0,True
multicopter,hover_climb,4.5758764359965385,4.570905368349499,0.006919415491752065,0.16028170344112616,True
multicopter,hover_climb,4.5758764359965385,4.556992187300357,0.006924373664184249,0.6093810566718978,True
multicopter,hover_climb,4.5758764359965385,4.536927258258255,0.006931557122061243,1.2583484249428456,True
multicopter,hover_climb,4.5758764359965385,4.514712487747463,0.006939556152795611,1.9786478619054502,True
multicopter,hover_climb,4.5758764359965385,4.494747765415066,0.00694678657579213,2.6276152301763975,True
multicopter,hover_climb,4.5758764359965385,4.480959540068184,0.006951803313632252,3.076714583407169,True
multicopter,hover_climb,4.5758764359965385,4.476044082557865,0.006953596375881893,3.2369962868482958,True
multicopter,hover_descent,2.8033390757307193,2.74217834699792,0.0042600119802238415,3.2369962868482958,True
multicopter,hover_descent,2.8033390757307193,2.7451897251036255,0.0042589134887020645,3.498623314505112,True
multicopter,hover_descent,2.8033390757307193,2.7536368655455803,0.004255840062787572,4.231685956003202,True
multicopter,hover_descent,2.8033390757307193,2.7658679401896076,0.004251410457311176,5.290992164770567,True
multicopter,hover_descent,2.8033390757307193,2.779477471631803,0.00424650997633463,6.4667333546227495,True
multicopter,hover_descent,2.8033390757307193,2.791769936348071,0.004242109143303601,7.526039563390115,True
multicopter,hover_descent,2.8033390757307193,2.800293628945177,0.0042390715965696,8.259102204888205,True
multicopter,hover_descent,2.8033390757307193,2.8033390759604333,0.0042379890729737635,8.52072923254502,True
