eVTOL_type,mission_segment,velocity_kts,equivalent_airspeed_kts,Mach,time_min,fesibility
multicopter,hover_climb,4.751053915513897,4.751053915903213,0.007182475624647274,0.0,True
multicopter,hover_climb,4.751053915513897,4.745892541351135,0.007184310268202583,0.15437191051499632,True
multicopter,hover_climb,4.751053915513897,4.731446724418495,0.0071894582534852295,0.5869123919352524,True
multicopter,hover_climb,4.751053915513897,4.710613653197414,0.007196916714427256,1.211951497154607,True
multicopter,hover_climb,4.751053915513897,4.687548438501651,0.007205221970660111,1.9056925657827966,True
multicopter,hover_climb,4.751053915513897,4.666819410186265,0.007212729194679144,2.530731671002151,True
multicopter,hover_climb,4.751053915513897,4.652503332613242,0.007217937987419025,2.963272152422407,True
multicopter,hover_climb,4.751053915513897,4.647399697500364,0.00721979969315804,3.1176440629374036,True
multicopter,hover_descent,2.9310327940411196,2.8670861586964245,0.004454057992891731,3.1176440629374036,True
multicopter,hover_descent,2.9310327940411196,2.87023470681873,0.004452909464445002,3.367873016836766,True
multicopter,hover_descent,2.9310327940411196,2.879066619399547,0.004449696042200287,4.068998965358358,True
multicopter,hover_descent,2.9310327940411196,2.8918548265766133,0.0044450646656292595,5.082155315652015,True
multicopter,hover_descent,2.9310327940411196,2.906084280057266,0.004439940964906369,6.2066740269948655,True
multicopter,hover_descent,2.9310327940411196,2.918936673659914,0.004435339671382258,7.219830377288521,True
multicopter,hover_descent,2.9310327940411196,2.927848625390881,0.004432163762635484,7.920956325810114,True
multicopter,hover_descent,2.9310327940411196,2.931032794281297,0.004431031929462969,8.171185279709476,True
