eVTOL_type,mission_segment,velocity_kts,equivalent_airspeed_kts,Mach,time_min,fesibility
multicopter,hover_climb,3.5544754535510794,3.5544754538423438,0.005373530538176654,0.0,True
multicopter,hover_climb,3.5544754535510794,3.5506139992097117,0.005374903116892729,0.20633966375120297,True
multicopter,hover_climb,3.5544754535510794,3.5398064389069566,0.005378754554415393,0.7844905540089804,True
multicopter,hover_climb,3.5544754535510794,3.52422028863499,0.005384334561885554,1.6199427964024282,True
multicopter,hover_climb,3.5544754535510794,3.506964172218532,0.00539054809470166,2.5472248281761756,True
multicopter,hover_climb,3.5544754535510794,3.4914558610873088,0.005396164584005818,3.382677070569623,True
multicopter,hover_climb,3.5544754535510794,3.480745364589199,0.0054000615143008175,3.960827960827401,True
multicopter,hover_climb,3.5544754535510794,3.4769271074076986,0.005401454339444194,4.167167624578604,True
multicopter,hover_descent,2.713788752283106,2.654581751905085,0.0041239294584831145,4.167167624578604,True
multicopter,hover_descent,2.713788752283106,2.657496934054431,0.004122866057354766,4.437427890518833,True
multicopter,hover_descent,2.713788752283106,2.6656742376559794,0.004119890809462018,5.194680328145411,True
multicopter,hover_descent,2.713788752283106,2.677514600844526,0.004115602704029834,6.288941805094714,True
multicopter,hover_descent,2.713788752283106,2.690689387181083,0.004110858764821744,7.50348041562062,True
multicopter,hover_descent,2.713788752283106,2.7025891793873282,0.004106598512723211,8.597741892569923,True
multicopter,hover_descent,2.713788752283106,2.7108405897494223,0.004103657997880526,9.3549943301965,True
multicopter,hover_descent,2.713788752283106,2.713788752505482,0.004102610054596071,9.625254596136731,True
