eVTOL_type,mission_segment,altitude_ft,air_speed_mph,pitch_angle_deg,range_nmi,time_min,fesibility
multicopter,hover_climb,0.0,5.631753719288168,0.0,0.0,0.0,True
multicopter,hover_climb,74.27334907318564,5.631753719288168,0.0,0.0,0.14986723007549946,True
multicopter,hover_climb,282.3826486059498,5.631753719288168,0.0,0.0,0.5697858773845872,True
multicopter,hover_climb,583.1092995327641,5.631753719288168,0.0,0.0,1.1765859038634559,True
multicopter,hover_climb,916.8907004672358,5.631753719288168,0.0,0.0,1.8500831223540164,True
multicopter,hover_climb,1217.61735139405,5.631753719288168,0.0,0.0,2.456883148832885,True
multicopter,hover_climb,1425.7266509268143,5.631753719288168,0.0,0.0,2.876801796141973,True
multicopter,hover_climb,1500.0,5.631753719288168,0.0,0.0,3.0266690262174722,True
multicopter,hover_descent,1500.0,3.185500604281664,0.0,0.0,3.0266690262174722,True
multicopter,hover_descent,1425.7266509268143,3.185500604281664,0.0,0.0,3.291624345718169,True
multicopter,hover_descent,1217.6173513940503,3.185500604281664,0.0,0.0,4.034012653729397,True
multicopter,hover_descent,916.890700467236,3.185500604281664,0.0,0.0,5.106794841054439,True
multicopter,hover_descent,583.1092995327642,3.185500604281664,0.0,0.0,6.297493238683459,True
multicopter,hover_descent,282.38264860594995,3.185500604281664,0.0,0.0,7.370275426008502,True
multicopter,hover_descent,74.27334907318571,3.185500604281664,0.0,0.0,8.11266373401973,True
multicopter,hover_descent,-0.0,3.185500604281664,0.0,0.0,8.377619053520426,True
