eVTOL_type,mission_segment,altitude_ft,air_speed_mph,pitch_angle_deg,range_nmi,time_min,fesibility
multicopter,hover_climb,0.0,4.682204384648055,0.0,0.0,0.0,True
multicopter,hover_climb,74.27334907318564,4.682204384648055,0.0,0.0,0.180260249455247,True
multicopter,hover_climb,282.3826486059498,4.682204384648055,0.0,0.0,0.6853382446694971,True
multicopter,hover_climb,583.1092995327641,4.682204384648055,0.0,0.0,1.415197094315463,True
multicopter,hover_climb,916.8907004672358,4.682204384648055,0.0,0.0,2.2252793020893886,True
multicopter,hover_climb,1217.61735139405,4.682204384648055,0.0,0.0,2.9551381517353543,True
multicopter,hover_climb,1425.7266509268143,4.682204384648055,0.0,0.0,3.4602161469496044,True
multicopter,hover_climb,1500.0,4.682204384648055,0.0,0.0,3.6404763964048517,True
multicopter,hover_descent,1500.0,3.2648230660943893,0.0,0.0,3.6404763964048517,True
multicopter,hover_descent,1425.7266509268143,3.2648230660943893,0.0,0.0,3.898994335444893,True
multicopter,hover_descent,1217.6173513940503,3.2648230660943893,0.0,0.0,4.623345504223679,True
multicopter,hover_descent,916.890700467236,3.2648230660943893,0.0,0.0,5.670063270180473,True
multicopter,hover_descent,583.1092995327642,3.2648230660943893,0.0,0.0,6.831832342616568,True
multicopter,hover_descent,282.38264860594995,3.2648230660943893,0.0,0.0,7.8785501085733625,True
multicopter,hover_descent,74.27334907318571,3.2648230660943893,0.0,0.0,8.60290127735215,True
multicopter,hover_descent,-0.0,3.2648230660943893,0.0,0.0,8.861419216392191,True
