eVTOL_type,mission_segment,altitude_ft,air_speed_mph,pitch_angle_deg,range_nmi,time_min,fesibility
multicopter,hover_climb,0.0,5.058854699472783,0.0,0.0,0.0,True
multicopter,hover_climb,74.27334907318564,5.058854699472783,0.0,0.0,0.16683921174195224,True
multicopter,hover_climb,282.3826486059498,5.058854699472783,0.0,0.0,0.6343122949336618,True
multicopter,hover_climb,583.1092995327641,5.058854699472783,0.0,0.0,1.3098304722678857,True
multicopter,hover_climb,916.8907004672358,5.058854699472783,0.0,0.0,2.0595990840368184,True
multicopter,hover_climb,1217.61735139405,5.058854699472783,0.0,0.0,2.7351172613710424,True
multicopter,hover_climb,1425.7266509268143,5.058854699472783,0.0,0.0,3.202590344562752,True
multicopter,hover_climb,1500.0,5.058854699472783,0.0,0.0,3.3694295563047043,True
multicopter,hover_descent,1500.0,3.2842062895834703,0.0,0.0,3.3694295563047043,True
multicopter,hover_descent,1425.7266509268143,3.2842062895834703,0.0,0.0,3.6264217352229644,True
multicopter,hover_descent,1217.6173513940503,3.2842062895834703,0.0,0.0,4.346497819140746,True
multicopter,hover_descent,916.890700467236,3.2842062895834703,0.0,0.0,5.387037908484507,True
multicopter,hover_descent,583.1092995327642,3.2842062895834703,0.0,0.0,6.541950277172987,True
multicopter,hover_descent,282.38264860594995,3.2842062895834703,0.0,0.0,7.5824903665167485,True
multicopter,hover_descent,74.27334907318571,3.2842062895834703,0.0,0.0,8.30256645043453,True
multicopter,hover_descent,-0.0,3.2842062895834703,0.0,0.0,8.55955862935279,True
