eVTOL_type,mission_segment,altitude_ft,air_speed_mph,pitch_angle_deg,range_nmi,time_min,fesibility
multicopter,hover_climb,0.0,4.427831151463615,0.0,0.0,0.0,False
multicopter,hover_climb,74.27334907318564,4.427831151463615,0.0,0.0,0.19061597010042292,False
multicopter,hover_climb,282.3826486059498,4.427831151463615,0.0,0.0,0.7247100497718447,False
multicopter,hover_climb,583.1092995327641,4.427831151463615,0.0,0.0,1.4964983563013126,False
multicopter,hover_climb,916.8907004672358,4.427831151463615,0.0,0.0,2.3531187502182505,False
multicopter,hover_climb,1217.61735139405,4.427831151463615,0.0,0.0,3.124907056747718,False
multicopter,hover_climb,1425.7266509268143,4.427831151463615,0.0,0.0,3.6590011364191395,False
multicopter,hover_climb,1500.0,4.427831151463615,0.0,0.0,3.849617106519563,False
multicopter,hover_descent,1500.0,3.178945490352674,0.0,0.0,3.849617106519563,True
multicopter,hover_descent,1425.7266509268143,3.178945490352674,0.0,0.0,4.115118774584804,True
multicopter,hover_descent,1217.6173513940503,3.178945490352674,0.0,0.0,4.859037917255932,True
multicopter,hover_descent,916.890700467236,3.178945490352674,0.0,0.0,5.934032224757381,True
multicopter,hover_descent,583.1092995327642,3.178945490352674,0.0,0.0,7.127185890548503,True
multicopter,hover_descent,282.38264860594995,3.178945490352674,0.0,0.0,8.202180198049952,True
multicopter,hover_descent,74.27334907318571,3.178945490352674,0.0,0.0,8.946099340721082,True
multicopter,hover_descent,-0.0,3.178945490352674,0.0,0.0,9.211601008786323,True
