eVTOL_type,mission_segment,altitude_ft,air_speed_mph,pitch_angle_deg,range_nmi,time_min,fesibility
multicopter,hover_climb,0.0,4.946890723938459,0.0,0.0,0.0,True
multicopter,hover_climb,74.27334907318564,4.946890723938459,0.0,0.0,0.17061531727249238,True
multicopter,hover_climb,282.3826486059498,4.946890723938459,0.0,0.0,0.6486688130446038,True
multicopter,hover_climb,583.1092995327641,4.946890723938459,0.0,0.0,1.3394761295372977,True
multicopter,hover_climb,916.8907004672358,4.946890723938459,0.0,0.0,2.1062144055234477,True
multicopter,hover_climb,1217.61735139405,4.946890723938459,0.0,0.0,2.7970217220161415,True
multicopter,hover_climb,1425.7266509268143,4.946890723938459,0.0,0.0,3.275075217788253,True
multicopter,hover_climb,1500.0,4.946890723938459,0.0,0.0,3.4456905350607454,True
multicopter,hover_descent,1500.0,3.1290446221616284,0.0,0.0,3.4456905350607454,True
multicopter,hover_descent,1425.7266509268143,3.1290446221616284,0.0,0.0,3.7154263273851265,True
multicopter,hover_descent,1217.6173513940503,3.1290446221616284,0.0,0.0,4.471209222596027,True
multicopter,hover_descent,916.890700467236,3.1290446221616284,0.0,0.0,5.563347149227999,True
multicopter,hover_descent,583.1092995327642,3.1290446221616284,0.0,0.0,6.775528796718907,True
multicopter,hover_descent,282.38264860594995,3.1290446221616284,0.0,0.0,7.867666723350881,True
multicopter,hover_descent,74.27334907318571,3.1290446221616284,0.0,0.0,8.623449618561782,True
multicopter,hover_descent,-0.0,3.1290446221616284,0.0,0.0,8.893185410886163,True
