eVTOL_type,mission_segment,velocity_kts,equivalent_airspeed_kts,Mach,time_min,fesibility
multicopter,hover_climb,4.661877231317147,4.6618772316991555,0.007047661460901724,0.0,True
multicopter,hover_climb,4.661877231317147,4.656812735497994,0.007049461668428343,0.1573248786927867,True
multicopter,hover_climb,4.661877231317147,4.642638064731548,0.007054513026674975,0.5981393930830243,True
multicopter,hover_climb,4.661877231317147,4.622196027635981,0.007061831493243575,1.2351348223604919,True
multicopter,hover_climb,4.661877231317147,4.599563744117896,0.007069980860861941,1.9421464095205248,True
multicopter,hover_climb,4.661877231317147,4.579223797055777,0.007077347175230726,2.5791418387979923,True
multicopter,hover_climb,4.661877231317147,4.565176430457491,0.007082458199586272,3.01995635318823,True
multicopter,hover_climb,4.661877231317147,4.560168589933522,0.007084284961342814,3.177281231881017,True
multicopter,hover_descent,2.9407756502791167,2.876616454066344,0.004468863438531463,3.177281231881017,True
multicopter,hover_descent,2.9407756502791167,2.879775468073499,0.004467711092335726,3.426681171596929,True
multicopter,hover_descent,2.9407756502791167,2.888636738242793,0.004464486988562292,4.125484273994395,True
multicopter,hover_descent,2.9407756502791167,2.9014674538709153,0.004459840217132427,5.135284014385971,True
multicopter,hover_descent,2.9407756502791167,2.9157442065560977,0.004454699485047877,6.256077169806012,True
multicopter,hover_descent,2.9407756502791167,2.9286393219677405,0.004450082896662036,7.265876910197587,True
multicopter,hover_descent,2.9407756502791167,2.9375808973401383,0.004446896431082732,7.964680012595054,True
multicopter,hover_descent,2.9407756502791167,2.9407756505200924,0.004445760835656887,8.214079952310966,True
