eVTOL_type,mission_segment,velocity_kts,equivalent_airspeed_kts,Mach,time_min,fesibility
multicopter,hover_climb,3.9821614520584245,3.9821614523847346,0.006020091135868728,0.0,True
multicopter,hover_climb,3.9821614520584245,3.97783537502455,0.006021628867701315,0.18417868756137867,True
multicopter,hover_climb,3.9821614520584245,3.96572741406355,0.006025943722660417,0.7002359023706147,True
multicopter,hover_climb,3.9821614520584245,3.9482658877117474,0.006032195134701447,1.445960184008342,True
multicopter,hover_climb,3.9821614520584245,3.9289334594804033,0.006039156299909853,2.2736516927880817,True
multicopter,hover_climb,3.9821614520584245,3.9115591381268584,0.0060454485833973,3.0193759744258086,True
multicopter,hover_climb,3.9821614520584245,3.8995599200018405,0.006049814404966445,3.5354331892350452,True
multicopter,hover_climb,3.9821614520584245,3.895282237750013,0.006051374819342037,3.719611876796424,True
multicopter,hover_descent,2.940769410323635,2.876610350248594,0.004468853956166186,3.719611876796424,True
multicopter,hover_descent,2.940769410323635,2.87976935755272,0.004467701612415584,3.9690123457087143,True
multicopter,hover_descent,2.940769410323635,2.888630608919515,0.004464477515483292,4.667816930881483,True
multicopter,hover_descent,2.940769410323635,2.9014612973224745,0.00445983075391329,5.6776188139454495,True
multicopter,hover_descent,2.940769410323635,2.915738019714186,0.004454690032736726,6.798414347552427,True
multicopter,hover_descent,2.940769410323635,2.928633107764018,0.0044500734541467035,7.808216230616394,True
multicopter,hover_descent,2.940769410323635,2.93757466416352,0.004446886995328678,8.507020815789163,True
multicopter,hover_descent,2.940769410323635,2.9407694105646103,0.004445751402312424,8.756421284701453,True
