eVTOL_type,mission_segment,altitude_ft,air_speed_mph,pitch_angle_deg,range_nmi,time_min,fesibility
multicopter,hover_climb,0.0,5.547364128047049,0.0,0.0,0.0,True
multicopter,hover_climb,74.27334907318564,5.547364128047049,0.0,0.0,0.15214709380800023,True
multicopter,hover_climb,282.3826486059498,5.547364128047049,0.0,0.0,0.5784537773416747,True
multicopter,hover_climb,583.1092995327641,5.547364128047049,0.0,0.0,1.1944847836188135,True
multicopter,hover_climb,916.8907004672358,5.547364128047049,0.0,0.0,1.8782276167217429,True
multicopter,hover_climb,1217.61735139405,5.547364128047049,0.0,0.0,2.494258622998882,True
multicopter,hover_climb,1425.7266509268143,5.547364128047049,0.0,0.0,2.9205653065325565,True
multicopter,hover_climb,1500.0,5.547364128047049,0.0,0.0,3.072712400340557,True
multicopter,hover_descent,1500.0,3.1854035843487183,0.0,0.0,3.072712400340557,True
multicopter,hover_descent,1425.7266509268143,3.1854035843487183,0.0,0.0,3.3376757897597584,True
multicopter,hover_descent,1217.6173513940503,3.1854035843487183,0.0,0.0,4.080086709180171,True
multicopter,hover_descent,916.890700467236,3.1854035843487183,0.0,0.0,5.1529015709381785,True
multicopter,hover_descent,583.1092995327642,3.1854035843487183,0.0,0.0,6.3436362344517665,True
multicopter,hover_descent,282.38264860594995,3.1854035843487183,0.0,0.0,7.416451096209772,True
multicopter,hover_descent,74.27334907318571,3.1854035843487183,0.0,0.0,8.158862015630186,True
multicopter,hover_descent,-0.0,3.1854035843487183,0.0,0.0,8.423825405049389,True
