eVTOL_type,mission_segment,altitude_ft,air_speed_mph,pitch_angle_deg,range_nmi,time_min,fesibility
multicopter,hover_climb,0.0,4.352910401350101,0.0,0.0,0.0,True
multicopter,hover_climb,74.27334907318564,4.352910401350101,0.0,0.0,0.19389678457781473,True
multicopter,hover_climb,282.3826486059498,4.352910401350101,0.0,0.0,0.7371835021376154,True
multicopter,hover_climb,583.1092995327641,4.352910401350101,0.0,0.0,1.5222555552923507,True
multicopter,hover_climb,916.8907004672358,4.352910401350101,0.0,0.0,2.393619795637849,True
multicopter,hover_climb,1217.61735139405,4.352910401350101,0.0,0.0,3.1786918487925844,True
multicopter,hover_climb,1425.7266509268143,4.352910401350101,0.0,0.0,3.721978566352385,True
multicopter,hover_climb,1500.0,4.352910401350101,0.0,0.0,3.9158753509302002,True
multicopter,hover_descent,1500.0,3.3203911591622113,0.0,0.0,3.9158753509302002,True
multicopter,hover_descent,1425.7266509268143,3.3203911591622113,0.0,0.0,4.1700668873846185,True
multicopter,hover_descent,1217.6173513940503,3.3203911591622113,0.0,0.0,4.882295745498465,True
multicopter,hover_descent,916.890700467236,3.3203911591622113,0.0,0.0,5.911496265008576,True
multicopter,hover_descent,583.1092995327642,3.3203911591622113,0.0,0.0,7.053822660709941,True
multicopter,hover_descent,282.38264860594995,3.3203911591622113,0.0,0.0,8.083023180220051,True
multicopter,hover_descent,74.27334907318571,3.3203911591622113,0.0,0.0,8.7952520383339,True
multicopter,hover_descent,-0.0,3.3203911591622113,0.0,0.0,9.049443574788317,True
