eVTOL_type,mission_segment,altitude_ft,air_speed_mph,pitch_angle_deg,range_nmi,time_min,fesibility
multicopter,hover_climb,0.0,4.922517329064898,0.0,0.0,0.0,True
multicopter,hover_climb,74.27334907318564,4.922517329064898,0.0,0.0,0.17146010342993398,True
multicopter,hover_climb,282.3826486059498,4.922517329064898,0.0,0.0,0.6518806374152666,True
multicopter,hover_climb,583.1092995327641,4.922517329064898,0.0,0.0,1.3461084232290144,True
multicopter,hover_climb,916.8907004672358,4.922517329064898,0.0,0.0,2.1166431337457126,True
multicopter,hover_climb,1217.61735139405,4.922517329064898,0.0,0.0,2.81087091955946,True
multicopter,hover_climb,1425.7266509268143,4.922517329064898,0.0,0.0,3.291291453544793,True
multicopter,hover_climb,1500.0,4.922517329064898,0.0,0.0,3.4627515569747267,True
multicopter,hover_descent,1500.0,3.1297755652207337,0.0,0.0,3.4627515569747267,True
multicopter,hover_descent,1425.7266509268143,3.1297755652207337,0.0,0.0,3.7324243538858317,True
multicopter,hover_descent,1217.6173513940503,3.1297755652207337,0.0,0.0,4.488030739871092,True
multicopter,hover_descent,916.890700467236,3.1297755652207337,0.0,0.0,5.579913603281941,True
multicopter,hover_descent,583.1092995327642,3.1297755652207337,0.0,0.0,6.791812151955332,True
multicopter,hover_descent,282.38264860594995,3.1297755652207337,0.0,0.0,7.883695015366183,True
multicopter,hover_descent,74.27334907318571,3.1297755652207337,0.0,0.0,8.639301401351442,True
multicopter,hover_descent,-0.0,3.1297755652207337,0.0,0.0,8.908974198262547,True
