eVTOL_type,mission_segment,velocity_kts,equivalent_airspeed_kts,Mach,time_min,fesibility
multicopter,hover_climb,3.6868598499113343,3.6868598502134464,0.005573664596187722,0.0,True
multicopter,hover_climb,3.6868598499113343,3.682854577921277,0.005575088295809586,0.19893060755083292,True
multicopter,hover_climb,3.6868598499113343,3.6716444962435664,0.0055790831779102806,0.7563217836540945,True
multicopter,hover_climb,3.6868598499113343,3.6554778487583546,0.0055848710095531716,1.5617753699283692,True
multicopter,hover_climb,3.6868598499113343,3.6375790381989304,0.005591315961829582,2.4557614053720602,True
multicopter,hover_climb,3.6868598499113343,3.621493128928544,0.005597141634051419,3.261214991646334,True
multicopter,hover_climb,3.6868598499113343,3.610383726141124,0.005601183703276622,3.818606167749596,True
multicopter,hover_climb,3.6868598499113343,3.6064232601643385,0.00560262840339234,4.01753677530043,True
multicopter,hover_descent,2.8177793103896986,2.7563035376144356,0.0042819556591662325,4.01753677530043,True
multicopter,hover_descent,2.8177793103896986,2.759330427581288,0.004280851509222511,4.277823046547201,True
multicopter,hover_descent,2.8177793103896986,2.7678210799520127,0.004277762251833404,5.007128972065464,True
multicopter,hover_descent,2.8177793103896986,2.780115157887194,0.004273309829087745,6.061006568956126,True
multicopter,hover_descent,2.8177793103896986,2.7937947931671037,0.004268384105322749,7.230722454194462,True
multicopter,hover_descent,2.8177793103896986,2.806150577399935,0.004263960603231736,8.284600051085121,True
multicopter,hover_descent,2.8177793103896986,2.8147181762523816,0.004260907409839788,9.013905976603386,True
multicopter,hover_descent,2.8177793103896986,2.8177793106205957,0.004259819310074132,9.274192247850158,True
